{"type":"FeatureCollection","features":[{"type":"Feature","properties":{"k":"golf","n":"Star Dome Golf Course"},"geometry":{"type":"MultiPolygon","coordinates":[[[[98.971694,18.780749],[98.971937,18.780801],[98.971946,18.780838],[98.971705,18.780874],[98.971641,18.780831],[98.971655,18.780765],[98.971694,18.780749]]],[[[98.967542,18.78039],[98.967801,18.779638],[98.968059,18.779542],[98.968069,18.779272],[98.968329,18.779271],[98.968354,18.779548],[98.968679,18.779807],[98.969872,18.779872],[98.970284,18.779615],[98.970616,18.779559],[98.971365,18.779544],[98.971605,18.779629],[98.97167,18.779747],[98.971707,18.779971],[98.971763,18.780093],[98.971819,18.780169],[98.971939,18.780215],[98.97359,18.7802],[98.973596,18.780575],[98.97495,18.780515],[98.974965,18.780982],[98.9741,18.781026],[98.974095,18.781189],[98.974261,18.78134],[98.975,18.781272],[98.975017,18.781453],[98.974495,18.781656],[98.974437,18.781791],[98.974544,18.782022],[98.975164,18.781822],[98.97568,18.781775],[98.975924,18.783798],[98.97589,18.784138],[98.975665,18.784177],[98.975667,18.784813],[98.975358,18.785504],[98.974952,18.786125],[98.974081,18.78615],[98.973973,18.786215],[98.973888,18.786475],[98.973458,18.786395],[98.972852,18.78641],[98.972777,18.786261],[98.97278,18.784981],[98.972737,18.784358],[98.972979,18.784314],[98.973183,18.783219],[98.973033,18.782358],[98.972973,18.781493],[98.971045,18.781532],[98.970654,18.781596],[98.969998,18.78112],[98.96902,18.780792],[98.968813,18.780653],[98.968411,18.780623],[98.968202,18.780793],[98.967945,18.780873],[98.967642,18.780896],[98.967528,18.780808],[98.967542,18.78039]],[[98.970287,18.780365],[98.970337,18.780492],[98.970397,18.780514],[98.97053,18.780485],[98.970688,18.78052],[98.970863,18.780589],[98.971115,18.780774],[98.971369,18.780881],[98.971488,18.781079],[98.971563,18.781109],[98.971691,18.781051],[98.971828,18.781033],[98.972383,18.781025],[98.972555,18.781064],[98.972638,18.781038],[98.97304,18.781058],[98.973083,18.78102],[98.973089,18.780921],[98.973054,18.780878],[98.97263,18.780896],[98.972134,18.780604],[98.971831,18.780624],[98.971691,18.780594],[98.971581,18.780528],[98.971276,18.780507],[98.97112,18.780403],[98.971115,18.78034],[98.971294,18.780058],[98.971278,18.779969],[98.971069,18.779791],[98.970879,18.779781],[98.97072,18.77985],[98.970621,18.779931],[98.970506,18.780149],[98.970399,18.780281],[98.970287,18.780365]],[[98.970173,18.780399],[98.969985,18.780406],[98.96969,18.780358],[98.969221,18.780396],[98.968671,18.780292],[98.968658,18.780383],[98.968953,18.780411],[98.9692,18.780525],[98.969476,18.780485],[98.970103,18.780612],[98.970303,18.78056],[98.970314,18.780525],[98.970226,18.780417],[98.970173,18.780399]],[[98.968505,18.78037],[98.968575,18.780373],[98.968585,18.780307],[98.96828,18.780187],[98.968255,18.780129],[98.968304,18.779837],[98.968272,18.779801],[98.968199,18.779789],[98.968027,18.779824],[98.967993,18.779862],[98.96796,18.780111],[98.967952,18.780571],[98.967987,18.780634],[98.968044,18.780685],[98.968172,18.780708],[98.968301,18.780584],[98.96828,18.780411],[98.968304,18.780368],[98.968441,18.780347],[98.968505,18.78037]]]]}},{"type":"Feature","properties":{"k":"park","n":"ลานกิจกรรม"},"geometry":{"type":"Polygon","coordinates":[[[98.98576,18.808096],[98.985601,18.808082],[98.985604,18.808005],[98.985667,18.80801],[98.985675,18.807939],[98.98573,18.807938],[98.985743,18.807795],[98.986071,18.807827],[98.986126,18.807905],[98.986147,18.808125],[98.985953,18.808122],[98.985919,18.808343],[98.986141,18.808368],[98.986134,18.808429],[98.98583,18.808402],[98.985863,18.808212],[98.98575,18.8082],[98.98576,18.808096]]]}},{"type":"Feature","properties":{"k":"park","n":"G's Park"},"geometry":{"type":"Polygon","coordinates":[[[98.990474,18.771138],[98.990842,18.771179],[98.991347,18.771379],[98.992157,18.771833],[98.991771,18.772949],[98.991121,18.772679],[98.991207,18.772527],[98.991221,18.77226],[98.991028,18.771963],[98.990834,18.771847],[98.990445,18.771868],[98.990474,18.771138]]]}},{"type":"Feature","properties":{"k":"park","n":"G's Park"},"geometry":{"type":"Polygon","coordinates":[[[98.992193,18.77173],[98.991333,18.771238],[98.990818,18.771085],[98.990867,18.770775],[98.991188,18.770865],[98.991397,18.770209],[98.991655,18.77038],[98.992035,18.770548],[98.992388,18.770624],[98.99245,18.770623],[98.992665,18.770478],[98.992797,18.770542],[98.992507,18.77078],[98.992193,18.77173]],[[98.99172,18.771373],[98.991691,18.771435],[98.991833,18.771493],[98.991862,18.771431],[98.99172,18.771373]],[[98.991604,18.770435],[98.991669,18.770471],[98.991693,18.770432],[98.991629,18.770396],[98.991604,18.770435]],[[98.991795,18.770521],[98.991856,18.770555],[98.991878,18.770521],[98.991816,18.770487],[98.991795,18.770521]],[[98.991972,18.770602],[98.992023,18.770614],[98.992033,18.77057],[98.991982,18.770559],[98.991972,18.770602]],[[98.992111,18.770635],[98.992192,18.770648],[98.992197,18.770618],[98.992116,18.770605],[98.992111,18.770635]]]}},{"type":"Feature","properties":{"k":"park","n":"Suan Sak"},"geometry":{"type":"Polygon","coordinates":[[[98.953117,18.803904],[98.953287,18.803821],[98.953419,18.803817],[98.953569,18.803852],[98.953725,18.803947],[98.954421,18.805083],[98.954423,18.805353],[98.951975,18.806561],[98.951614,18.806113],[98.951837,18.805601],[98.951477,18.80521],[98.950913,18.805391],[98.950717,18.805294],[98.950551,18.805084],[98.951353,18.804737],[98.9514,18.804829],[98.952039,18.804534],[98.951984,18.804441],[98.952168,18.804352],[98.952195,18.804401],[98.952431,18.804286],[98.952406,18.80423],[98.952538,18.804176],[98.952563,18.804228],[98.952764,18.804125],[98.952746,18.80408],[98.952859,18.804029],[98.952881,18.804071],[98.953137,18.803947],[98.953117,18.803904]]]}},{"type":"Feature","properties":{"k":"forest","n":"Choeng Doi Suthep Wildlife and Nature Education Center"},"geometry":{"type":"Polygon","coordinates":[[[98.94514,18.778436],[98.948875,18.780308],[98.949183,18.78082],[98.949167,18.781358],[98.949107,18.781952],[98.949253,18.782392],[98.950819,18.784863],[98.94869,18.785695],[98.94541,18.786318],[98.943208,18.7858],[98.942684,18.783315],[98.94514,18.778436]]]}},{"type":"Feature","properties":{"k":"park"},"geometry":{"type":"Polygon","coordinates":[[[99.037072,18.735739],[99.036942,18.736118],[99.036826,18.736289],[99.036672,18.736452],[99.036487,18.736547],[99.036319,18.736569],[99.036095,18.736547],[99.035929,18.736456],[99.035768,18.736288],[99.03571,18.736117],[99.035717,18.735885],[99.035796,18.735713],[99.035983,18.73554],[99.03624,18.73546],[99.036598,18.735482],[99.037029,18.735643],[99.037072,18.735739]],[[99.036537,18.736241],[99.036684,18.736218],[99.03677,18.736094],[99.036765,18.735974],[99.036684,18.735697],[99.036727,18.735682],[99.036942,18.735771],[99.036952,18.735664],[99.036893,18.735626],[99.036507,18.735575],[99.03636,18.735736],[99.036121,18.735769],[99.035946,18.735865],[99.035912,18.735936],[99.035917,18.736033],[99.036105,18.736345],[99.036217,18.736373],[99.036413,18.736241],[99.036537,18.736241]]]}},{"type":"Feature","properties":{"k":"forest"},"geometry":{"type":"Polygon","coordinates":[[[98.926877,18.766948],[98.92707,18.766986],[98.927494,18.767296],[98.92776,18.76739],[98.928908,18.767443],[98.928924,18.767478],[98.928127,18.769114],[98.927853,18.769741],[98.925002,18.769388],[98.924705,18.767618],[98.923779,18.766836],[98.924214,18.766554],[98.924428,18.7663],[98.925206,18.766945],[98.925485,18.766894],[98.925747,18.76694],[98.926359,18.766874],[98.926679,18.766894],[98.926877,18.766948]]]}},{"type":"Feature","properties":{"k":"forest"},"geometry":{"type":"Polygon","coordinates":[[[99.010302,18.756999],[99.011099,18.757264],[99.011127,18.757196],[99.01229,18.757609],[99.012513,18.757128],[99.012876,18.756548],[99.013675,18.756857],[99.013773,18.756946],[99.013813,18.757083],[99.013773,18.757175],[99.013628,18.757218],[99.013531,18.75734],[99.013193,18.758922],[99.00961,18.758383],[99.009829,18.757005],[99.0099,18.756951],[99.009971,18.757004],[99.010302,18.756999]]]}},{"type":"Feature","properties":{"k":"park","n":"Kanchanpisek Park"},"geometry":{"type":"Polygon","coordinates":[[[98.978051,18.781296],[98.977882,18.781264],[98.977649,18.781114],[98.977519,18.780881],[98.977324,18.7788],[98.977411,18.778556],[98.977397,18.778205],[98.977816,18.778176],[98.978051,18.781296]]]}},{"type":"Feature","properties":{"k":"rural"},"geometry":{"type":"Polygon","coordinates":[[[98.993409,18.790444],[98.993406,18.790361],[98.993644,18.790353],[98.993647,18.790436],[98.993409,18.790444]]]}},{"type":"Feature","properties":{"k":"park"},"geometry":{"type":"Polygon","coordinates":[[[98.993484,18.790814],[98.993463,18.790564],[98.993633,18.790555],[98.993646,18.790795],[98.993609,18.790765],[98.993524,18.790768],[98.993484,18.790814]]]}},{"type":"Feature","properties":{"k":"park","n":"Nong Buak Haad Park"},"geometry":{"type":"Polygon","coordinates":[[[98.98044,18.782845],[98.980088,18.782768],[98.978053,18.78212],[98.978092,18.781913],[98.978155,18.781845],[98.97839,18.781798],[98.980491,18.781732],[98.98044,18.782845]]]}},{"type":"Feature","properties":{"k":"park","n":"Thapae Gate"},"geometry":{"type":"Polygon","coordinates":[[[98.993544,18.788435],[98.993307,18.788443],[98.993217,18.786874],[98.99316,18.786876],[98.993152,18.786724],[98.993298,18.786769],[98.993353,18.786752],[98.993379,18.786703],[98.993425,18.786699],[98.993436,18.786829],[98.993509,18.786969],[98.993389,18.787007],[98.993469,18.78728],[98.993588,18.787248],[98.993683,18.787614],[98.993677,18.787692],[98.99353,18.788013],[98.993544,18.788435]]]}},{"type":"Feature","properties":{"k":"park"},"geometry":{"type":"Polygon","coordinates":[[[99.010016,18.754899],[99.010066,18.754567],[99.01012,18.754613],[99.01007,18.75491],[99.010016,18.754899]]]}},{"type":"Feature","properties":{"k":"golf","n":"Lanna Golf Club"},"geometry":{"type":"Polygon","coordinates":[[[98.965601,18.823553],[98.967153,18.823047],[98.967708,18.822721],[98.968717,18.822386],[98.969641,18.822567],[98.971562,18.822652],[98.972061,18.82272],[98.9723,18.823107],[98.972238,18.823616],[98.973051,18.823513],[98.973588,18.823615],[98.973674,18.82398],[98.972118,18.825747],[98.972093,18.825946],[98.972177,18.826179],[98.972402,18.826285],[98.972742,18.826261],[98.972974,18.826612],[98.976271,18.824949],[98.976655,18.824892],[98.977077,18.824982],[98.977325,18.825172],[98.977542,18.825448],[98.977643,18.825729],[98.977674,18.826118],[98.977557,18.826541],[98.97737,18.826782],[98.97684,18.827082],[98.976943,18.827288],[98.977403,18.82767],[98.978008,18.827413],[98.978493,18.827647],[98.978643,18.827952],[98.978259,18.828825],[98.977249,18.830883],[98.976252,18.833399],[98.975772,18.833259],[98.97551,18.833399],[98.975278,18.833647],[98.974892,18.834291],[98.974649,18.83444],[98.973899,18.834526],[98.972551,18.833094],[98.970509,18.831326],[98.969625,18.830657],[98.967328,18.829937],[98.965067,18.827947],[98.964987,18.827812],[98.965017,18.827588],[98.965802,18.826543],[98.965938,18.826182],[98.965949,18.825757],[98.965601,18.823553]]]}},{"type":"Feature","properties":{"k":"rural"},"geometry":{"type":"Polygon","coordinates":[[[99.035307,18.791455],[99.035378,18.792138],[99.035344,18.792482],[99.035253,18.79259],[99.034593,18.792811],[99.034318,18.793089],[99.034065,18.793465],[99.033984,18.793477],[99.033161,18.793176],[99.032424,18.793182],[99.031989,18.79301],[99.03161,18.793011],[99.031408,18.792923],[99.031327,18.792922],[99.031075,18.792549],[99.030738,18.792448],[99.030561,18.792303],[99.030671,18.791839],[99.031171,18.790259],[99.031943,18.790411],[99.032128,18.790007],[99.033223,18.790015],[99.033295,18.7901],[99.03347,18.790118],[99.033501,18.790213],[99.034076,18.790246],[99.034142,18.789966],[99.034664,18.78986],[99.035183,18.790816],[99.035307,18.791455]]]}},{"type":"Feature","properties":{"k":"park","n":"Huay Kaew Arboretum"},"geometry":{"type":"Polygon","coordinates":[[[98.948919,18.809909],[98.949704,18.809066],[98.94988,18.808785],[98.950156,18.808566],[98.950355,18.808242],[98.951484,18.807484],[98.95149,18.80716],[98.951422,18.806472],[98.951469,18.806432],[98.951944,18.806874],[98.951993,18.807349],[98.952671,18.808729],[98.952915,18.809162],[98.952473,18.809424],[98.951717,18.80973],[98.950424,18.810174],[98.94916,18.810538],[98.948937,18.81003],[98.948919,18.809909]]]}},{"type":"Feature","properties":{"k":"park"},"geometry":{"type":"Polygon","coordinates":[[[99.007323,18.77961],[99.006917,18.779367],[99.007102,18.778932],[99.007428,18.777762],[99.00778,18.777789],[99.007658,18.778436],[99.007424,18.779339],[99.007323,18.77961]]]}},{"type":"Feature","properties":{"k":"pitch"},"geometry":{"type":"Polygon","coordinates":[[[98.989248,18.80161],[98.989185,18.801373],[98.988977,18.801418],[98.988712,18.800479],[98.988908,18.800435],[98.98885,18.800241],[98.988954,18.800214],[98.988969,18.800272],[98.989072,18.800142],[98.989221,18.800069],[98.989378,18.800051],[98.989511,18.800076],[98.989694,18.800202],[98.989816,18.800519],[98.990013,18.800466],[98.990126,18.800887],[98.989933,18.800937],[98.989995,18.801247],[98.989949,18.801409],[98.989881,18.801499],[98.989783,18.80157],[98.989665,18.801597],[98.989443,18.801603],[98.989331,18.801551],[98.989342,18.801588],[98.989248,18.80161]]]}},{"type":"Feature","properties":{"k":"golf","n":"Chiang Mai Gymkhana Golf Club"},"geometry":{"type":"Polygon","coordinates":[[[99.007972,18.775511],[99.007985,18.774899],[99.007901,18.774426],[99.007582,18.773318],[99.007602,18.772841],[99.00767,18.772483],[99.007922,18.772224],[99.008397,18.771849],[99.008838,18.770741],[99.009194,18.770493],[99.009852,18.769912],[99.009902,18.770014],[99.010079,18.770199],[99.010472,18.770332],[99.010414,18.770496],[99.010729,18.77058],[99.010778,18.770407],[99.011322,18.770481],[99.011447,18.770529],[99.011513,18.770806],[99.011562,18.771572],[99.011565,18.771973],[99.011518,18.772331],[99.011164,18.772953],[99.010768,18.773541],[99.01016,18.774284],[99.009593,18.774797],[99.008963,18.775181],[99.008179,18.775581],[99.008051,18.775596],[99.007972,18.775511]]]}},{"type":"Feature","properties":{"k":"rural"},"geometry":{"type":"Polygon","coordinates":[[[98.995166,18.801969],[98.995255,18.801945],[98.994745,18.803712],[98.994693,18.803982],[98.994762,18.804456],[98.994871,18.804917],[98.994801,18.80502],[98.993907,18.805236],[98.993649,18.802547],[98.993723,18.802371],[98.995166,18.801969]]]}},{"type":"Feature","properties":{"k":"rural"},"geometry":{"type":"Polygon","coordinates":[[[98.9956,18.801869],[98.99605,18.803588],[98.994877,18.803763],[98.995372,18.80192],[98.9956,18.801869]]]}},{"type":"Feature","properties":{"k":"pitch"},"geometry":{"type":"Polygon","coordinates":[[[99.0233,18.768362],[99.023115,18.768286],[99.023032,18.768207],[99.022992,18.768111],[99.023101,18.767217],[99.023142,18.767123],[99.023289,18.766986],[99.023415,18.766958],[99.023555,18.76697],[99.023732,18.767105],[99.02378,18.767202],[99.023684,18.768129],[99.023638,18.768223],[99.023555,18.768301],[99.023464,18.768344],[99.0233,18.768362]]]}},{"type":"Feature","properties":{"k":"park","n":"700 year park"},"geometry":{"type":"Polygon","coordinates":[[[99.032524,18.752976],[99.033258,18.753286],[99.033417,18.753396],[99.033554,18.753592],[99.03361,18.753769],[99.03354,18.754104],[99.033462,18.754241],[99.033358,18.75435],[99.033216,18.754437],[99.033057,18.754493],[99.032848,18.754511],[99.032561,18.754422],[99.032416,18.754315],[99.032269,18.754058],[99.032234,18.753815],[99.032524,18.752976]]]}},{"type":"Feature","properties":{"k":"pitch"},"geometry":{"type":"Polygon","coordinates":[[[98.96041,18.841278],[98.960479,18.840581],[98.960754,18.840606],[98.960763,18.84051],[98.960958,18.840527],[98.960949,18.840615],[98.9612,18.840637],[98.961129,18.841352],[98.960854,18.841328],[98.960843,18.841432],[98.960654,18.841415],[98.960665,18.841301],[98.96041,18.841278]]]}},{"type":"Feature","properties":{"k":"pitch"},"geometry":{"type":"Polygon","coordinates":[[[98.961367,18.841376],[98.961442,18.840674],[98.961605,18.84069],[98.961616,18.840586],[98.961807,18.840604],[98.961795,18.840716],[98.961955,18.840731],[98.961881,18.841413],[98.96174,18.8414],[98.961729,18.841503],[98.961514,18.841482],[98.961524,18.841391],[98.961367,18.841376]]]}},{"type":"Feature","properties":{"k":"forest"},"geometry":{"type":"Polygon","coordinates":[[[98.948317,18.739225],[98.948607,18.739424],[98.947727,18.740394],[98.94763,18.740424],[98.947324,18.740247],[98.948317,18.739225]]]}},{"type":"Feature","properties":{"k":"pitch"},"geometry":{"type":"Polygon","coordinates":[[[98.930816,18.745835],[98.931139,18.745828],[98.931147,18.74615],[98.930824,18.746158],[98.930816,18.745835]]]}},{"type":"Feature","properties":{"k":"pitch"},"geometry":{"type":"Polygon","coordinates":[[[98.967588,18.776103],[98.967586,18.775534],[98.968631,18.77553],[98.968633,18.776099],[98.967588,18.776103]]]}},{"type":"Feature","properties":{"k":"pitch"},"geometry":{"type":"Polygon","coordinates":[[[98.969675,18.776995],[98.969678,18.776639],[98.970042,18.776641],[98.970039,18.776997],[98.969675,18.776995]]]}},{"type":"Feature","properties":{"k":"pitch"},"geometry":{"type":"Polygon","coordinates":[[[98.967737,18.777489],[98.967545,18.777418],[98.967399,18.777271],[98.967333,18.777044],[98.967394,18.776831],[98.967507,18.776697],[98.967742,18.776586],[98.968649,18.776577],[98.968893,18.776648],[98.969024,18.776791],[98.969081,18.776986],[98.969034,18.777227],[98.968883,18.777382],[98.968644,18.777462],[98.967737,18.777489]]]}},{"type":"Feature","properties":{"k":"pitch"},"geometry":{"type":"Polygon","coordinates":[[[98.955384,18.805751],[98.955676,18.807],[98.954537,18.807357],[98.954102,18.806146],[98.955384,18.805751]]]}},{"type":"Feature","properties":{"k":"pitch"},"geometry":{"type":"Polygon","coordinates":[[[98.956556,18.838136],[98.956592,18.838076],[98.95719,18.838127],[98.957204,18.838222],[98.957124,18.839085],[98.957086,18.839146],[98.956459,18.839085],[98.956556,18.838136]]]}},{"type":"Feature","properties":{"k":"pitch"},"geometry":{"type":"Polygon","coordinates":[[[98.959135,18.839298],[98.959815,18.839365],[98.959711,18.840315],[98.959031,18.840248],[98.959135,18.839298]]]}},{"type":"Feature","properties":{"k":"park"},"geometry":{"type":"Polygon","coordinates":[[[98.957537,18.839948],[98.957542,18.839628],[98.957607,18.839283],[98.958095,18.839461],[98.958036,18.83971],[98.958031,18.839908],[98.957537,18.839948]]]}},{"type":"Feature","properties":{"k":"pitch"},"geometry":{"type":"Polygon","coordinates":[[[98.961986,18.841463],[98.962059,18.840766],[98.963168,18.84087],[98.963095,18.841568],[98.961986,18.841463]]]}},{"type":"Feature","properties":{"k":"park"},"geometry":{"type":"Polygon","coordinates":[[[98.964699,18.840643],[98.964841,18.841217],[98.964859,18.841385],[98.964823,18.841594],[98.964678,18.84174],[98.964026,18.84214],[98.964005,18.842107],[98.964279,18.841925],[98.964326,18.841504],[98.964393,18.841504],[98.964393,18.841448],[98.964208,18.841434],[98.96425,18.841009],[98.963779,18.840967],[98.963749,18.840948],[98.96376,18.840771],[98.96406,18.840793],[98.964077,18.840654],[98.964272,18.840626],[98.964382,18.840562],[98.964468,18.840415],[98.964634,18.840382],[98.964699,18.840643]]]}},{"type":"Feature","properties":{"k":"park"},"geometry":{"type":"Polygon","coordinates":[[[98.955392,18.84573],[98.955713,18.845558],[98.956207,18.845614],[98.956186,18.846345],[98.955671,18.846324],[98.955392,18.84573]]]}},{"type":"Feature","properties":{"k":"forest"},"geometry":{"type":"Polygon","coordinates":[[[98.955252,18.834419],[98.955327,18.834358],[98.955745,18.834267],[98.955906,18.835201],[98.956089,18.8358],[98.95625,18.835759],[98.95625,18.835201],[98.956081,18.834792],[98.955928,18.834267],[98.95773,18.83383],[98.957783,18.833891],[98.95729,18.834114],[98.95744,18.834358],[98.957826,18.834439],[98.958491,18.834277],[98.959114,18.834246],[98.959283,18.834369],[98.962406,18.833394],[98.962979,18.833333],[98.96303,18.8336],[98.961892,18.833759],[98.961603,18.83383],[98.960476,18.834449],[98.960315,18.834724],[98.959478,18.83515],[98.95936,18.835038],[98.957773,18.836125],[98.957333,18.836226],[98.957032,18.836216],[98.956754,18.836074],[98.956411,18.836298],[98.955121,18.836095],[98.95513,18.835879],[98.954424,18.835858],[98.954638,18.835537],[98.955141,18.835546],[98.954942,18.835012],[98.955252,18.834419]]]}},{"type":"Feature","properties":{"k":"park"},"geometry":{"type":"Polygon","coordinates":[[[98.962942,18.839523],[98.962955,18.839334],[98.963046,18.839242],[98.963838,18.83952],[98.963842,18.839607],[98.962942,18.839523]]]}},{"type":"Feature","properties":{"k":"park"},"geometry":{"type":"Polygon","coordinates":[[[98.961858,18.840253],[98.963667,18.840419],[98.963645,18.840719],[98.961831,18.840547],[98.961858,18.840253]]]}},{"type":"Feature","properties":{"k":"park"},"geometry":{"type":"Polygon","coordinates":[[[98.960166,18.840522],[98.960391,18.840542],[98.960359,18.840918],[98.960305,18.840913],[98.9603,18.840831],[98.960246,18.840786],[98.960149,18.840745],[98.960058,18.84075],[98.96001,18.840674],[98.960166,18.840522]]]}},{"type":"Feature","properties":{"k":"park"},"geometry":{"type":"Polygon","coordinates":[[[98.960985,18.840153],[98.961609,18.840216],[98.961573,18.840529],[98.960949,18.840466],[98.960985,18.840153]]]}},{"type":"Feature","properties":{"k":"park"},"geometry":{"type":"Polygon","coordinates":[[[98.960401,18.840079],[98.960764,18.840117],[98.960725,18.840452],[98.960362,18.840415],[98.960401,18.840079]]]}},{"type":"Feature","properties":{"k":"pitch"},"geometry":{"type":"Polygon","coordinates":[[[98.963245,18.840866],[98.963545,18.8409],[98.963486,18.841368],[98.963187,18.841335],[98.963245,18.840866]]]}},{"type":"Feature","properties":{"k":"forest"},"geometry":{"type":"Polygon","coordinates":[[[98.962306,18.842191],[98.963562,18.842324],[98.962392,18.843065],[98.962306,18.842791],[98.962306,18.842191]]]}},{"type":"Feature","properties":{"k":"forest"},"geometry":{"type":"Polygon","coordinates":[[[98.957784,18.841634],[98.958567,18.841644],[98.958449,18.841816],[98.957966,18.841837],[98.957784,18.841634]]]}},{"type":"Feature","properties":{"k":"forest"},"geometry":{"type":"Polygon","coordinates":[[[98.960327,18.842035],[98.960713,18.842065],[98.960477,18.843568],[98.960273,18.843548],[98.96037,18.84305],[98.959949,18.842994],[98.959874,18.843502],[98.959286,18.843395],[98.959747,18.842969],[98.959941,18.842877],[98.960037,18.842766],[98.960327,18.842035]]]}},{"type":"Feature","properties":{"k":"rural"},"geometry":{"type":"Polygon","coordinates":[[[99.05252,18.75495],[99.052376,18.755044],[99.052184,18.755275],[99.051919,18.75541],[99.051751,18.755108],[99.051724,18.754981],[99.051874,18.754809],[99.051843,18.754237],[99.052367,18.754247],[99.052386,18.754003],[99.052488,18.753835],[99.052555,18.753434],[99.052526,18.753157],[99.052848,18.753132],[99.052848,18.753023],[99.053172,18.753183],[99.053239,18.753025],[99.053406,18.753218],[99.05344,18.753442],[99.053355,18.753431],[99.053285,18.753365],[99.053162,18.753332],[99.053001,18.75335],[99.052593,18.753858],[99.052504,18.754211],[99.05252,18.75495]]]}},{"type":"Feature","properties":{"k":"rural"},"geometry":{"type":"Polygon","coordinates":[[[99.053561,18.753576],[99.054028,18.75348],[99.054044,18.753535],[99.054194,18.753576],[99.054414,18.75353],[99.054446,18.753469],[99.054602,18.753439],[99.054634,18.753485],[99.054827,18.753414],[99.054848,18.753612],[99.054725,18.753678],[99.05465,18.753607],[99.054706,18.754023],[99.054511,18.754196],[99.053947,18.754435],[99.053684,18.754597],[99.053625,18.754546],[99.053459,18.754236],[99.053459,18.754104],[99.053507,18.753982],[99.053561,18.753576]]]}},{"type":"Feature","properties":{"k":"pitch"},"geometry":{"type":"Polygon","coordinates":[[[98.970063,18.76841],[98.970063,18.768085],[98.970418,18.768085],[98.970418,18.76841],[98.970063,18.76841]]]}},{"type":"Feature","properties":{"k":"rural"},"geometry":{"type":"Polygon","coordinates":[[[98.964151,18.7497],[98.96612,18.749685],[98.966131,18.749599],[98.967198,18.749706],[98.96781,18.749716],[98.967747,18.751449],[98.967044,18.751381],[98.96566,18.751305],[98.965614,18.750589],[98.965062,18.75066],[98.964677,18.750269],[98.96459,18.750311],[98.964151,18.7497]]]}},{"type":"Feature","properties":{"k":"rural"},"geometry":{"type":"Polygon","coordinates":[[[98.974634,18.760687],[98.975681,18.76055],[98.975728,18.760745],[98.976062,18.760931],[98.975809,18.761287],[98.975766,18.761134],[98.97532,18.761211],[98.975208,18.760804],[98.974875,18.760855],[98.974859,18.76082],[98.974645,18.76085],[98.974634,18.760687]]]}},{"type":"Feature","properties":{"k":"park"},"geometry":{"type":"Polygon","coordinates":[[[99.030937,18.766639],[99.030818,18.766629],[99.030984,18.766527],[99.031177,18.766303],[99.03138,18.765944],[99.031414,18.765525],[99.031374,18.765331],[99.032459,18.765526],[99.032409,18.765578],[99.0321,18.765679],[99.031753,18.765977],[99.031509,18.766245],[99.031076,18.766584],[99.030937,18.766639]]]}},{"type":"Feature","properties":{"k":"rural"},"geometry":{"type":"Polygon","coordinates":[[[99.02595,18.752002],[99.026218,18.752698],[99.026121,18.754259],[99.026035,18.754549],[99.026094,18.754898],[99.025836,18.755153],[99.025598,18.755477],[99.024464,18.755455],[99.023597,18.755325],[99.023298,18.755318],[99.023114,18.755268],[99.023349,18.754277],[99.023705,18.75373],[99.023526,18.753632],[99.024521,18.751395],[99.025859,18.751863],[99.02595,18.752002]]]}},{"type":"Feature","properties":{"k":"forest"},"geometry":{"type":"Polygon","coordinates":[[[99.023947,18.760027],[99.025489,18.759813],[99.025608,18.760154],[99.026568,18.760011],[99.026823,18.761445],[99.02802,18.761251],[99.028122,18.761581],[99.027875,18.761581],[99.027936,18.762095],[99.027479,18.762168],[99.02764,18.762716],[99.027607,18.763057],[99.027523,18.763163],[99.027436,18.762776],[99.026921,18.762893],[99.02677,18.762891],[99.026754,18.762714],[99.026416,18.762729],[99.026362,18.762064],[99.026244,18.761373],[99.025424,18.761332],[99.02559,18.760667],[99.025531,18.760316],[99.024522,18.760464],[99.024506,18.760286],[99.024066,18.760325],[99.024047,18.760206],[99.023954,18.76022],[99.023947,18.760027]]]}},{"type":"Feature","properties":{"k":"pitch"},"geometry":{"type":"Polygon","coordinates":[[[99.016497,18.79534],[99.016516,18.795159],[99.016784,18.795185],[99.01678,18.795221],[99.01682,18.795225],[99.016808,18.795337],[99.016768,18.795333],[99.016764,18.795366],[99.016497,18.79534]]]}},{"type":"Feature","properties":{"k":"pitch"},"geometry":{"type":"Polygon","coordinates":[[[99.007055,18.798511],[99.007149,18.798424],[99.007252,18.798386],[99.007466,18.798402],[99.007563,18.798463],[99.007667,18.798658],[99.007484,18.799576],[99.007367,18.799741],[99.007207,18.799796],[99.007113,18.799802],[99.006953,18.799752],[99.006829,18.799596],[99.006812,18.799523],[99.006997,18.798648],[99.007055,18.798511]]]}},{"type":"Feature","properties":{"k":"rural"},"geometry":{"type":"Polygon","coordinates":[[[99.050991,18.735875],[99.051864,18.735367],[99.054336,18.734238],[99.054332,18.734171],[99.054741,18.734013],[99.055084,18.734923],[99.055192,18.734892],[99.055267,18.73509],[99.055476,18.735024],[99.055567,18.735192],[99.056157,18.734979],[99.056286,18.735385],[99.056431,18.73571],[99.056222,18.735786],[99.05635,18.736086],[99.056474,18.736172],[99.055642,18.736625],[99.055315,18.736985],[99.055026,18.736704],[99.054567,18.735221],[99.054519,18.735221],[99.05454,18.734837],[99.052316,18.735809],[99.052566,18.736277],[99.051488,18.73682],[99.051286,18.736868],[99.051286,18.736569],[99.051227,18.736355],[99.050991,18.735875]]]}},{"type":"Feature","properties":{"k":"rural"},"geometry":{"type":"Polygon","coordinates":[[[99.052783,18.737774],[99.052332,18.737173],[99.052193,18.73727],[99.051994,18.736975],[99.052236,18.736838],[99.052751,18.73663],[99.052316,18.735809],[99.05454,18.734837],[99.054519,18.735221],[99.054567,18.735221],[99.055026,18.736704],[99.055315,18.736985],[99.0551,18.737115],[99.054763,18.736805],[99.054342,18.735911],[99.05405,18.736035],[99.054226,18.736295],[99.054173,18.736492],[99.054151,18.736856],[99.053701,18.737061],[99.052783,18.737774]]]}},{"type":"Feature","properties":{"k":"pitch"},"geometry":{"type":"Polygon","coordinates":[[[98.971191,18.7894],[98.97185,18.789379],[98.971885,18.790341],[98.971225,18.790362],[98.971191,18.7894]]]}},{"type":"Feature","properties":{"k":"park"},"geometry":{"type":"Polygon","coordinates":[[[98.999664,18.774744],[98.99969,18.774727],[98.999768,18.774851],[98.999588,18.774954],[98.99951,18.774838],[98.999664,18.774744]]]}},{"type":"Feature","properties":{"k":"park"},"geometry":{"type":"Polygon","coordinates":[[[99.022862,18.758441],[99.023173,18.758429],[99.023043,18.759172],[99.022873,18.759201],[99.022819,18.759198],[99.022803,18.759048],[99.022757,18.759025],[99.022862,18.758441]]]}},{"type":"Feature","properties":{"k":"pitch"},"geometry":{"type":"Polygon","coordinates":[[[99.022329,18.759349],[99.02262,18.759315],[99.022659,18.75962],[99.022368,18.759654],[99.022329,18.759349]]]}},{"type":"Feature","properties":{"k":"rural"},"geometry":{"type":"Polygon","coordinates":[[[99.051033,18.80754],[99.051489,18.80749],[99.051618,18.807684],[99.051664,18.80875],[99.051304,18.811403],[99.050277,18.811083],[99.050749,18.810808],[99.050438,18.810717],[99.050156,18.811016],[99.049939,18.810918],[99.050038,18.810675],[99.049827,18.810575],[99.049997,18.810232],[99.049775,18.809505],[99.049806,18.809318],[99.050076,18.809186],[99.050263,18.808996],[99.050329,18.808712],[99.050281,18.808455],[99.050385,18.807998],[99.051033,18.80754]]]}},{"type":"Feature","properties":{"k":"forest"},"geometry":{"type":"Polygon","coordinates":[[[99.034446,18.793515],[99.034248,18.793868],[99.033552,18.793748],[99.033219,18.793535],[99.033256,18.793497],[99.033375,18.793514],[99.033924,18.79371],[99.034094,18.793736],[99.034278,18.793586],[99.034446,18.793515]]]}},{"type":"Feature","properties":{"k":"rural"},"geometry":{"type":"Polygon","coordinates":[[[99.034248,18.793868],[99.034446,18.793515],[99.034909,18.793245],[99.035451,18.793032],[99.035655,18.792875],[99.03582,18.792649],[99.035907,18.792494],[99.035831,18.79241],[99.035938,18.792207],[99.035853,18.792153],[99.035869,18.79194],[99.035743,18.791857],[99.03574,18.79144],[99.03582,18.791293],[99.036258,18.79126],[99.036412,18.791399],[99.036647,18.791414],[99.036853,18.791359],[99.037134,18.791227],[99.03706,18.791105],[99.037037,18.790944],[99.036863,18.790856],[99.036802,18.791207],[99.036399,18.790973],[99.036914,18.790496],[99.037354,18.78946],[99.037634,18.788548],[99.038089,18.788495],[99.038577,18.788652],[99.039098,18.788688],[99.039571,18.789251],[99.037837,18.792446],[99.036757,18.794369],[99.036668,18.79432],[99.036115,18.794183],[99.035825,18.794122],[99.035557,18.794111],[99.035308,18.79433],[99.035289,18.794376],[99.03527,18.794843],[99.035313,18.795127],[99.03537,18.795206],[99.035461,18.795252],[99.035576,18.795247],[99.035657,18.795193],[99.035705,18.795115],[99.03571,18.794873],[99.035753,18.794815],[99.03596,18.794759],[99.035941,18.794847],[99.0358,18.79486],[99.035773,18.794906],[99.035784,18.795033],[99.035729,18.795259],[99.035616,18.795315],[99.035455,18.7953],[99.035278,18.795234],[99.035144,18.795102],[99.034974,18.79484],[99.03507,18.794779],[99.035139,18.794513],[99.035134,18.794068],[99.034248,18.793868]]]}},{"type":"Feature","properties":{"k":"forest"},"geometry":{"type":"Polygon","coordinates":[[[99.035743,18.791857],[99.035869,18.79194],[99.035853,18.792153],[99.035938,18.792207],[99.035831,18.79241],[99.035907,18.792494],[99.03582,18.792649],[99.035655,18.792875],[99.035451,18.793032],[99.034909,18.793245],[99.034785,18.793187],[99.034753,18.793126],[99.034874,18.793028],[99.035276,18.792879],[99.035488,18.792723],[99.035673,18.792492],[99.035743,18.791857]]]}},{"type":"Feature","properties":{"k":"rural"},"geometry":{"type":"Polygon","coordinates":[[[99.029003,18.796053],[99.029055,18.796001],[99.0292,18.796052],[99.029591,18.796057],[99.029844,18.796026],[99.030032,18.795899],[99.030295,18.79591],[99.03007,18.796361],[99.029688,18.796235],[99.029345,18.796204],[99.029003,18.796053]]]}},{"type":"Feature","properties":{"k":"rural"},"geometry":{"type":"Polygon","coordinates":[[[99.029003,18.796053],[99.029345,18.796204],[99.029688,18.796235],[99.03007,18.796361],[99.030295,18.79591],[99.030649,18.795955],[99.030703,18.796696],[99.030632,18.796956],[99.030514,18.797134],[99.030097,18.797179],[99.030067,18.797504],[99.029349,18.797431],[99.029335,18.797599],[99.029169,18.797983],[99.02846,18.798143],[99.028037,18.798209],[99.027918,18.798007],[99.027827,18.797951],[99.027816,18.797728],[99.027913,18.797509],[99.028496,18.796824],[99.028648,18.796407],[99.029003,18.796053]]]}},{"type":"Feature","properties":{"k":"park"},"geometry":{"type":"Polygon","coordinates":[[[99.026489,18.793322],[99.028036,18.793848],[99.02787,18.794269],[99.026248,18.794231],[99.026489,18.793322]]]}},{"type":"Feature","properties":{"k":"park"},"geometry":{"type":"Polygon","coordinates":[[[99.026244,18.795161],[99.026091,18.795148],[99.025883,18.794922],[99.024963,18.794371],[99.024994,18.794326],[99.025172,18.794303],[99.026247,18.794325],[99.026244,18.795161]]]}},{"type":"Feature","properties":{"k":"rural"},"geometry":{"type":"Polygon","coordinates":[[[99.042492,18.778801],[99.043543,18.778818],[99.043494,18.77918],[99.0428,18.779255],[99.042907,18.780104],[99.042562,18.780154],[99.04246,18.780113],[99.042428,18.779991],[99.042492,18.778801]]]}},{"type":"Feature","properties":{"k":"rural"},"geometry":{"type":"Polygon","coordinates":[[[99.045616,18.770206],[99.04576,18.770152],[99.045943,18.770297],[99.045857,18.770562],[99.046141,18.77067],[99.045932,18.771168],[99.04576,18.771892],[99.045428,18.771826],[99.045368,18.771869],[99.045224,18.771821],[99.045294,18.77132],[99.045616,18.770206]]]}},{"type":"Feature","properties":{"k":"rural"},"geometry":{"type":"Polygon","coordinates":[[[99.03737,18.789369],[99.037059,18.790114],[99.036605,18.790037],[99.03569,18.789994],[99.035632,18.789836],[99.035754,18.789625],[99.03737,18.789369]]]}},{"type":"Feature","properties":{"k":"rural"},"geometry":{"type":"Polygon","coordinates":[[[99.023352,18.771269],[99.024276,18.770925],[99.024448,18.771397],[99.023556,18.771723],[99.023352,18.771269]]]}},{"type":"Feature","properties":{"k":"pitch"},"geometry":{"type":"Polygon","coordinates":[[[99.022674,18.767182],[99.022884,18.767206],[99.022839,18.767565],[99.022629,18.767542],[99.022674,18.767182]]]}},{"type":"Feature","properties":{"k":"rural"},"geometry":{"type":"Polygon","coordinates":[[[99.051734,18.793848],[99.05169,18.793673],[99.051686,18.793507],[99.051623,18.793247],[99.051561,18.793122],[99.051537,18.792957],[99.051631,18.792708],[99.051877,18.792675],[99.052262,18.79271],[99.052382,18.792635],[99.052449,18.792505],[99.052351,18.79209],[99.052776,18.791736],[99.053086,18.791783],[99.053375,18.791412],[99.053534,18.79144],[99.054169,18.792136],[99.054287,18.7922],[99.054548,18.792045],[99.054684,18.791905],[99.055163,18.792475],[99.05499,18.792865],[99.054458,18.793508],[99.054017,18.793627],[99.053925,18.793764],[99.053955,18.793941],[99.0538,18.79442],[99.053912,18.794645],[99.053966,18.794858],[99.05388,18.795331],[99.053354,18.795292],[99.053122,18.795533],[99.05289,18.795514],[99.052815,18.795749],[99.052783,18.796204],[99.052952,18.796229],[99.053079,18.796997],[99.051809,18.796865],[99.051759,18.797074],[99.053031,18.797221],[99.052996,18.797546],[99.052898,18.797748],[99.052608,18.798055],[99.052504,18.798393],[99.052328,18.798757],[99.051914,18.798652],[99.051838,18.798862],[99.051403,18.798839],[99.051482,18.798573],[99.051181,18.79837],[99.051434,18.797636],[99.050724,18.797423],[99.050461,18.798211],[99.049767,18.798042],[99.049624,18.79765],[99.049665,18.797532],[99.050053,18.79753],[99.050126,18.797369],[99.050035,18.797141],[99.050005,18.796453],[99.050289,18.796214],[99.050311,18.795719],[99.050068,18.795641],[99.050353,18.794761],[99.050229,18.794731],[99.05019,18.794787],[99.050034,18.79473],[99.050053,18.794547],[99.050243,18.794565],[99.050339,18.794102],[99.050573,18.794053],[99.051413,18.794153],[99.05155,18.794201],[99.051619,18.794167],[99.051718,18.794051],[99.051734,18.793848]]]}},{"type":"Feature","properties":{"k":"rural"},"geometry":{"type":"Polygon","coordinates":[[[98.926231,18.764116],[98.928067,18.765446],[98.927081,18.766686],[98.925209,18.765316],[98.926231,18.764116]]]}},{"type":"Feature","properties":{"k":"rural"},"geometry":{"type":"Polygon","coordinates":[[[98.951953,18.772844],[98.953165,18.773256],[98.953192,18.773289],[98.952591,18.773809],[98.952063,18.774013],[98.951696,18.773136],[98.951864,18.773019],[98.951953,18.772844]]]}},{"type":"Feature","properties":{"k":"rural"},"geometry":{"type":"Polygon","coordinates":[[[99.028696,18.776113],[99.028659,18.774473],[99.029292,18.774437],[99.03007,18.774295],[99.030134,18.774366],[99.030054,18.774803],[99.030086,18.774914],[99.029801,18.776047],[99.028908,18.776177],[99.028696,18.776113]]]}},{"type":"Feature","properties":{"k":"rural"},"geometry":{"type":"Polygon","coordinates":[[[99.029815,18.776135],[99.029665,18.776602],[99.02948,18.776697],[99.029369,18.776795],[99.029386,18.777075],[99.029284,18.777283],[99.029289,18.777451],[99.029203,18.777674],[99.028666,18.777735],[99.028678,18.777273],[99.028055,18.777283],[99.028152,18.776369],[99.028699,18.776196],[99.028999,18.776242],[99.029675,18.77613],[99.029815,18.776135]]]}},{"type":"Feature","properties":{"k":"rural"},"geometry":{"type":"Polygon","coordinates":[[[99.030161,18.775036],[99.030236,18.775143],[99.030268,18.775331],[99.030365,18.775493],[99.030375,18.775702],[99.030472,18.776103],[99.030456,18.776443],[99.030263,18.776834],[99.030338,18.777119],[99.030263,18.777185],[99.029345,18.777215],[99.029394,18.777109],[99.029421,18.776768],[99.029683,18.776616],[99.030161,18.775036]]]}},{"type":"Feature","properties":{"k":"rural"},"geometry":{"type":"Polygon","coordinates":[[[99.028385,18.774447],[99.028573,18.774427],[99.028653,18.776138],[99.028133,18.776276],[99.028385,18.774447]]]}},{"type":"Feature","properties":{"k":"rural"},"geometry":{"type":"Polygon","coordinates":[[[99.030506,18.77561],[99.030511,18.775457],[99.030708,18.775455],[99.030911,18.775513],[99.03116,18.775327],[99.031933,18.775283],[99.032433,18.775123],[99.032885,18.775046],[99.033346,18.775061],[99.033354,18.775253],[99.033251,18.775412],[99.033546,18.775961],[99.033578,18.776078],[99.033605,18.776372],[99.033519,18.776453],[99.033514,18.776692],[99.030493,18.776783],[99.030575,18.776457],[99.030579,18.776154],[99.030506,18.77561]]]}},{"type":"Feature","properties":{"k":"rural"},"geometry":{"type":"Polygon","coordinates":[[[98.937855,18.733284],[98.938448,18.733744],[98.937131,18.734874],[98.937067,18.734794],[98.937521,18.73371],[98.937855,18.733284]]]}},{"type":"Feature","properties":{"k":"rural"},"geometry":{"type":"Polygon","coordinates":[[[99.004952,18.787729],[99.005125,18.787791],[99.005101,18.787987],[99.004913,18.788358],[99.004325,18.789298],[99.004186,18.78921],[99.00464,18.788473],[99.004912,18.787888],[99.004952,18.787729]]]}},{"type":"Feature","properties":{"k":"forest"},"geometry":{"type":"Polygon","coordinates":[[[99.010563,18.785113],[99.011034,18.784876],[99.011182,18.785379],[99.01124,18.785397],[99.011254,18.785505],[99.011163,18.785509],[99.010636,18.785308],[99.010563,18.785113]]]}},{"type":"Feature","properties":{"k":"rural"},"geometry":{"type":"Polygon","coordinates":[[[99.010636,18.785308],[99.011163,18.785509],[99.011254,18.785505],[99.011346,18.786037],[99.01068,18.78609],[99.010616,18.785582],[99.010636,18.785308]]]}},{"type":"Feature","properties":{"k":"forest"},"geometry":{"type":"Polygon","coordinates":[[[99.035101,18.777372],[99.035303,18.77736],[99.035348,18.777403],[99.035192,18.77751],[99.035241,18.778221],[99.035487,18.778444],[99.035915,18.778674],[99.035895,18.778718],[99.035638,18.778744],[99.035332,18.778916],[99.035139,18.778739],[99.03516,18.778546],[99.035203,18.778449],[99.035101,18.777372]]]}},{"type":"Feature","properties":{"k":"park"},"geometry":{"type":"Polygon","coordinates":[[[99.037762,18.775417],[99.037794,18.775514],[99.037727,18.77575],[99.03777,18.775989],[99.037719,18.776055],[99.037743,18.776118],[99.037837,18.776169],[99.037947,18.776161],[99.038199,18.776123],[99.038272,18.77607],[99.038323,18.775785],[99.038285,18.77559],[99.038299,18.775496],[99.038398,18.775389],[99.038481,18.775321],[99.038615,18.77528],[99.038752,18.775326],[99.038814,18.775427],[99.038808,18.775531],[99.03873,18.775829],[99.03865,18.775912],[99.038607,18.776034],[99.038618,18.776202],[99.038575,18.776347],[99.038465,18.776336],[99.038408,18.776441],[99.03822,18.776438],[99.038124,18.776499],[99.037977,18.776438],[99.037977,18.776359],[99.037623,18.776375],[99.03758,18.776255],[99.037512,18.776228],[99.037322,18.776268],[99.037357,18.776166],[99.037252,18.775879],[99.037244,18.775562],[99.037274,18.775463],[99.037357,18.775361],[99.037478,18.775298],[99.037692,18.775349],[99.037762,18.775417]]]}},{"type":"Feature","properties":{"k":"park"},"geometry":{"type":"Polygon","coordinates":[[[99.037664,18.773688],[99.038074,18.773833],[99.038256,18.773845],[99.038748,18.773803],[99.038793,18.773818],[99.039056,18.774097],[99.038946,18.774298],[99.038836,18.774339],[99.038578,18.7743],[99.038407,18.774331],[99.038181,18.774267],[99.038002,18.774275],[99.037733,18.774224],[99.037669,18.774171],[99.03761,18.774029],[99.037599,18.773814],[99.037664,18.773688]]]}},{"type":"Feature","properties":{"k":"rural"},"geometry":{"type":"Polygon","coordinates":[[[99.040004,18.773708],[99.040115,18.774234],[99.040128,18.774696],[99.039791,18.774732],[99.039715,18.774656],[99.039438,18.774691],[99.039275,18.773473],[99.039843,18.77335],[99.040004,18.773708]]]}},{"type":"Feature","properties":{"k":"park"},"geometry":{"type":"Polygon","coordinates":[[[99.037831,18.777856],[99.037824,18.77763],[99.037931,18.77746],[99.038088,18.777383],[99.03807,18.777349],[99.03839,18.777356],[99.038508,18.777409],[99.038631,18.777724],[99.038645,18.777833],[99.03843,18.777831],[99.038425,18.777925],[99.038148,18.777925],[99.038148,18.777777],[99.037957,18.77778],[99.037955,18.777859],[99.037831,18.777856]]]}},{"type":"Feature","properties":{"k":"pitch"},"geometry":{"type":"Polygon","coordinates":[[[99.036402,18.776386],[99.036707,18.776364],[99.036731,18.776647],[99.036425,18.77667],[99.036402,18.776386]]]}},{"type":"Feature","properties":{"k":"rural"},"geometry":{"type":"Polygon","coordinates":[[[99.027863,18.783354],[99.028364,18.783254],[99.028409,18.784437],[99.02795,18.784475],[99.027863,18.783354]]]}},{"type":"Feature","properties":{"k":"rural"},"geometry":{"type":"Polygon","coordinates":[[[99.014065,18.767547],[99.014262,18.767607],[99.014568,18.767814],[99.015223,18.767972],[99.015363,18.767484],[99.015153,18.766249],[99.015008,18.76619],[99.01481,18.765703],[99.014895,18.765483],[99.015775,18.765378],[99.015951,18.766916],[99.015937,18.767148],[99.016088,18.767263],[99.015998,18.768159],[99.015211,18.768143],[99.015158,18.768721],[99.015998,18.768707],[99.015978,18.768901],[99.016538,18.768911],[99.016774,18.767212],[99.017058,18.767273],[99.017072,18.767042],[99.017581,18.765591],[99.017739,18.765531],[99.018045,18.76481],[99.017997,18.764497],[99.018587,18.763237],[99.018749,18.762687],[99.018678,18.76235],[99.019206,18.762178],[99.019494,18.761522],[99.019613,18.761486],[99.019688,18.761313],[99.019774,18.761359],[99.017983,18.76546],[99.017514,18.766638],[99.017329,18.767456],[99.017227,18.768327],[99.017178,18.769881],[99.016433,18.769881],[99.016428,18.769632],[99.016108,18.769635],[99.015976,18.768931],[99.015025,18.768999],[99.014493,18.769225],[99.014434,18.769077],[99.01392,18.769081],[99.013829,18.768976],[99.013824,18.768687],[99.013966,18.768702],[99.014065,18.767547]]]}},{"type":"Feature","properties":{"k":"park"},"geometry":{"type":"Polygon","coordinates":[[[99.012711,18.767316],[99.013103,18.767284],[99.013639,18.767392],[99.013577,18.767638],[99.012757,18.767616],[99.012711,18.767316]]]}},{"type":"Feature","properties":{"k":"rural"},"geometry":{"type":"Polygon","coordinates":[[[99.015775,18.765378],[99.015802,18.765377],[99.01591,18.765219],[99.016392,18.765132],[99.016752,18.765192],[99.017192,18.765131],[99.017627,18.76535],[99.017997,18.764497],[99.018045,18.76481],[99.017739,18.765531],[99.017581,18.765591],[99.017072,18.767042],[99.017058,18.767273],[99.016774,18.767212],[99.016538,18.768911],[99.015978,18.768901],[99.015998,18.768707],[99.015158,18.768721],[99.015211,18.768143],[99.015998,18.768159],[99.016088,18.767263],[99.015937,18.767148],[99.015951,18.766916],[99.015775,18.765378]]]}},{"type":"Feature","properties":{"k":"pitch"},"geometry":{"type":"Polygon","coordinates":[[[98.980053,18.782047],[98.980063,18.781863],[98.980281,18.781839],[98.980365,18.781898],[98.98036,18.78204],[98.980117,18.782074],[98.980053,18.782047]]]}},{"type":"Feature","properties":{"k":"rural"},"geometry":{"type":"Polygon","coordinates":[[[99.044277,18.778448],[99.044702,18.778508],[99.044824,18.777883],[99.045593,18.778213],[99.045132,18.778922],[99.045508,18.779079],[99.045416,18.779599],[99.044178,18.779887],[99.044227,18.778836],[99.044277,18.778448]]]}},{"type":"Feature","properties":{"k":"rural"},"geometry":{"type":"Polygon","coordinates":[[[99.050181,18.775651],[99.050191,18.776001],[99.049376,18.775971],[99.049365,18.776113],[99.048818,18.776049],[99.048751,18.77626],[99.048507,18.776208],[99.048549,18.775948],[99.04883,18.775982],[99.048903,18.775551],[99.050181,18.775651]]]}},{"type":"Feature","properties":{"k":"rural"},"geometry":{"type":"Polygon","coordinates":[[[99.046816,18.77929],[99.046777,18.779115],[99.047141,18.779026],[99.047021,18.778522],[99.047042,18.778316],[99.047269,18.778338],[99.047288,18.778143],[99.046857,18.778107],[99.047139,18.777459],[99.047322,18.777266],[99.047669,18.777344],[99.047661,18.777595],[99.048007,18.777603],[99.048062,18.777754],[99.048815,18.77854],[99.049091,18.77871],[99.046816,18.77929]]]}},{"type":"Feature","properties":{"k":"park"},"geometry":{"type":"Polygon","coordinates":[[[98.967674,18.789369],[98.967628,18.78895],[98.968202,18.788898],[98.968229,18.789306],[98.967674,18.789369]]]}},{"type":"Feature","properties":{"k":"park"},"geometry":{"type":"Polygon","coordinates":[[[98.931535,18.752836],[98.931364,18.752782],[98.931213,18.752692],[98.931142,18.7526],[98.931538,18.752632],[98.931776,18.752877],[98.931535,18.752836]]]}},{"type":"Feature","properties":{"k":"park"},"geometry":{"type":"Polygon","coordinates":[[[98.92856,18.743962],[98.928714,18.744072],[98.928758,18.744199],[98.928748,18.744291],[98.928652,18.744426],[98.928566,18.74447],[98.928395,18.744471],[98.928242,18.744362],[98.928197,18.744208],[98.928217,18.744117],[98.928329,18.743991],[98.92842,18.743956],[98.92856,18.743962]]]}},{"type":"Feature","properties":{"k":"rural"},"geometry":{"type":"Polygon","coordinates":[[[98.92129,18.728247],[98.921483,18.728181],[98.921832,18.728196],[98.922374,18.728018],[98.922888,18.729207],[98.922996,18.72971],[98.922534,18.729781],[98.92255,18.730015],[98.922347,18.730076],[98.922127,18.7297],[98.921887,18.729706],[98.92129,18.728247]]]}},{"type":"Feature","properties":{"k":"rural"},"geometry":{"type":"Polygon","coordinates":[[[98.91967,18.730391],[98.920079,18.730483],[98.920678,18.730716],[98.920791,18.730909],[98.920786,18.731026],[98.920294,18.731271],[98.920013,18.731336],[98.919564,18.730824],[98.919634,18.730648],[98.91967,18.730391]]]}},{"type":"Feature","properties":{"k":"rural"},"geometry":{"type":"Polygon","coordinates":[[[99.056351,18.838417],[99.057204,18.838376],[99.057246,18.838579],[99.057412,18.838559],[99.057301,18.839203],[99.056312,18.839359],[99.056158,18.839039],[99.056152,18.838686],[99.056238,18.838214],[99.056092,18.837137],[99.054969,18.838577],[99.054765,18.839183],[99.054763,18.839701],[99.05454,18.840184],[99.05432,18.840251],[99.053657,18.839086],[99.053135,18.839009],[99.053018,18.839028],[99.052778,18.839319],[99.052599,18.840096],[99.053132,18.84228],[99.05281,18.842353],[99.052435,18.842636],[99.051372,18.841589],[99.051636,18.841419],[99.051372,18.841233],[99.051222,18.841325],[99.051104,18.841213],[99.051018,18.841],[99.051136,18.840126],[99.050063,18.839893],[99.050121,18.83975],[99.050449,18.839486],[99.05098,18.839622],[99.051231,18.839547],[99.051282,18.839378],[99.051286,18.83903],[99.051246,18.838776],[99.05141,18.838718],[99.051468,18.838299],[99.051769,18.838258],[99.051779,18.838035],[99.051447,18.837974],[99.05135,18.83773],[99.051136,18.837679],[99.051157,18.837537],[99.0514,18.837429],[99.051936,18.837419],[99.051951,18.837171],[99.051661,18.83705],[99.051672,18.836826],[99.051919,18.83641],[99.052226,18.836048],[99.052563,18.836014],[99.052616,18.835455],[99.052316,18.835394],[99.051983,18.834877],[99.051747,18.834349],[99.051758,18.83377],[99.051629,18.833272],[99.052511,18.832891],[99.052648,18.832521],[99.052903,18.832614],[99.053139,18.83312],[99.0536,18.833315],[99.053963,18.833386],[99.054172,18.835719],[99.054404,18.835987],[99.056184,18.836965],[99.056252,18.83734],[99.056351,18.838417]]]}},{"type":"Feature","properties":{"k":"rural"},"geometry":{"type":"Polygon","coordinates":[[[99.029534,18.784325],[99.029453,18.783421],[99.029587,18.783366],[99.0303,18.784244],[99.029534,18.784325]]]}},{"type":"Feature","properties":{"k":"rural"},"geometry":{"type":"Polygon","coordinates":[[[99.034393,18.78302],[99.03448,18.783055],[99.034528,18.784422],[99.034302,18.784473],[99.034265,18.784351],[99.033717,18.784381],[99.033707,18.785087],[99.033378,18.785452],[99.032317,18.785417],[99.032028,18.785493],[99.031947,18.784722],[99.031464,18.784696],[99.031454,18.784239],[99.031657,18.784204],[99.031883,18.783355],[99.031995,18.78331],[99.032108,18.783741],[99.032457,18.784086],[99.032698,18.784],[99.032666,18.783741],[99.033643,18.783563],[99.033637,18.783122],[99.034393,18.78302]]]}},{"type":"Feature","properties":{"k":"pitch"},"geometry":{"type":"Polygon","coordinates":[[[98.977032,18.807876],[98.977182,18.807909],[98.977109,18.808212],[98.976959,18.80818],[98.977032,18.807876]]]}},{"type":"Feature","properties":{"k":"park","n":"ลานวิศวะรวมใจ"},"geometry":{"type":"Polygon","coordinates":[[[98.951915,18.794163],[98.95114,18.794175],[98.950525,18.794312],[98.950536,18.794236],[98.951142,18.79409],[98.951862,18.793844],[98.951915,18.794163]]]}},{"type":"Feature","properties":{"k":"pitch"},"geometry":{"type":"Polygon","coordinates":[[[98.950924,18.795484],[98.951158,18.795484],[98.951158,18.795769],[98.950925,18.795769],[98.950924,18.795484]]]}},{"type":"Feature","properties":{"k":"forest"},"geometry":{"type":"Polygon","coordinates":[[[98.994418,18.769807],[98.994477,18.769751],[98.99453,18.769744],[98.99475,18.769767],[98.994909,18.76982],[98.995011,18.769957],[98.995099,18.770191],[98.995257,18.770269],[98.99548,18.770506],[98.995536,18.770523],[98.995802,18.770412],[98.995845,18.770348],[98.995823,18.770115],[98.995665,18.769995],[98.995628,18.769919],[98.995783,18.769705],[98.996207,18.770273],[98.996073,18.770346],[98.996038,18.770498],[98.996113,18.77061],[98.9961,18.770709],[98.996126,18.770764],[98.995119,18.7711],[98.994816,18.770573],[98.994335,18.769835],[98.994418,18.769807]]]}},{"type":"Feature","properties":{"k":"pitch"},"geometry":{"type":"Polygon","coordinates":[[[99.025411,18.845785],[99.026235,18.845692],[99.026291,18.846129],[99.025467,18.846222],[99.025411,18.845785]]]}},{"type":"Feature","properties":{"k":"rural"},"geometry":{"type":"Polygon","coordinates":[[[98.959606,18.847745],[98.959624,18.847843],[98.958986,18.848142],[98.95898,18.84831],[98.958803,18.848523],[98.9589,18.848726],[98.95854,18.848894],[98.958573,18.849026],[98.958835,18.849452],[98.957639,18.850056],[98.957864,18.850432],[98.957714,18.850483],[98.957388,18.850402],[98.957546,18.849843],[98.95775,18.849416],[98.958284,18.848906],[98.958263,18.848482],[98.958598,18.848025],[98.958898,18.847782],[98.958985,18.847945],[98.959606,18.847745]]]}},{"type":"Feature","properties":{"k":"park","n":"Royal Flora Ratchaphruek Park"},"geometry":{"type":"Polygon","coordinates":[[[98.923168,18.754265],[98.922486,18.753875],[98.921359,18.753337],[98.92078,18.753287],[98.920244,18.753063],[98.91989,18.752606],[98.91912,18.751361],[98.918081,18.750886],[98.918857,18.749442],[98.920146,18.749202],[98.920052,18.748504],[98.921879,18.748071],[98.922163,18.748763],[98.92271,18.748577],[98.923008,18.748424],[98.92323,18.748104],[98.923856,18.748405],[98.924127,18.747943],[98.924373,18.748043],[98.924632,18.747958],[98.925547,18.748428],[98.925933,18.748232],[98.926249,18.748395],[98.926649,18.748161],[98.927409,18.749438],[98.928247,18.750108],[98.928204,18.750322],[98.92725,18.751184],[98.926799,18.751864],[98.924263,18.754216],[98.923753,18.753722],[98.923168,18.754265]]]}},{"type":"Feature","properties":{"k":"pitch"},"geometry":{"type":"Polygon","coordinates":[[[98.958513,18.798432],[98.958522,18.797926],[98.958603,18.797842],[98.959115,18.797869],[98.959115,18.79802],[98.960393,18.79812],[98.960335,18.798566],[98.958513,18.798432]]]}},{"type":"Feature","properties":{"k":"cemetery"},"geometry":{"type":"Polygon","coordinates":[[[98.978542,18.814759],[98.978788,18.813386],[98.980395,18.813404],[98.981349,18.813352],[98.981168,18.813759],[98.981607,18.813748],[98.982224,18.813861],[98.982235,18.814297],[98.981951,18.814318],[98.981876,18.814815],[98.981289,18.814855],[98.980377,18.815003],[98.979902,18.814962],[98.979748,18.814915],[98.97918,18.814829],[98.978699,18.81483],[98.978542,18.814759]]]}},{"type":"Feature","properties":{"k":"pitch"},"geometry":{"type":"Polygon","coordinates":[[[99.007289,18.800614],[99.007593,18.800544],[99.007669,18.80087],[99.007121,18.800998],[99.007036,18.800673],[99.007289,18.800614]]]}},{"type":"Feature","properties":{"k":"pitch"},"geometry":{"type":"Polygon","coordinates":[[[98.995945,18.796391],[98.995929,18.796068],[98.99644,18.796046],[98.996456,18.796369],[98.995945,18.796391]]]}},{"type":"Feature","properties":{"k":"pitch"},"geometry":{"type":"Polygon","coordinates":[[[98.99301,18.766384],[98.992626,18.76609],[98.992868,18.765807],[98.993252,18.766102],[98.99301,18.766384]]]}},{"type":"Feature","properties":{"k":"rural"},"geometry":{"type":"Polygon","coordinates":[[[99.007577,18.8207],[99.007496,18.820609],[99.007389,18.820182],[99.007819,18.820162],[99.007808,18.819649],[99.007845,18.819083],[99.010007,18.819299],[99.011007,18.819141],[99.011076,18.819648],[99.011369,18.819964],[99.011502,18.819953],[99.011594,18.821312],[99.01032,18.821581],[99.010335,18.822328],[99.010587,18.822533],[99.010908,18.822665],[99.011193,18.822691],[99.011713,18.822649],[99.011713,18.822767],[99.011649,18.822833],[99.011536,18.822869],[99.010694,18.82295],[99.009862,18.823087],[99.009283,18.823285],[99.009229,18.823229],[99.008365,18.823391],[99.008248,18.823072],[99.007942,18.822549],[99.00821,18.822457],[99.007668,18.821294],[99.007577,18.8207]]]}},{"type":"Feature","properties":{"k":"pitch"},"geometry":{"type":"Polygon","coordinates":[[[99.041958,18.796297],[99.042011,18.796025],[99.042177,18.796054],[99.042124,18.796326],[99.041958,18.796297]]]}},{"type":"Feature","properties":{"k":"pitch"},"geometry":{"type":"Polygon","coordinates":[[[99.042188,18.796334],[99.042239,18.796074],[99.042406,18.796103],[99.042355,18.796363],[99.042188,18.796334]]]}},{"type":"Feature","properties":{"k":"pitch"},"geometry":{"type":"Polygon","coordinates":[[[98.960322,18.811663],[98.960273,18.811033],[98.960799,18.810995],[98.960843,18.811582],[98.960711,18.811632],[98.960322,18.811663]]]}},{"type":"Feature","properties":{"k":"pitch"},"geometry":{"type":"Polygon","coordinates":[[[98.961861,18.815164],[98.961881,18.814874],[98.962188,18.814893],[98.962168,18.815183],[98.961861,18.815164]]]}},{"type":"Feature","properties":{"k":"rural"},"geometry":{"type":"Polygon","coordinates":[[[99.040145,18.825103],[99.040142,18.824738],[99.039822,18.824801],[99.03956,18.824801],[99.039577,18.824899],[99.039366,18.824914],[99.039215,18.824759],[99.039653,18.824546],[99.039878,18.824501],[99.040123,18.824492],[99.040124,18.824661],[99.040534,18.824661],[99.041004,18.824608],[99.041099,18.824838],[99.040954,18.824925],[99.040948,18.825113],[99.040145,18.825103]]]}},{"type":"Feature","properties":{"k":"rural"},"geometry":{"type":"Polygon","coordinates":[[[99.045262,18.824457],[99.045657,18.826338],[99.044641,18.826244],[99.044627,18.82637],[99.044085,18.826313],[99.044023,18.825962],[99.043229,18.825945],[99.043057,18.825865],[99.043003,18.825915],[99.042837,18.825955],[99.04273,18.825783],[99.042875,18.825707],[99.042875,18.825549],[99.043111,18.825539],[99.043165,18.825347],[99.042971,18.825331],[99.043025,18.824992],[99.042805,18.825021],[99.042767,18.824691],[99.042924,18.824628],[99.044108,18.824681],[99.045262,18.824457]]]}},{"type":"Feature","properties":{"k":"pitch"},"geometry":{"type":"Polygon","coordinates":[[[98.955255,18.812163],[98.955083,18.811264],[98.955667,18.811164],[98.955839,18.812063],[98.955255,18.812163]]]}},{"type":"Feature","properties":{"k":"pitch"},"geometry":{"type":"Polygon","coordinates":[[[98.955773,18.814203],[98.955861,18.813892],[98.956092,18.813951],[98.956071,18.814025],[98.956395,18.814107],[98.956336,18.814315],[98.955773,18.814203]]]}},{"type":"Feature","properties":{"k":"pitch"},"geometry":{"type":"Polygon","coordinates":[[[98.989384,18.802897],[98.989296,18.802598],[98.989721,18.802487],[98.989809,18.802785],[98.989384,18.802897]]]}},{"type":"Feature","properties":{"k":"pitch"},"geometry":{"type":"Polygon","coordinates":[[[99.00827,18.775177],[99.008287,18.77484],[99.008638,18.774856],[99.008621,18.775193],[99.00827,18.775177]]]}},{"type":"Feature","properties":{"k":"pitch"},"geometry":{"type":"Polygon","coordinates":[[[99.008959,18.78392],[99.008976,18.783538],[99.00933,18.783552],[99.009313,18.783934],[99.008959,18.78392]]]}},{"type":"Feature","properties":{"k":"rural"},"geometry":{"type":"Polygon","coordinates":[[[99.054572,18.748674],[99.054593,18.74891],[99.055232,18.74909],[99.055065,18.749297],[99.054618,18.749359],[99.054421,18.749159],[99.054424,18.74886],[99.054465,18.74875],[99.054572,18.748674]]]}},{"type":"Feature","properties":{"k":"rural"},"geometry":{"type":"Polygon","coordinates":[[[99.050884,18.804847],[99.051946,18.804923],[99.052027,18.805436],[99.051994,18.806061],[99.051866,18.806853],[99.050229,18.806833],[99.050234,18.806361],[99.050449,18.806366],[99.050454,18.806086],[99.049993,18.806071],[99.049907,18.80598],[99.04994,18.805594],[99.05046,18.805472],[99.050503,18.805116],[99.05068,18.805152],[99.050884,18.804847]]]}},{"type":"Feature","properties":{"k":"pitch"},"geometry":{"type":"Polygon","coordinates":[[[98.952627,18.794871],[98.952622,18.794336],[98.953118,18.794173],[98.953124,18.794867],[98.952627,18.794871]]]}},{"type":"Feature","properties":{"k":"rural"},"geometry":{"type":"Polygon","coordinates":[[[99.036201,18.798348],[99.036233,18.799124],[99.03604,18.799155],[99.035981,18.800064],[99.035654,18.80012],[99.035525,18.80045],[99.035552,18.800821],[99.035359,18.8008],[99.035262,18.800759],[99.035145,18.800445],[99.035074,18.800394],[99.034747,18.800323],[99.03471,18.800191],[99.034742,18.800048],[99.03464,18.799231],[99.035102,18.799091],[99.03545,18.79903],[99.035402,18.798771],[99.035617,18.798769],[99.035657,18.798284],[99.03574,18.798261],[99.035831,18.798302],[99.036201,18.798348]]]}},{"type":"Feature","properties":{"k":"pitch"},"geometry":{"type":"Polygon","coordinates":[[[98.97347,18.742675],[98.973734,18.742265],[98.973991,18.742406],[98.973751,18.742821],[98.97347,18.742675]]]}},{"type":"Feature","properties":{"k":"park","n":"Center for the Promotion of Arts and Culture Chiang Mai University"},"geometry":{"type":"Polygon","coordinates":[[[98.963025,18.792232],[98.964167,18.791897],[98.964879,18.793772],[98.962349,18.79466],[98.96122,18.791646],[98.961415,18.79156],[98.961553,18.791346],[98.961629,18.791319],[98.96203,18.791443],[98.962398,18.791363],[98.962462,18.791129],[98.962514,18.791062],[98.963141,18.79079],[98.963267,18.790619],[98.963335,18.790571],[98.963421,18.79058],[98.963438,18.790633],[98.963373,18.79088],[98.963455,18.790903],[98.963525,18.79087],[98.963617,18.790875],[98.963642,18.791072],[98.963847,18.791263],[98.963507,18.79138],[98.963449,18.791212],[98.962616,18.791348],[98.962716,18.791663],[98.962771,18.791642],[98.962791,18.791689],[98.962882,18.791656],[98.96298,18.791899],[98.962939,18.791913],[98.963004,18.792086],[98.962952,18.792104],[98.962997,18.79218],[98.963035,18.792167],[98.963025,18.792232]]]}},{"type":"Feature","properties":{"k":"pitch"},"geometry":{"type":"Polygon","coordinates":[[[98.990791,18.802155],[98.990609,18.801126],[98.991311,18.801016],[98.991492,18.802044],[98.990791,18.802155]]]}},{"type":"Feature","properties":{"k":"pitch"},"geometry":{"type":"Polygon","coordinates":[[[98.995999,18.810318],[98.995949,18.809856],[98.996244,18.809828],[98.996294,18.810289],[98.995999,18.810318]]]}},{"type":"Feature","properties":{"k":"pitch"},"geometry":{"type":"Polygon","coordinates":[[[98.974473,18.809994],[98.974665,18.809678],[98.9751,18.809916],[98.974907,18.810232],[98.974473,18.809994]]]}},{"type":"Feature","properties":{"k":"pitch"},"geometry":{"type":"Polygon","coordinates":[[[99.005416,18.791769],[99.005417,18.791601],[99.005724,18.791603],[99.005723,18.791771],[99.005416,18.791769]]]}},{"type":"Feature","properties":{"k":"pitch"},"geometry":{"type":"Polygon","coordinates":[[[98.996208,18.801217],[98.996158,18.80099],[98.99656,18.80091],[98.996611,18.801137],[98.996208,18.801217]]]}},{"type":"Feature","properties":{"k":"pitch"},"geometry":{"type":"Polygon","coordinates":[[[98.996197,18.800973],[98.996078,18.800415],[98.996453,18.800343],[98.996572,18.800901],[98.996197,18.800973]]]}},{"type":"Feature","properties":{"k":"pitch"},"geometry":{"type":"Polygon","coordinates":[[[98.984571,18.822632],[98.984598,18.822408],[98.984726,18.822421],[98.9847,18.822646],[98.984571,18.822632]]]}},{"type":"Feature","properties":{"k":"golf","n":"Lanna Driving Range"},"geometry":{"type":"Polygon","coordinates":[[[98.978124,18.825681],[98.977641,18.824244],[98.977732,18.823909],[98.978633,18.823594],[98.978923,18.823554],[98.979111,18.82366],[98.978913,18.825017],[98.979089,18.825661],[98.978124,18.825681]]]}},{"type":"Feature","properties":{"k":"water"},"geometry":{"type":"Polygon","coordinates":[[[99.036244,18.778297],[99.036188,18.778289],[99.036075,18.778195],[99.036064,18.778106],[99.036153,18.777987],[99.036129,18.777857],[99.036145,18.777819],[99.036265,18.777743],[99.03633,18.777535],[99.036485,18.777525],[99.036485,18.777649],[99.036402,18.777741],[99.036365,18.778099],[99.036244,18.778297]]]}},{"type":"Feature","properties":{"k":"pitch"},"geometry":{"type":"Polygon","coordinates":[[[99.005097,18.834636],[99.005072,18.834326],[99.005372,18.834304],[99.005397,18.834614],[99.005097,18.834636]]]}},{"type":"Feature","properties":{"k":"pitch"},"geometry":{"type":"Polygon","coordinates":[[[99.030402,18.79767],[99.030398,18.797352],[99.030719,18.797354],[99.030709,18.797677],[99.030402,18.79767]]]}},{"type":"Feature","properties":{"k":"pitch"},"geometry":{"type":"Polygon","coordinates":[[[99.030832,18.79768],[99.030835,18.797322],[99.031124,18.797327],[99.031121,18.797692],[99.030832,18.79768]]]}},{"type":"Feature","properties":{"k":"pitch"},"geometry":{"type":"Polygon","coordinates":[[[99.030874,18.7972],[99.030882,18.79706],[99.031193,18.797075],[99.031191,18.797212],[99.030874,18.7972]]]}},{"type":"Feature","properties":{"k":"pitch"},"geometry":{"type":"Polygon","coordinates":[[[99.030527,18.798252],[99.030542,18.798106],[99.030598,18.798015],[99.030673,18.797956],[99.030863,18.797893],[99.031008,18.797926],[99.031132,18.798007],[99.031207,18.798147],[99.031193,18.799107],[99.031142,18.799211],[99.031014,18.799312],[99.030939,18.79934],[99.030764,18.799333],[99.030593,18.799228],[99.030539,18.799157],[99.030509,18.799063],[99.030527,18.798252]]]}},{"type":"Feature","properties":{"k":"pitch"},"geometry":{"type":"Polygon","coordinates":[[[99.041903,18.796642],[99.041963,18.796376],[99.042115,18.796406],[99.042055,18.796673],[99.041903,18.796642]]]}},{"type":"Feature","properties":{"k":"park"},"geometry":{"type":"Polygon","coordinates":[[[98.977837,18.781347],[98.977708,18.781405],[98.977587,18.781524],[98.97752,18.781649],[98.977421,18.781006],[98.977657,18.781255],[98.977837,18.781347]]]}},{"type":"Feature","properties":{"k":"pitch"},"geometry":{"type":"Polygon","coordinates":[[[98.969489,18.809899],[98.969501,18.809634],[98.969656,18.809644],[98.969641,18.809905],[98.969489,18.809899]]]}},{"type":"Feature","properties":{"k":"rural"},"geometry":{"type":"Polygon","coordinates":[[[98.969601,18.812276],[98.969576,18.812115],[98.969614,18.811896],[98.969458,18.811803],[98.969028,18.811888],[98.968686,18.811848],[98.968236,18.811872],[98.96812,18.81112],[98.968226,18.81106],[98.968306,18.810849],[98.969093,18.810746],[98.970189,18.81073],[98.97007,18.811137],[98.970189,18.811236],[98.971731,18.811203],[98.971651,18.811462],[98.9716,18.811962],[98.97165,18.812345],[98.971494,18.812412],[98.971371,18.812331],[98.970544,18.812472],[98.969601,18.812276]]]}},{"type":"Feature","properties":{"k":"rural"},"geometry":{"type":"Polygon","coordinates":[[[98.977743,18.807125],[98.977873,18.806724],[98.978633,18.806929],[98.978703,18.807353],[98.977743,18.807125]]]}},{"type":"Feature","properties":{"k":"rural"},"geometry":{"type":"Polygon","coordinates":[[[98.981726,18.807043],[98.981736,18.806726],[98.981522,18.806591],[98.981503,18.806299],[98.981972,18.806231],[98.982026,18.806333],[98.982318,18.806266],[98.982198,18.807066],[98.981726,18.807043]]]}},{"type":"Feature","properties":{"k":"pitch"},"geometry":{"type":"Polygon","coordinates":[[[98.959948,18.84337],[98.960003,18.843031],[98.960287,18.843072],[98.960232,18.843411],[98.959948,18.84337]]]}},{"type":"Feature","properties":{"k":"pitch"},"geometry":{"type":"Polygon","coordinates":[[[98.955074,18.795567],[98.955104,18.795362],[98.955193,18.795374],[98.955163,18.795579],[98.955074,18.795567]]]}},{"type":"Feature","properties":{"k":"pitch"},"geometry":{"type":"Polygon","coordinates":[[[98.972118,18.792078],[98.972128,18.792432],[98.971934,18.792434],[98.971924,18.79208],[98.972118,18.792078]]]}},{"type":"Feature","properties":{"k":"pitch"},"geometry":{"type":"Polygon","coordinates":[[[98.972118,18.792078],[98.972307,18.792073],[98.972318,18.792427],[98.972128,18.792432],[98.972118,18.792078]]]}},{"type":"Feature","properties":{"k":"pitch"},"geometry":{"type":"Polygon","coordinates":[[[98.97122,18.791552],[98.97123,18.791775],[98.971109,18.79178],[98.971099,18.791557],[98.97122,18.791552]]]}},{"type":"Feature","properties":{"k":"pitch"},"geometry":{"type":"Polygon","coordinates":[[[98.97138,18.791161],[98.971569,18.791158],[98.971575,18.791449],[98.971386,18.791453],[98.97138,18.791161]]]}},{"type":"Feature","properties":{"k":"rural"},"geometry":{"type":"Polygon","coordinates":[[[99.044947,18.813705],[99.047141,18.814759],[99.047525,18.814825],[99.047622,18.814896],[99.047843,18.815262],[99.048423,18.815445],[99.048523,18.815658],[99.048455,18.816059],[99.048326,18.816344],[99.048126,18.816552],[99.048121,18.816653],[99.048309,18.817171],[99.048294,18.817308],[99.048149,18.817608],[99.048282,18.817897],[99.048191,18.817978],[99.048192,18.81808],[99.048316,18.818349],[99.048101,18.818446],[99.048026,18.818288],[99.048014,18.8181],[99.047869,18.818014],[99.047817,18.818217],[99.04713,18.817725],[99.046937,18.818024],[99.046576,18.81779],[99.046318,18.818252],[99.04625,18.818288],[99.046159,18.818197],[99.04618,18.817953],[99.046105,18.817897],[99.046186,18.817705],[99.046238,18.81746],[99.046077,18.81743],[99.046136,18.817277],[99.045306,18.81674],[99.044779,18.817587],[99.0444,18.818512],[99.044185,18.818441],[99.044543,18.817328],[99.044931,18.816608],[99.04472,18.816501],[99.045331,18.815155],[99.045095,18.815064],[99.044947,18.813705]]]}},{"type":"Feature","properties":{"k":"rural"},"geometry":{"type":"Polygon","coordinates":[[[99.043781,18.818469],[99.043855,18.818421],[99.044435,18.818669],[99.044873,18.818717],[99.044979,18.818814],[99.045288,18.818782],[99.0457,18.818924],[99.045929,18.819059],[99.045874,18.819208],[99.045939,18.819252],[99.045737,18.819922],[99.045634,18.82011],[99.045409,18.820325],[99.045614,18.820483],[99.04552,18.820602],[99.045408,18.820621],[99.04492,18.820241],[99.04455,18.820024],[99.043457,18.819605],[99.043365,18.819627],[99.043308,18.819582],[99.043587,18.819034],[99.043781,18.818469]]]}},{"type":"Feature","properties":{"k":"forest"},"geometry":{"type":"Polygon","coordinates":[[[98.972336,18.809362],[98.972332,18.808054],[98.973326,18.808819],[98.973078,18.809057],[98.973065,18.809421],[98.972509,18.809417],[98.972336,18.809362]]]}},{"type":"Feature","properties":{"k":"pitch"},"geometry":{"type":"Polygon","coordinates":[[[98.9572,18.842433],[98.957178,18.842008],[98.957208,18.841938],[98.957251,18.841888],[98.957315,18.841877],[98.957647,18.841898],[98.957712,18.842002],[98.957717,18.84237],[98.95769,18.842436],[98.957578,18.842499],[98.95731,18.842498],[98.9572,18.842433]]]}},{"type":"Feature","properties":{"k":"forest"},"geometry":{"type":"Polygon","coordinates":[[[99.00774,18.751667],[99.007839,18.751666],[99.007516,18.752922],[99.008795,18.753125],[99.008709,18.753533],[99.008516,18.753512],[99.008365,18.753611],[99.008303,18.75388],[99.008113,18.753928],[99.007621,18.753558],[99.007453,18.753495],[99.007252,18.753515],[99.006775,18.753691],[99.006353,18.751823],[99.007375,18.751792],[99.00774,18.751667]]]}},{"type":"Feature","properties":{"k":"rural"},"geometry":{"type":"Polygon","coordinates":[[[98.999993,18.760168],[98.999533,18.759617],[98.99907,18.759415],[98.999148,18.759339],[98.999129,18.759298],[98.999267,18.759157],[98.999021,18.758912],[98.999112,18.758836],[98.99935,18.759091],[98.999493,18.758981],[98.999545,18.758867],[98.999641,18.75878],[98.999605,18.758691],[98.99988,18.758426],[98.999817,18.758356],[98.999871,18.758317],[98.999941,18.758317],[99.000077,18.758386],[99.000295,18.758568],[99.000435,18.758418],[99.000649,18.75841],[99.001147,18.758491],[99.001498,18.758624],[99.001411,18.758838],[99.001274,18.759067],[99.001032,18.759352],[99.000549,18.759842],[99.000024,18.760316],[98.999875,18.760527],[98.999782,18.760493],[98.999741,18.760425],[98.999902,18.760296],[98.999993,18.760168]]]}},{"type":"Feature","properties":{"k":"pitch"},"geometry":{"type":"Polygon","coordinates":[[[99.014077,18.753775],[99.013919,18.753521],[99.014154,18.753391],[99.014311,18.753644],[99.014077,18.753775]]]}},{"type":"Feature","properties":{"k":"rural"},"geometry":{"type":"Polygon","coordinates":[[[98.920427,18.751058],[98.920713,18.751128],[98.920914,18.751217],[98.921169,18.751416],[98.921403,18.751723],[98.921049,18.751917],[98.920948,18.751762],[98.920794,18.751626],[98.920601,18.751527],[98.920363,18.751459],[98.920427,18.751058]]]}},{"type":"Feature","properties":{"k":"park","n":"Rajapruek Sports Park"},"geometry":{"type":"Polygon","coordinates":[[[98.9267,18.744417],[98.926928,18.745001],[98.92582,18.745967],[98.925515,18.746278],[98.924824,18.746526],[98.924679,18.746339],[98.924586,18.746085],[98.9251,18.74585],[98.925234,18.745624],[98.925109,18.745347],[98.924958,18.745128],[98.924411,18.74533],[98.924173,18.744768],[98.925009,18.744444],[98.9267,18.744417]]]}},{"type":"Feature","properties":{"k":"pitch"},"geometry":{"type":"Polygon","coordinates":[[[98.956293,18.799023],[98.956282,18.798686],[98.956958,18.798667],[98.956969,18.799003],[98.956293,18.799023]]]}},{"type":"Feature","properties":{"k":"pitch"},"geometry":{"type":"Polygon","coordinates":[[[98.957012,18.79936],[98.957002,18.799053],[98.95724,18.799046],[98.957249,18.799353],[98.957012,18.79936]]]}},{"type":"Feature","properties":{"k":"pitch"},"geometry":{"type":"Polygon","coordinates":[[[98.956275,18.799381],[98.956265,18.799074],[98.957002,18.799053],[98.957012,18.79936],[98.956275,18.799381]]]}},{"type":"Feature","properties":{"k":"pitch"},"geometry":{"type":"Polygon","coordinates":[[[98.956977,18.798953],[98.956969,18.798705],[98.95721,18.798698],[98.957218,18.798946],[98.956977,18.798953]]]}},{"type":"Feature","properties":{"k":"pitch"},"geometry":{"type":"Polygon","coordinates":[[[98.958142,18.796589],[98.958147,18.796072],[98.958408,18.796074],[98.958403,18.796591],[98.958142,18.796589]]]}},{"type":"Feature","properties":{"k":"pitch"},"geometry":{"type":"Polygon","coordinates":[[[98.95564,18.795686],[98.955793,18.794607],[98.956508,18.794698],[98.956355,18.795776],[98.95564,18.795686]]]}},{"type":"Feature","properties":{"k":"pitch"},"geometry":{"type":"Polygon","coordinates":[[[98.956514,18.795799],[98.95663,18.794911],[98.957108,18.794891],[98.957113,18.795708],[98.956514,18.795799]]]}},{"type":"Feature","properties":{"k":"pitch"},"geometry":{"type":"Polygon","coordinates":[[[98.953726,18.797022],[98.953723,18.796677],[98.954102,18.796675],[98.954105,18.79702],[98.953726,18.797022]]]}},{"type":"Feature","properties":{"k":"pitch"},"geometry":{"type":"Polygon","coordinates":[[[98.953435,18.799367],[98.953442,18.799078],[98.953707,18.799084],[98.9537,18.799373],[98.953435,18.799367]]]}},{"type":"Feature","properties":{"k":"pitch"},"geometry":{"type":"Polygon","coordinates":[[[98.954733,18.799942],[98.9547,18.799714],[98.955367,18.799649],[98.955356,18.79991],[98.954733,18.799942]]]}},{"type":"Feature","properties":{"k":"pitch"},"geometry":{"type":"Polygon","coordinates":[[[98.952877,18.798252],[98.952994,18.798253],[98.952992,18.798421],[98.952876,18.798419],[98.952877,18.798252]]]}},{"type":"Feature","properties":{"k":"pitch"},"geometry":{"type":"Polygon","coordinates":[[[98.953934,18.797578],[98.953935,18.797432],[98.954012,18.797432],[98.954011,18.797578],[98.953934,18.797578]]]}},{"type":"Feature","properties":{"k":"pitch"},"geometry":{"type":"Polygon","coordinates":[[[98.953942,18.798417],[98.953942,18.798294],[98.954022,18.798294],[98.954022,18.798417],[98.953942,18.798417]]]}},{"type":"Feature","properties":{"k":"park","n":"Khwai Yim Lawn"},"geometry":{"type":"Polygon","coordinates":[[[98.951614,18.806113],[98.950913,18.805391],[98.951477,18.80521],[98.951837,18.805601],[98.951614,18.806113]]]}},{"type":"Feature","properties":{"k":"park","n":"สนามคณะวิทยาศาสตร์"},"geometry":{"type":"Polygon","coordinates":[[[98.956746,18.802904],[98.956736,18.802837],[98.956865,18.80282],[98.956874,18.802887],[98.956746,18.802904]]]}},{"type":"Feature","properties":{"k":"park"},"geometry":{"type":"Polygon","coordinates":[[[98.977799,18.788716],[98.977828,18.788729],[98.977825,18.789035],[98.977786,18.788947],[98.977696,18.788887],[98.977581,18.788864],[98.977799,18.788716]]]}},{"type":"Feature","properties":{"k":"rural"},"geometry":{"type":"Polygon","coordinates":[[[99.04555,18.750608],[99.046329,18.750554],[99.046812,18.750488],[99.04686,18.750533],[99.046791,18.752215],[99.046165,18.752176],[99.046099,18.75258],[99.045605,18.752555],[99.045573,18.75223],[99.045702,18.75222],[99.045632,18.751128],[99.045546,18.751117],[99.04555,18.750608]]]}},{"type":"Feature","properties":{"k":"pitch"},"geometry":{"type":"Polygon","coordinates":[[[99.000595,18.778703],[99.000596,18.77854],[99.000928,18.778543],[99.000926,18.778707],[99.000595,18.778703]]]}},{"type":"Feature","properties":{"k":"forest"},"geometry":{"type":"Polygon","coordinates":[[[98.996358,18.769593],[98.997004,18.768853],[98.997219,18.769091],[98.997688,18.768742],[98.998484,18.769205],[98.998374,18.769831],[98.998488,18.769965],[98.998514,18.77073],[98.997037,18.771067],[98.997107,18.770523],[98.996593,18.769851],[98.996358,18.769593]]]}},{"type":"Feature","properties":{"k":"park"},"geometry":{"type":"Polygon","coordinates":[[[98.977158,18.785259],[98.977429,18.785248],[98.977446,18.785666],[98.977175,18.785676],[98.977158,18.785259]]]}},{"type":"Feature","properties":{"k":"forest"},"geometry":{"type":"Polygon","coordinates":[[[99.008204,18.816871],[99.010237,18.817396],[99.010227,18.818202],[99.009733,18.818115],[99.007974,18.817648],[99.008204,18.816871]]]}},{"type":"Feature","properties":{"k":"forest"},"geometry":{"type":"Polygon","coordinates":[[[98.955485,18.75291],[98.95444,18.753053],[98.954586,18.753569],[98.954232,18.75357],[98.953369,18.753516],[98.95312,18.753461],[98.953217,18.753119],[98.952685,18.752854],[98.953005,18.752812],[98.953287,18.752702],[98.955536,18.752356],[98.955485,18.75291]]]}},{"type":"Feature","properties":{"k":"rural"},"geometry":{"type":"Polygon","coordinates":[[[99.039243,18.742177],[99.0392,18.741209],[99.039818,18.741176],[99.039889,18.741354],[99.040144,18.741293],[99.039814,18.73929],[99.039046,18.739368],[99.039063,18.73788],[99.039842,18.73788],[99.039958,18.73728],[99.042047,18.738224],[99.042007,18.738659],[99.042188,18.739111],[99.042255,18.73968],[99.042069,18.739688],[99.042012,18.739877],[99.041892,18.739889],[99.041828,18.740186],[99.041682,18.740572],[99.041507,18.740562],[99.041381,18.740983],[99.041287,18.740999],[99.041276,18.741283],[99.041373,18.741415],[99.041539,18.741872],[99.041723,18.742544],[99.041399,18.742939],[99.041328,18.74312],[99.041255,18.743213],[99.040922,18.743229],[99.040804,18.743178],[99.040364,18.742573],[99.03972,18.742248],[99.039452,18.742177],[99.039243,18.742177]]]}},{"type":"Feature","properties":{"k":"rural"},"geometry":{"type":"Polygon","coordinates":[[[99.041378,18.743259],[99.041678,18.74331],[99.042424,18.742944],[99.043352,18.742787],[99.043448,18.743274],[99.043861,18.743203],[99.043792,18.743701],[99.043475,18.743965],[99.043545,18.744153],[99.043292,18.744294],[99.041983,18.744228],[99.041963,18.744057],[99.041548,18.743836],[99.041222,18.743351],[99.041319,18.74333],[99.041378,18.743259]]]}},{"type":"Feature","properties":{"k":"rural"},"geometry":{"type":"Polygon","coordinates":[[[98.985356,18.844537],[98.985559,18.844624],[98.985598,18.844731],[98.985894,18.844919],[98.987041,18.845421],[98.986976,18.845681],[98.985272,18.84548],[98.985299,18.844791],[98.985356,18.844537]]]}},{"type":"Feature","properties":{"k":"rural"},"geometry":{"type":"Polygon","coordinates":[[[98.987497,18.844543],[98.987959,18.844721],[98.987868,18.84501],[98.987379,18.844832],[98.987497,18.844543]]]}},{"type":"Feature","properties":{"k":"park","n":"King Rama IX Park"},"geometry":{"type":"Polygon","coordinates":[[[98.981007,18.819297],[98.980407,18.821133],[98.980005,18.821174],[98.977088,18.822409],[98.976763,18.82133],[98.976666,18.820937],[98.976565,18.820302],[98.976463,18.820005],[98.976385,18.819934],[98.976281,18.819902],[98.975782,18.819912],[98.975857,18.819274],[98.975933,18.819206],[98.979114,18.819512],[98.97942,18.819493],[98.98035,18.819214],[98.980686,18.819189],[98.981007,18.819297]]]}},{"type":"Feature","properties":{"k":"forest"},"geometry":{"type":"Polygon","coordinates":[[[98.979075,18.827547],[98.980835,18.827895],[98.98101,18.827995],[98.981125,18.82801],[98.981324,18.827908],[98.982253,18.827783],[98.982036,18.827982],[98.980862,18.828184],[98.980803,18.828229],[98.98073,18.828389],[98.980261,18.828938],[98.980164,18.828925],[98.979939,18.828799],[98.979714,18.828489],[98.978845,18.828139],[98.979075,18.827547]]]}},{"type":"Feature","properties":{"k":"rural"},"geometry":{"type":"Polygon","coordinates":[[[98.928114,18.730622],[98.928387,18.730871],[98.928851,18.731102],[98.928637,18.73184],[98.92861,18.73208],[98.928827,18.733206],[98.928798,18.733279],[98.928041,18.733427],[98.927483,18.733284],[98.927513,18.733046],[98.927631,18.733043],[98.92776,18.732864],[98.927765,18.732769],[98.928022,18.732672],[98.927982,18.73247],[98.928044,18.732344],[98.928232,18.732249],[98.927309,18.731326],[98.928114,18.730622]]]}},{"type":"Feature","properties":{"k":"park"},"geometry":{"type":"Polygon","coordinates":[[[98.997349,18.775457],[98.996809,18.775932],[98.996095,18.77525],[98.99687,18.774935],[98.997142,18.774936],[98.997349,18.775457]]]}},{"type":"Feature","properties":{"k":"pitch"},"geometry":{"type":"Polygon","coordinates":[[[99.031755,18.751657],[99.031857,18.751973],[99.031682,18.752014],[99.031592,18.751705],[99.031755,18.751657]]]}},{"type":"Feature","properties":{"k":"pitch"},"geometry":{"type":"Polygon","coordinates":[[[99.031592,18.751705],[99.031641,18.751889],[99.031284,18.751998],[99.031218,18.751822],[99.031592,18.751705]]]}},{"type":"Feature","properties":{"k":"rural"},"geometry":{"type":"Polygon","coordinates":[[[98.970605,18.801298],[98.970795,18.801638],[98.970541,18.801752],[98.970451,18.801835],[98.970475,18.801957],[98.970163,18.8021],[98.97005,18.801894],[98.970309,18.801757],[98.970181,18.801511],[98.970605,18.801298]]]}},{"type":"Feature","properties":{"k":"pitch"},"geometry":{"type":"Polygon","coordinates":[[[98.974755,18.771001],[98.974566,18.770903],[98.974617,18.770814],[98.974806,18.770912],[98.974755,18.771001]]]}},{"type":"Feature","properties":{"k":"pitch"},"geometry":{"type":"Polygon","coordinates":[[[98.974512,18.77119],[98.974614,18.77099],[98.974719,18.771038],[98.974616,18.771238],[98.974512,18.77119]]]}},{"type":"Feature","properties":{"k":"park","n":"Railway Park"},"geometry":{"type":"Polygon","coordinates":[[[99.017834,18.788551],[99.015158,18.788542],[99.015116,18.787612],[99.014908,18.785918],[99.016315,18.785641],[99.016303,18.786817],[99.017859,18.786825],[99.017834,18.788551]]]}},{"type":"Feature","properties":{"k":"pitch"},"geometry":{"type":"Polygon","coordinates":[[[99.014853,18.758177],[99.014896,18.757913],[99.01503,18.757933],[99.014987,18.758197],[99.014853,18.758177]]]}},{"type":"Feature","properties":{"k":"pitch"},"geometry":{"type":"Polygon","coordinates":[[[99.015004,18.758175],[99.015093,18.757656],[99.015335,18.757693],[99.015245,18.758213],[99.015004,18.758175]]]}},{"type":"Feature","properties":{"k":"pitch"},"geometry":{"type":"Polygon","coordinates":[[[98.963268,18.84127],[98.963303,18.84094],[98.963457,18.840954],[98.963423,18.841284],[98.963268,18.84127]]]}},{"type":"Feature","properties":{"k":"pitch"},"geometry":{"type":"Polygon","coordinates":[[[98.987319,18.79476],[98.987561,18.794793],[98.987525,18.795026],[98.987181,18.794978],[98.987217,18.794746],[98.987319,18.79476]]]}},{"type":"Feature","properties":{"k":"rural"},"geometry":{"type":"Polygon","coordinates":[[[99.053427,18.753612],[99.053443,18.753713],[99.053346,18.754059],[99.0534,18.754348],[99.053534,18.754572],[99.053687,18.755014],[99.052758,18.755513],[99.052713,18.755009],[99.052618,18.754626],[99.052607,18.754293],[99.052686,18.753958],[99.052891,18.753534],[99.053067,18.7534],[99.05321,18.75344],[99.053315,18.753575],[99.053427,18.753612]]]}},{"type":"Feature","properties":{"k":"rural"},"geometry":{"type":"Polygon","coordinates":[[[99.046948,18.753951],[99.047462,18.75409],[99.047326,18.754544],[99.046811,18.754406],[99.046948,18.753951]]]}},{"type":"Feature","properties":{"k":"rural"},"geometry":{"type":"Polygon","coordinates":[[[98.959555,18.731636],[98.959442,18.731686],[98.959423,18.732019],[98.959568,18.732253],[98.959463,18.732344],[98.958931,18.731882],[98.959217,18.731651],[98.959214,18.731605],[98.959501,18.731507],[98.959555,18.731636]]]}},{"type":"Feature","properties":{"k":"rural"},"geometry":{"type":"Polygon","coordinates":[[[98.958522,18.731819],[98.959447,18.732624],[98.958299,18.733209],[98.958216,18.733086],[98.958353,18.732972],[98.958197,18.732775],[98.958149,18.732794],[98.958034,18.732723],[98.957907,18.732434],[98.957755,18.732296],[98.958522,18.731819]]]}},{"type":"Feature","properties":{"k":"pitch"},"geometry":{"type":"Polygon","coordinates":[[[99.030418,18.789171],[99.030529,18.789428],[99.030352,18.789496],[99.030241,18.789239],[99.030418,18.789171]]]}},{"type":"Feature","properties":{"k":"rural"},"geometry":{"type":"Polygon","coordinates":[[[99.053877,18.813515],[99.055078,18.813729],[99.054612,18.81448],[99.054521,18.81449],[99.054526,18.814307],[99.054256,18.814313],[99.054016,18.814378],[99.053877,18.813515]]]}},{"type":"Feature","properties":{"k":"rural"},"geometry":{"type":"Polygon","coordinates":[[[99.052954,18.816501],[99.053276,18.816641],[99.053104,18.816953],[99.052954,18.816501]]]}},{"type":"Feature","properties":{"k":"rural"},"geometry":{"type":"Polygon","coordinates":[[[99.052863,18.816552],[99.053056,18.817049],[99.052873,18.817337],[99.05282,18.817349],[99.052611,18.817745],[99.052305,18.817044],[99.052863,18.816552]]]}},{"type":"Feature","properties":{"k":"rural"},"geometry":{"type":"Polygon","coordinates":[[[99.048119,18.764666],[99.048427,18.764558],[99.048792,18.765828],[99.04823,18.765962],[99.048202,18.765851],[99.047727,18.765887],[99.047676,18.765562],[99.047125,18.76555],[99.04712,18.765203],[99.046959,18.765196],[99.046945,18.764744],[99.047113,18.764656],[99.048119,18.764666]]]}},{"type":"Feature","properties":{"k":"pitch"},"geometry":{"type":"Polygon","coordinates":[[[98.955846,18.800022],[98.955852,18.799654],[98.956372,18.799663],[98.956365,18.80003],[98.955846,18.800022]]]}},{"type":"Feature","properties":{"k":"pitch"},"geometry":{"type":"Polygon","coordinates":[[[99.008986,18.758681],[99.009172,18.75871],[99.009124,18.758986],[99.008937,18.758957],[99.008986,18.758681]]]}},{"type":"Feature","properties":{"k":"park"},"geometry":{"type":"Polygon","coordinates":[[[99.002787,18.813723],[99.002625,18.813654],[99.00313,18.812789],[99.003192,18.812374],[99.003182,18.811531],[99.00374,18.809803],[99.003987,18.809787],[99.003854,18.81025],[99.003317,18.811355],[99.003276,18.811571],[99.003376,18.812662],[99.003341,18.81292],[99.002937,18.813658],[99.002787,18.813723]]]}},{"type":"Feature","properties":{"k":"park"},"geometry":{"type":"Polygon","coordinates":[[[98.978414,18.794985],[98.978338,18.793],[98.978385,18.793062],[98.978503,18.795015],[98.978462,18.795015],[98.978479,18.795371],[98.978552,18.795583],[98.978504,18.795633],[98.978534,18.795702],[98.978594,18.795715],[98.97866,18.795672],[98.978717,18.795691],[98.981589,18.795592],[98.981591,18.795643],[98.978514,18.795772],[98.978455,18.795679],[98.978414,18.794985]]]}},{"type":"Feature","properties":{"k":"pitch"},"geometry":{"type":"Polygon","coordinates":[[[98.996023,18.795968],[98.995996,18.795667],[98.996362,18.795638],[98.996388,18.795939],[98.996023,18.795968]]]}},{"type":"Feature","properties":{"k":"rural"},"geometry":{"type":"Polygon","coordinates":[[[98.974694,18.808922],[98.974778,18.808188],[98.97515,18.808249],[98.975039,18.809086],[98.974694,18.808922]]]}},{"type":"Feature","properties":{"k":"pitch"},"geometry":{"type":"Polygon","coordinates":[[[99.011243,18.802736],[99.011234,18.802553],[99.011587,18.802537],[99.011596,18.80272],[99.011243,18.802736]]]}},{"type":"Feature","properties":{"k":"pitch"},"geometry":{"type":"Polygon","coordinates":[[[99.011589,18.802507],[99.011231,18.80252],[99.011223,18.802332],[99.011581,18.802319],[99.011589,18.802507]]]}},{"type":"Feature","properties":{"k":"park","n":"Sukkhaphap Ban Den Park"},"geometry":{"type":"Polygon","coordinates":[[[99.00527,18.77296],[99.00509,18.7726],[99.005685,18.77204],[99.006025,18.771862],[99.006371,18.771766],[99.006515,18.772595],[99.00527,18.77296]]]}},{"type":"Feature","properties":{"k":"cemetery"},"geometry":{"type":"Polygon","coordinates":[[[99.007774,18.771014],[99.007801,18.770704],[99.007186,18.7707],[99.007176,18.770527],[99.006923,18.77054],[99.006855,18.770061],[99.007711,18.76989],[99.008132,18.769766],[99.008072,18.769487],[99.008712,18.769394],[99.008858,18.769964],[99.00823,18.770136],[99.008253,18.770425],[99.008906,18.770544],[99.008712,18.770993],[99.007774,18.771014]]]}},{"type":"Feature","properties":{"k":"cemetery"},"geometry":{"type":"Polygon","coordinates":[[[98.979833,18.801974],[98.979607,18.801306],[98.980376,18.800749],[98.980769,18.801626],[98.979833,18.801974]]]}},{"type":"Feature","properties":{"k":"park"},"geometry":{"type":"Polygon","coordinates":[[[98.972331,18.793531],[98.972284,18.793403],[98.972388,18.793371],[98.972434,18.793501],[98.972331,18.793531]]]}},{"type":"Feature","properties":{"k":"rural"},"geometry":{"type":"Polygon","coordinates":[[[98.977221,18.796886],[98.977414,18.797274],[98.976546,18.797781],[98.976292,18.797336],[98.977221,18.796886]]]}},{"type":"Feature","properties":{"k":"rural"},"geometry":{"type":"Polygon","coordinates":[[[98.980665,18.798677],[98.980399,18.798116],[98.981423,18.797621],[98.982583,18.797575],[98.982758,18.797625],[98.982886,18.79774],[98.982939,18.797928],[98.982656,18.798093],[98.982288,18.798036],[98.982051,18.798226],[98.981971,18.798379],[98.981731,18.798517],[98.981515,18.798581],[98.981089,18.798487],[98.980929,18.798487],[98.980665,18.798677]]]}},{"type":"Feature","properties":{"k":"park"},"geometry":{"type":"Polygon","coordinates":[[[98.993708,18.794703],[98.993613,18.794707],[98.993621,18.794219],[98.993564,18.792683],[98.993608,18.792648],[98.993708,18.794703]]]}},{"type":"Feature","properties":{"k":"park"},"geometry":{"type":"Polygon","coordinates":[[[98.993093,18.795241],[98.993413,18.795233],[98.993497,18.795296],[98.991963,18.795331],[98.992053,18.795283],[98.993093,18.795241]]]}},{"type":"Feature","properties":{"k":"pitch"},"geometry":{"type":"Polygon","coordinates":[[[98.987918,18.792262],[98.987938,18.79128],[98.988557,18.791291],[98.988537,18.792273],[98.987918,18.792262]]]}},{"type":"Feature","properties":{"k":"pitch"},"geometry":{"type":"Polygon","coordinates":[[[98.961834,18.842207],[98.961575,18.843595],[98.961285,18.843793],[98.961074,18.843795],[98.960814,18.843729],[98.960678,18.843563],[98.960912,18.842113],[98.961834,18.842207]]]}},{"type":"Feature","properties":{"k":"rural"},"geometry":{"type":"Polygon","coordinates":[[[98.964636,18.819949],[98.964508,18.820001],[98.964446,18.818981],[98.964546,18.817891],[98.964698,18.817014],[98.964997,18.815986],[98.965188,18.815691],[98.966108,18.815851],[98.966125,18.816043],[98.966423,18.816194],[98.965997,18.817877],[98.96601,18.818159],[98.967079,18.818284],[98.96697,18.81912],[98.965898,18.819347],[98.965526,18.819561],[98.964636,18.819949]]]}},{"type":"Feature","properties":{"k":"rural"},"geometry":{"type":"Polygon","coordinates":[[[98.968197,18.815374],[98.967992,18.815398],[98.967786,18.815602],[98.967497,18.815629],[98.967267,18.815614],[98.967116,18.815663],[98.967052,18.815636],[98.967045,18.815462],[98.967317,18.815349],[98.967396,18.815414],[98.967537,18.815376],[98.96753,18.81526],[98.967664,18.81512],[98.967678,18.814713],[98.967413,18.814701],[98.967406,18.814534],[98.96776,18.814498],[98.967745,18.814192],[98.968393,18.813791],[98.968295,18.815351],[98.968197,18.815374]]]}},{"type":"Feature","properties":{"k":"pitch"},"geometry":{"type":"Polygon","coordinates":[[[98.982101,18.765312],[98.982278,18.765503],[98.981951,18.765775],[98.981774,18.765584],[98.982101,18.765312]]]}},{"type":"Feature","properties":{"k":"pitch"},"geometry":{"type":"Polygon","coordinates":[[[98.981436,18.765575],[98.981676,18.765718],[98.981445,18.766065],[98.981206,18.765923],[98.981436,18.765575]]]}},{"type":"Feature","properties":{"k":"pitch"},"geometry":{"type":"Polygon","coordinates":[[[98.981583,18.765365],[98.9819,18.765103],[98.982075,18.765292],[98.981758,18.765554],[98.981583,18.765365]]]}},{"type":"Feature","properties":{"k":"pitch"},"geometry":{"type":"Polygon","coordinates":[[[98.981951,18.765863],[98.981716,18.766216],[98.981494,18.766084],[98.98173,18.765731],[98.981951,18.765863]]]}},{"type":"Feature","properties":{"k":"forest"},"geometry":{"type":"Polygon","coordinates":[[[99.030103,18.79473],[99.030181,18.79463],[99.030209,18.794264],[99.030134,18.794046],[99.03011,18.793781],[99.030179,18.793425],[99.030299,18.793117],[99.030467,18.79299],[99.03061,18.792771],[99.030683,18.792719],[99.030818,18.792746],[99.030947,18.79281],[99.03127,18.793326],[99.031471,18.793405],[99.031685,18.793291],[99.031861,18.793299],[99.032001,18.79334],[99.03213,18.79333],[99.0323,18.793428],[99.032768,18.793447],[99.033219,18.793535],[99.033181,18.793589],[99.032935,18.793702],[99.032822,18.793682],[99.032779,18.793624],[99.032629,18.793702],[99.032575,18.79366],[99.032077,18.793565],[99.032012,18.793604],[99.031754,18.793604],[99.031658,18.793472],[99.031582,18.793457],[99.031492,18.793479],[99.031416,18.793538],[99.030993,18.793628],[99.030963,18.793477],[99.030654,18.793554],[99.030722,18.793762],[99.030735,18.794229],[99.030787,18.794402],[99.030493,18.794944],[99.03022,18.795305],[99.030102,18.795295],[99.030016,18.795158],[99.029919,18.795132],[99.029887,18.79499],[99.030103,18.79473]]]}},{"type":"Feature","properties":{"k":"park"},"geometry":{"type":"Polygon","coordinates":[[[98.96432,18.825685],[98.964502,18.825583],[98.964835,18.824918],[98.964963,18.824857],[98.965001,18.824888],[98.96506,18.825182],[98.965038,18.825228],[98.965054,18.825329],[98.964818,18.825405],[98.964749,18.825507],[98.964845,18.825791],[98.965006,18.825822],[98.96514,18.825807],[98.965183,18.826121],[98.96506,18.826137],[98.964636,18.825939],[98.96454,18.825923],[98.964405,18.825959],[98.96432,18.825685]]]}},{"type":"Feature","properties":{"k":"rural"},"geometry":{"type":"Polygon","coordinates":[[[98.968357,18.82005],[98.969377,18.819776],[98.969634,18.820121],[98.969586,18.820705],[98.969259,18.820852],[98.968926,18.820822],[98.968439,18.820308],[98.968357,18.82005]]]}},{"type":"Feature","properties":{"k":"pitch"},"geometry":{"type":"Polygon","coordinates":[[[99.017617,18.75753],[99.017784,18.757561],[99.017728,18.757832],[99.017561,18.757802],[99.017617,18.75753]]]}},{"type":"Feature","properties":{"k":"pitch"},"geometry":{"type":"Polygon","coordinates":[[[99.017556,18.75785],[99.017735,18.757885],[99.017673,18.758173],[99.017494,18.758139],[99.017556,18.75785]]]}},{"type":"Feature","properties":{"k":"pitch"},"geometry":{"type":"Polygon","coordinates":[[[99.021735,18.73163],[99.021847,18.731634],[99.021838,18.731858],[99.021726,18.731854],[99.021735,18.73163]]]}},{"type":"Feature","properties":{"k":"rural"},"geometry":{"type":"Polygon","coordinates":[[[98.992213,18.729278],[98.992267,18.729436],[98.991931,18.729759],[98.991449,18.730061],[98.991776,18.730528],[98.992092,18.730798],[98.99177,18.730973],[98.99128,18.731402],[98.991046,18.732042],[98.99139,18.732093],[98.991355,18.732408],[98.990851,18.732466],[98.990716,18.73253],[98.990606,18.732444],[98.989698,18.732578],[98.98934,18.730997],[98.989963,18.730793],[98.990014,18.730498],[98.991302,18.730101],[98.991098,18.729532],[98.992213,18.729278]]]}},{"type":"Feature","properties":{"k":"rural"},"geometry":{"type":"Polygon","coordinates":[[[98.994106,18.732886],[98.992605,18.732838],[98.992989,18.732518],[98.993192,18.7325],[98.994127,18.732591],[98.994106,18.732886]]]}},{"type":"Feature","properties":{"k":"pitch"},"geometry":{"type":"Polygon","coordinates":[[[98.994005,18.814039],[98.994059,18.813444],[98.995105,18.813636],[98.995039,18.814175],[98.994005,18.814039]]]}},{"type":"Feature","properties":{"k":"pitch"},"geometry":{"type":"Polygon","coordinates":[[[98.993137,18.813243],[98.993111,18.813509],[98.992914,18.813491],[98.99294,18.813226],[98.993137,18.813243]]]}},{"type":"Feature","properties":{"k":"rural"},"geometry":{"type":"Polygon","coordinates":[[[98.985215,18.823683],[98.986018,18.823793],[98.986581,18.824696],[98.987465,18.824818],[98.987445,18.825123],[98.987965,18.825164],[98.987997,18.8249],[98.988544,18.824986],[98.988442,18.825463],[98.98878,18.825519],[98.988679,18.825968],[98.990894,18.826463],[98.990775,18.827059],[98.99055,18.827018],[98.99046,18.827356],[98.990184,18.82725],[98.990132,18.827463],[98.99004,18.827428],[98.989466,18.827611],[98.989246,18.827595],[98.989064,18.827276],[98.988018,18.827006],[98.98694,18.826935],[98.986462,18.825224],[98.984767,18.825656],[98.98496,18.826529],[98.984727,18.826527],[98.984767,18.826681],[98.984696,18.826624],[98.983664,18.826374],[98.983338,18.826321],[98.983507,18.82611],[98.983767,18.826224],[98.985009,18.82443],[98.984815,18.824287],[98.98517,18.824052],[98.985215,18.823683]]]}},{"type":"Feature","properties":{"k":"pitch"},"geometry":{"type":"Polygon","coordinates":[[[98.955987,18.783549],[98.956167,18.783464],[98.956318,18.78375],[98.956138,18.783835],[98.955987,18.783549]]]}},{"type":"Feature","properties":{"k":"pitch"},"geometry":{"type":"Polygon","coordinates":[[[98.940924,18.767415],[98.940922,18.767175],[98.941053,18.767174],[98.941054,18.767414],[98.940924,18.767415]]]}},{"type":"Feature","properties":{"k":"rural"},"geometry":{"type":"Polygon","coordinates":[[[99.019892,18.734067],[99.019953,18.73444],[99.020159,18.73442],[99.020116,18.734189],[99.020242,18.734133],[99.020065,18.733821],[99.020247,18.73387],[99.021229,18.73366],[99.02132,18.733956],[99.021565,18.734473],[99.020376,18.734935],[99.020453,18.735127],[99.020309,18.735179],[99.020392,18.735369],[99.019902,18.735555],[99.019808,18.7351],[99.019904,18.734882],[99.019143,18.734577],[99.019175,18.734488],[99.019303,18.734364],[99.019497,18.733996],[99.019711,18.734067],[99.019892,18.734067]]]}},{"type":"Feature","properties":{"k":"rural"},"geometry":{"type":"Polygon","coordinates":[[[99.01488,18.751694],[99.015986,18.752236],[99.015899,18.75277],[99.014721,18.752254],[99.014705,18.752095],[99.014745,18.751915],[99.01488,18.751694]]]}},{"type":"Feature","properties":{"k":"rural"},"geometry":{"type":"Polygon","coordinates":[[[99.012501,18.751768],[99.013247,18.751905],[99.013142,18.752916],[99.012415,18.752964],[99.012501,18.751768]]]}},{"type":"Feature","properties":{"k":"rural"},"geometry":{"type":"Polygon","coordinates":[[[99.043636,18.764573],[99.043668,18.764812],[99.042773,18.764969],[99.042429,18.765076],[99.042247,18.764715],[99.042322,18.764715],[99.042314,18.764636],[99.042719,18.764512],[99.043094,18.764477],[99.043116,18.764568],[99.043309,18.764578],[99.04332,18.764644],[99.043636,18.764573]]]}},{"type":"Feature","properties":{"k":"pitch"},"geometry":{"type":"Polygon","coordinates":[[[99.034493,18.738042],[99.034638,18.738046],[99.034629,18.738327],[99.034484,18.738323],[99.034493,18.738042]]]}},{"type":"Feature","properties":{"k":"pitch"},"geometry":{"type":"Polygon","coordinates":[[[99.034304,18.738035],[99.034452,18.73804],[99.034443,18.738324],[99.034295,18.73832],[99.034304,18.738035]]]}},{"type":"Feature","properties":{"k":"pitch"},"geometry":{"type":"Polygon","coordinates":[[[99.03309,18.742525],[99.033359,18.743231],[99.031458,18.74388],[99.031189,18.743174],[99.03309,18.742525]]]}},{"type":"Feature","properties":{"k":"rural"},"geometry":{"type":"Polygon","coordinates":[[[99.039189,18.74334],[99.03922,18.742317],[99.039525,18.742305],[99.040149,18.7426],[99.040464,18.743038],[99.040373,18.743185],[99.040386,18.743371],[99.040287,18.743976],[99.040608,18.744164],[99.0405,18.744394],[99.0401,18.744489],[99.040019,18.74474],[99.040045,18.744923],[99.03973,18.745149],[99.03858,18.745114],[99.038513,18.744346],[99.038587,18.744059],[99.039189,18.74334]]]}},{"type":"Feature","properties":{"k":"forest"},"geometry":{"type":"Polygon","coordinates":[[[99.041438,18.750802],[99.042032,18.750691],[99.042076,18.750906],[99.042142,18.750985],[99.042498,18.750936],[99.043676,18.750931],[99.044076,18.750787],[99.045518,18.750591],[99.04555,18.750608],[99.045546,18.751117],[99.045632,18.751128],[99.045702,18.75222],[99.045573,18.75223],[99.045605,18.752555],[99.044248,18.752527],[99.04413,18.75192],[99.043958,18.751824],[99.043234,18.75162],[99.041887,18.751402],[99.041713,18.751729],[99.041635,18.751798],[99.041566,18.751636],[99.041566,18.751519],[99.041629,18.751446],[99.041438,18.750802]]]}},{"type":"Feature","properties":{"k":"rural"},"geometry":{"type":"Polygon","coordinates":[[[98.965842,18.808058],[98.965973,18.80859],[98.965772,18.808752],[98.965284,18.808871],[98.965141,18.808226],[98.965842,18.808058]]]}},{"type":"Feature","properties":{"k":"forest"},"geometry":{"type":"Polygon","coordinates":[[[98.958174,18.829303],[98.957953,18.828888],[98.957515,18.828879],[98.957468,18.828348],[98.957892,18.828084],[98.95813,18.82809],[98.958213,18.82826],[98.958566,18.828209],[98.958914,18.829242],[98.95878,18.829476],[98.958517,18.829491],[98.958174,18.829303]]]}},{"type":"Feature","properties":{"k":"forest"},"geometry":{"type":"Polygon","coordinates":[[[98.957769,18.826178],[98.957485,18.826241],[98.957498,18.826734],[98.957777,18.827765],[98.957584,18.827826],[98.957541,18.827993],[98.957442,18.828054],[98.957271,18.826064],[98.957777,18.825853],[98.957769,18.826178]]]}},{"type":"Feature","properties":{"k":"park"},"geometry":{"type":"Polygon","coordinates":[[[98.962757,18.831226],[98.962798,18.831349],[98.962671,18.831708],[98.962691,18.831974],[98.962857,18.832974],[98.962827,18.833038],[98.962548,18.833145],[98.962462,18.833145],[98.962371,18.833089],[98.961856,18.831759],[98.961832,18.831603],[98.961902,18.831512],[98.962757,18.831226]]]}},{"type":"Feature","properties":{"k":"rural"},"geometry":{"type":"Polygon","coordinates":[[[99.028468,18.80423],[99.029211,18.804266],[99.029287,18.804464],[99.029254,18.80455],[99.028417,18.804598],[99.028358,18.80457],[99.028407,18.804337],[99.028447,18.804332],[99.028468,18.80423]]]}},{"type":"Feature","properties":{"k":"rural"},"geometry":{"type":"Polygon","coordinates":[[[99.036003,18.801259],[99.035984,18.801531],[99.03629,18.801546],[99.036279,18.801716],[99.036582,18.801815],[99.036512,18.802542],[99.035967,18.802344],[99.03562,18.802271],[99.035646,18.801272],[99.03582,18.801237],[99.036003,18.801259]]]}},{"type":"Feature","properties":{"k":"rural"},"geometry":{"type":"Polygon","coordinates":[[[99.001967,18.754431],[99.001863,18.754583],[99.001463,18.754336],[99.001568,18.754192],[99.001967,18.754431]]]}},{"type":"Feature","properties":{"k":"pitch"},"geometry":{"type":"Polygon","coordinates":[[[98.983766,18.79278],[98.983765,18.79297],[98.983664,18.79297],[98.983666,18.792779],[98.983766,18.79278]]]}},{"type":"Feature","properties":{"k":"pitch"},"geometry":{"type":"Polygon","coordinates":[[[98.983643,18.792808],[98.983644,18.792992],[98.983341,18.792993],[98.98334,18.792809],[98.983643,18.792808]]]}},{"type":"Feature","properties":{"k":"pitch"},"geometry":{"type":"Polygon","coordinates":[[[98.983298,18.792834],[98.983299,18.793018],[98.983169,18.793019],[98.983168,18.792834],[98.983298,18.792834]]]}},{"type":"Feature","properties":{"k":"park","n":"Hippodrome"},"geometry":{"type":"Polygon","coordinates":[[[98.941054,18.758661],[98.941057,18.758394],[98.94139,18.758397],[98.941388,18.758664],[98.941054,18.758661]]]}},{"type":"Feature","properties":{"k":"forest"},"geometry":{"type":"Polygon","coordinates":[[[98.927034,18.760521],[98.926722,18.759398],[98.926826,18.759266],[98.927568,18.759759],[98.927034,18.760521]]]}},{"type":"Feature","properties":{"k":"rural"},"geometry":{"type":"Polygon","coordinates":[[[98.931131,18.760931],[98.931726,18.760116],[98.932031,18.760354],[98.931433,18.761145],[98.931131,18.760931]]]}},{"type":"Feature","properties":{"k":"rural"},"geometry":{"type":"Polygon","coordinates":[[[98.930107,18.761399],[98.930603,18.76067],[98.932197,18.761717],[98.931676,18.762479],[98.930107,18.761399]]]}},{"type":"Feature","properties":{"k":"rural"},"geometry":{"type":"Polygon","coordinates":[[[98.927447,18.762018],[98.927072,18.760594],[98.929472,18.762197],[98.928928,18.762923],[98.927447,18.762018]]]}},{"type":"Feature","properties":{"k":"rural"},"geometry":{"type":"Polygon","coordinates":[[[98.928986,18.762959],[98.930074,18.761477],[98.931699,18.76256],[98.931174,18.763258],[98.930321,18.762702],[98.929795,18.763489],[98.928986,18.762959]]]}},{"type":"Feature","properties":{"k":"rural"},"geometry":{"type":"Polygon","coordinates":[[[98.926848,18.75922],[98.927954,18.757736],[98.928708,18.75824],[98.927602,18.759724],[98.926848,18.75922]]]}},{"type":"Feature","properties":{"k":"rural"},"geometry":{"type":"Polygon","coordinates":[[[98.928398,18.7603],[98.927648,18.759779],[98.928834,18.758299],[98.929579,18.758797],[98.928398,18.7603]]]}},{"type":"Feature","properties":{"k":"rural"},"geometry":{"type":"Polygon","coordinates":[[[98.929472,18.762152],[98.928644,18.761633],[98.929209,18.760892],[98.930003,18.761427],[98.929472,18.762152]]]}},{"type":"Feature","properties":{"k":"rural"},"geometry":{"type":"Polygon","coordinates":[[[98.927069,18.760548],[98.927616,18.759837],[98.928347,18.760326],[98.927815,18.761044],[98.927069,18.760548]]]}},{"type":"Feature","properties":{"k":"rural"},"geometry":{"type":"Polygon","coordinates":[[[98.927873,18.761078],[98.928445,18.760322],[98.929214,18.760829],[98.928634,18.761595],[98.927873,18.761078]]]}},{"type":"Feature","properties":{"k":"rural"},"geometry":{"type":"Polygon","coordinates":[[[98.928445,18.760322],[98.928814,18.759834],[98.929191,18.760072],[98.929315,18.760342],[98.929448,18.760486],[98.929214,18.760829],[98.928445,18.760322]]]}},{"type":"Feature","properties":{"k":"rural"},"geometry":{"type":"Polygon","coordinates":[[[98.928814,18.759834],[98.929608,18.75883],[98.929993,18.759113],[98.929191,18.760072],[98.928814,18.759834]]]}},{"type":"Feature","properties":{"k":"forest","n":"Ko Klang Ang Kaeo"},"geometry":{"type":"Polygon","coordinates":[[[98.949614,18.807292],[98.94953,18.807223],[98.949489,18.807223],[98.94948,18.807183],[98.949559,18.807074],[98.949534,18.807032],[98.949564,18.806928],[98.949661,18.806833],[98.949724,18.806882],[98.949678,18.807025],[98.949722,18.807044],[98.949716,18.80711],[98.949669,18.80716],[98.949738,18.807182],[98.949614,18.807292]]]}},{"type":"Feature","properties":{"k":"forest","n":"Ko Klang Ang Kaeo Mot"},"geometry":{"type":"Polygon","coordinates":[[[98.94891,18.806241],[98.94891,18.806182],[98.948844,18.806133],[98.948838,18.806068],[98.948929,18.805959],[98.948994,18.805932],[98.949035,18.805982],[98.949157,18.806017],[98.94919,18.806076],[98.949275,18.806128],[98.949255,18.806207],[98.949298,18.806247],[98.949236,18.806285],[98.94922,18.806342],[98.94917,18.806355],[98.949169,18.806388],[98.949117,18.806391],[98.94913,18.806363],[98.949083,18.80635],[98.949062,18.80628],[98.949008,18.806235],[98.94891,18.806241]]]}},{"type":"Feature","properties":{"k":"rural"},"geometry":{"type":"Polygon","coordinates":[[[99.030928,18.759288],[99.030938,18.75969],[99.031253,18.759865],[99.031202,18.760277],[99.031203,18.761204],[99.031298,18.761534],[99.031265,18.761687],[99.030165,18.762025],[99.030549,18.759264],[99.030928,18.759288]]]}},{"type":"Feature","properties":{"k":"pitch"},"geometry":{"type":"Polygon","coordinates":[[[98.985877,18.785154],[98.985889,18.785466],[98.985687,18.785473],[98.985675,18.785161],[98.985877,18.785154]]]}},{"type":"Feature","properties":{"k":"pitch"},"geometry":{"type":"Polygon","coordinates":[[[98.986072,18.785148],[98.986083,18.785459],[98.985889,18.785466],[98.985877,18.785154],[98.986072,18.785148]]]}},{"type":"Feature","properties":{"k":"pitch"},"geometry":{"type":"Polygon","coordinates":[[[98.956604,18.749523],[98.956487,18.749387],[98.95656,18.749293],[98.956484,18.749251],[98.956656,18.749064],[98.95684,18.749096],[98.956827,18.749523],[98.956604,18.749523]]]}},{"type":"Feature","properties":{"k":"rural"},"geometry":{"type":"Polygon","coordinates":[[[98.955906,18.751598],[98.955956,18.751445],[98.956041,18.751433],[98.956106,18.751166],[98.956034,18.751151],[98.956111,18.750724],[98.956313,18.750709],[98.956641,18.751237],[98.956815,18.751374],[98.956976,18.75128],[98.957097,18.751445],[98.95696,18.751529],[98.955906,18.751598]]]}},{"type":"Feature","properties":{"k":"rural"},"geometry":{"type":"Polygon","coordinates":[[[98.959934,18.750187],[98.959962,18.749554],[98.960146,18.749562],[98.960224,18.750102],[98.959934,18.750187]]]}},{"type":"Feature","properties":{"k":"rural"},"geometry":{"type":"Polygon","coordinates":[[[98.960077,18.745528],[98.960467,18.746058],[98.961264,18.746041],[98.961503,18.746377],[98.961192,18.746512],[98.960474,18.746389],[98.96025,18.746418],[98.960026,18.746256],[98.959932,18.746304],[98.959659,18.745973],[98.959518,18.746008],[98.959413,18.745802],[98.95929,18.745836],[98.958905,18.745464],[98.959187,18.7453],[98.959546,18.745264],[98.959571,18.745548],[98.960077,18.745528]]]}},{"type":"Feature","properties":{"k":"pitch"},"geometry":{"type":"Polygon","coordinates":[[[98.956727,18.747605],[98.956733,18.74745],[98.956981,18.747453],[98.956976,18.74761],[98.956727,18.747605]]]}},{"type":"Feature","properties":{"k":"pitch"},"geometry":{"type":"Polygon","coordinates":[[[98.959587,18.747765],[98.959601,18.747521],[98.959752,18.747523],[98.959742,18.747772],[98.959587,18.747765]]]}},{"type":"Feature","properties":{"k":"pitch"},"geometry":{"type":"Polygon","coordinates":[[[98.959606,18.747494],[98.959609,18.747248],[98.959825,18.747251],[98.959822,18.747496],[98.959606,18.747494]]]}},{"type":"Feature","properties":{"k":"rural"},"geometry":{"type":"Polygon","coordinates":[[[98.95928,18.746862],[98.959219,18.746732],[98.959297,18.746711],[98.959378,18.746801],[98.95928,18.746862]]]}},{"type":"Feature","properties":{"k":"pitch"},"geometry":{"type":"Polygon","coordinates":[[[98.959378,18.746801],[98.959489,18.746919],[98.959332,18.747001],[98.95928,18.746862],[98.959378,18.746801]]]}},{"type":"Feature","properties":{"k":"rural"},"geometry":{"type":"Polygon","coordinates":[[[98.957707,18.745653],[98.957684,18.745526],[98.957544,18.745528],[98.957469,18.745296],[98.957329,18.745124],[98.957151,18.745113],[98.957126,18.74493],[98.957737,18.744981],[98.957656,18.7446],[98.957725,18.74456],[98.958492,18.744986],[98.957794,18.745266],[98.95796,18.745601],[98.957707,18.745653]]]}},{"type":"Feature","properties":{"k":"rural"},"geometry":{"type":"Polygon","coordinates":[[[98.958853,18.74486],[98.958711,18.744266],[98.95824,18.744271],[98.959319,18.743616],[98.959534,18.743634],[98.959986,18.744234],[98.958993,18.744287],[98.959071,18.74481],[98.958853,18.74486]]]}},{"type":"Feature","properties":{"k":"pitch"},"geometry":{"type":"Polygon","coordinates":[[[99.033405,18.739112],[99.033401,18.738375],[99.034033,18.738372],[99.034036,18.73911],[99.033405,18.739112]]]}},{"type":"Feature","properties":{"k":"park"},"geometry":{"type":"Polygon","coordinates":[[[99.024447,18.764517],[99.02451,18.764452],[99.024667,18.764386],[99.024703,18.764408],[99.02466,18.764449],[99.024447,18.764517]]]}},{"type":"Feature","properties":{"k":"park"},"geometry":{"type":"Polygon","coordinates":[[[99.023477,18.765131],[99.023487,18.764945],[99.023525,18.764903],[99.023977,18.764931],[99.023959,18.765184],[99.023515,18.765176],[99.023477,18.765131]]]}},{"type":"Feature","properties":{"k":"pitch"},"geometry":{"type":"Polygon","coordinates":[[[99.022807,18.76533],[99.022839,18.764983],[99.023152,18.765012],[99.023113,18.76536],[99.022807,18.76533]]]}},{"type":"Feature","properties":{"k":"pitch"},"geometry":{"type":"Polygon","coordinates":[[[99.022612,18.767844],[99.022637,18.767588],[99.022824,18.767605],[99.022792,18.76786],[99.022612,18.767844]]]}},{"type":"Feature","properties":{"k":"park"},"geometry":{"type":"Polygon","coordinates":[[[99.023271,18.766306],[99.023289,18.766072],[99.023169,18.765904],[99.023228,18.765381],[99.02348,18.765404],[99.023595,18.765635],[99.023925,18.765648],[99.023865,18.766301],[99.023271,18.766306]]]}},{"type":"Feature","properties":{"k":"rural"},"geometry":{"type":"Polygon","coordinates":[[[99.033508,18.740733],[99.033159,18.740537],[99.033062,18.739583],[99.03581,18.739616],[99.035492,18.740737],[99.033508,18.740733]]]}},{"type":"Feature","properties":{"k":"rural"},"geometry":{"type":"Polygon","coordinates":[[[99.039628,18.734421],[99.03929,18.733685],[99.03897,18.73273],[99.039008,18.732298],[99.039161,18.73229],[99.039815,18.733939],[99.039907,18.734335],[99.039628,18.734421]]]}},{"type":"Feature","properties":{"k":"rural"},"geometry":{"type":"Polygon","coordinates":[[[99.034243,18.733584],[99.034219,18.733297],[99.034396,18.732743],[99.034546,18.732568],[99.034579,18.732352],[99.034522,18.73193],[99.03452,18.731631],[99.034667,18.731227],[99.034552,18.730432],[99.034412,18.730137],[99.034385,18.72999],[99.03445,18.729911],[99.034611,18.729967],[99.035324,18.729886],[99.035458,18.729952],[99.035702,18.732418],[99.035788,18.732469],[99.036968,18.732271],[99.036971,18.732929],[99.037236,18.733032],[99.037293,18.733462],[99.036968,18.733612],[99.036628,18.733665],[99.035959,18.734325],[99.034243,18.733584]]]}},{"type":"Feature","properties":{"k":"park","n":"Suan Samunpri"},"geometry":{"type":"Polygon","coordinates":[[[98.913988,18.806529],[98.913765,18.805908],[98.91387,18.805472],[98.914623,18.805366],[98.914944,18.805498],[98.915076,18.805974],[98.914979,18.806462],[98.91447,18.80642],[98.913988,18.806529]]]}},{"type":"Feature","properties":{"k":"pitch"},"geometry":{"type":"Polygon","coordinates":[[[98.958551,18.81045],[98.958276,18.810305],[98.958376,18.810137],[98.95865,18.810282],[98.958551,18.81045]]]}},{"type":"Feature","properties":{"k":"rural"},"geometry":{"type":"Polygon","coordinates":[[[98.956908,18.821209],[98.957212,18.820568],[98.957716,18.820658],[98.957861,18.820238],[98.958143,18.820304],[98.958188,18.820724],[98.95819,18.821154],[98.956908,18.821209]]]}},{"type":"Feature","properties":{"k":"rural"},"geometry":{"type":"Polygon","coordinates":[[[98.932329,18.75572],[98.932636,18.75619],[98.932655,18.756714],[98.932105,18.757084],[98.931936,18.757343],[98.931338,18.757858],[98.931013,18.758262],[98.930659,18.758639],[98.929828,18.758049],[98.930108,18.757618],[98.930699,18.756881],[98.931241,18.756713],[98.931678,18.756441],[98.931936,18.756098],[98.932329,18.75572]]]}},{"type":"Feature","properties":{"k":"pitch"},"geometry":{"type":"Polygon","coordinates":[[[98.940734,18.767404],[98.940661,18.767201],[98.940787,18.76716],[98.94086,18.767364],[98.940734,18.767404]]]}},{"type":"Feature","properties":{"k":"pitch"},"geometry":{"type":"Polygon","coordinates":[[[99.022672,18.781918],[99.022764,18.782229],[99.022578,18.782279],[99.022485,18.781968],[99.022672,18.781918]]]}},{"type":"Feature","properties":{"k":"rural"},"geometry":{"type":"Polygon","coordinates":[[[99.027235,18.772462],[99.026913,18.772433],[99.026994,18.772157],[99.026912,18.771636],[99.026553,18.771671],[99.026576,18.771844],[99.026177,18.77195],[99.025635,18.771796],[99.025542,18.772288],[99.024595,18.773218],[99.02389,18.773436],[99.02375,18.772773],[99.023182,18.772937],[99.023092,18.772652],[99.022529,18.772798],[99.022397,18.772472],[99.022476,18.772083],[99.022868,18.771891],[99.022974,18.772081],[99.024376,18.771527],[99.024469,18.771793],[99.024838,18.771706],[99.024811,18.771602],[99.025046,18.771525],[99.024776,18.770721],[99.025219,18.770657],[99.025372,18.771004],[99.026261,18.770429],[99.026368,18.770147],[99.026099,18.770062],[99.026157,18.769714],[99.026511,18.769797],[99.026519,18.769383],[99.028385,18.769637],[99.028326,18.770028],[99.027922,18.769921],[99.027699,18.769773],[99.027471,18.769751],[99.027404,18.770104],[99.027302,18.770173],[99.027378,18.770726],[99.028227,18.770729],[99.027985,18.772683],[99.027834,18.772605],[99.027601,18.772644],[99.027494,18.772531],[99.027493,18.772463],[99.027235,18.772462]]]}},{"type":"Feature","properties":{"k":"park"},"geometry":{"type":"Polygon","coordinates":[[[99.003132,18.802323],[99.003016,18.801446],[99.002892,18.800873],[99.0027,18.800638],[99.00295,18.800541],[99.003213,18.801859],[99.003262,18.802304],[99.003132,18.802323]]]}},{"type":"Feature","properties":{"k":"rural"},"geometry":{"type":"Polygon","coordinates":[[[99.038491,18.75693],[99.038173,18.757015],[99.038074,18.756481],[99.038161,18.756272],[99.038456,18.756077],[99.038608,18.756062],[99.038711,18.756512],[99.038436,18.756584],[99.038491,18.75693]]]}},{"type":"Feature","properties":{"k":"pitch"},"geometry":{"type":"Polygon","coordinates":[[[98.951691,18.798107],[98.95167,18.797945],[98.951777,18.797935],[98.951799,18.798095],[98.951691,18.798107]]]}},{"type":"Feature","properties":{"k":"park","n":"สนามยิงปืน"},"geometry":{"type":"Polygon","coordinates":[[[98.957607,18.798627],[98.95757,18.798331],[98.958406,18.798022],[98.958379,18.798647],[98.957607,18.798627]]]}},{"type":"Feature","properties":{"k":"forest"},"geometry":{"type":"Polygon","coordinates":[[[99.02926,18.795324],[99.029596,18.795624],[99.029776,18.795677],[99.030664,18.795806],[99.030847,18.795888],[99.030949,18.79602],[99.030911,18.796756],[99.030802,18.797284],[99.030356,18.797321],[99.030244,18.799271],[99.030144,18.799243],[99.030245,18.79856],[99.030272,18.797893],[99.0294,18.798088],[99.028696,18.798439],[99.028303,18.798535],[99.027977,18.798403],[99.027806,18.798291],[99.027318,18.79852],[99.027511,18.79823],[99.027672,18.798103],[99.027918,18.798007],[99.028037,18.798209],[99.02846,18.798143],[99.029169,18.797983],[99.029335,18.797599],[99.029349,18.797431],[99.030067,18.797504],[99.030097,18.797179],[99.030514,18.797134],[99.030632,18.796956],[99.030703,18.796696],[99.030649,18.795955],[99.030032,18.795899],[99.029844,18.796026],[99.029591,18.796057],[99.0292,18.796052],[99.029055,18.796001],[99.028868,18.795991],[99.028997,18.795666],[99.02926,18.795324]]]}},{"type":"Feature","properties":{"k":"rural"},"geometry":{"type":"Polygon","coordinates":[[[99.027918,18.799266],[99.028764,18.799581],[99.029742,18.799891],[99.029587,18.800434],[99.029397,18.800368],[99.029419,18.800327],[99.028734,18.80014],[99.028498,18.800109],[99.028308,18.800002],[99.027784,18.799815],[99.027918,18.799266]]]}},{"type":"Feature","properties":{"k":"rural"},"geometry":{"type":"Polygon","coordinates":[[[98.999929,18.819393],[98.999149,18.818892],[98.999797,18.818198],[99.000354,18.818793],[99.000287,18.818968],[98.999929,18.819393]]]}},{"type":"Feature","properties":{"k":"pitch"},"geometry":{"type":"Polygon","coordinates":[[[98.97329,18.742246],[98.973486,18.742803],[98.97258,18.743091],[98.972383,18.742534],[98.97329,18.742246]]]}},{"type":"Feature","properties":{"k":"pitch"},"geometry":{"type":"Polygon","coordinates":[[[98.973991,18.742406],[98.974298,18.742576],[98.974051,18.742987],[98.973751,18.742821],[98.973991,18.742406]]]}},{"type":"Feature","properties":{"k":"rural"},"geometry":{"type":"Polygon","coordinates":[[[98.974967,18.75248],[98.97527,18.753259],[98.974457,18.75349],[98.974526,18.753708],[98.974293,18.753792],[98.974232,18.753861],[98.974295,18.754092],[98.973486,18.754275],[98.973454,18.753906],[98.973619,18.753896],[98.973987,18.753774],[98.973887,18.752716],[98.974191,18.752685],[98.974967,18.75248]]]}},{"type":"Feature","properties":{"k":"pitch"},"geometry":{"type":"Polygon","coordinates":[[[98.995757,18.796399],[98.995739,18.796077],[98.995929,18.796068],[98.995945,18.796391],[98.995757,18.796399]]]}},{"type":"Feature","properties":{"k":"pitch"},"geometry":{"type":"Polygon","coordinates":[[[98.957351,18.795707],[98.957348,18.795516],[98.957653,18.795512],[98.957655,18.795703],[98.957351,18.795707]]]}},{"type":"Feature","properties":{"k":"pitch"},"geometry":{"type":"Polygon","coordinates":[[[98.956286,18.797762],[98.956257,18.797686],[98.956238,18.796758],[98.956879,18.796735],[98.956907,18.796802],[98.956939,18.797668],[98.956919,18.79774],[98.956286,18.797762]]]}},{"type":"Feature","properties":{"k":"rural"},"geometry":{"type":"Polygon","coordinates":[[[99.054976,18.746148],[99.054754,18.74492],[99.054826,18.744816],[99.054915,18.744803],[99.055331,18.744854],[99.055323,18.74349],[99.055642,18.743505],[99.056007,18.74364],[99.05632,18.7437],[99.056275,18.744489],[99.056292,18.74513],[99.056375,18.745129],[99.05643,18.745675],[99.056277,18.745644],[99.05624,18.745885],[99.056095,18.745964],[99.055615,18.745954],[99.054976,18.746148]]]}},{"type":"Feature","properties":{"k":"rural"},"geometry":{"type":"Polygon","coordinates":[[[99.044651,18.757351],[99.044704,18.757685],[99.044312,18.757802],[99.04443,18.758107],[99.044204,18.758262],[99.044411,18.759534],[99.043859,18.759794],[99.043775,18.759642],[99.043369,18.759804],[99.04318,18.759472],[99.04328,18.759422],[99.043285,18.758944],[99.043194,18.75835],[99.042604,18.75677],[99.043512,18.756197],[99.044259,18.756629],[99.044404,18.756819],[99.044651,18.757351]]]}},{"type":"Feature","properties":{"k":"rural"},"geometry":{"type":"Polygon","coordinates":[[[99.00009,18.840636],[99.000002,18.841446],[98.998897,18.840429],[98.999419,18.839787],[99.000299,18.840125],[99.000158,18.840328],[99.00009,18.840636]]]}},{"type":"Feature","properties":{"k":"park"},"geometry":{"type":"Polygon","coordinates":[[[98.958484,18.810675],[98.957975,18.810487],[98.958205,18.809958],[98.958834,18.810248],[98.958568,18.810543],[98.958484,18.810675]]]}},{"type":"Feature","properties":{"k":"rural"},"geometry":{"type":"Polygon","coordinates":[[[99.038776,18.760266],[99.039018,18.760322],[99.039559,18.760636],[99.04045,18.760576],[99.040552,18.760616],[99.040766,18.760626],[99.040812,18.761355],[99.039801,18.762011],[99.039645,18.761505],[99.03912,18.760946],[99.038776,18.760266]]]}},{"type":"Feature","properties":{"k":"pitch"},"geometry":{"type":"Polygon","coordinates":[[[99.006355,18.817684],[99.006075,18.818436],[99.005661,18.818298],[99.005942,18.817545],[99.006355,18.817684]]]}},{"type":"Feature","properties":{"k":"pitch"},"geometry":{"type":"Polygon","coordinates":[[[98.969371,18.776955],[98.969369,18.776696],[98.969642,18.776694],[98.969644,18.776953],[98.969371,18.776955]]]}},{"type":"Feature","properties":{"k":"pitch"},"geometry":{"type":"Polygon","coordinates":[[[98.969505,18.777521],[98.969505,18.777255],[98.970061,18.777257],[98.97006,18.777523],[98.969505,18.777521]]]}},{"type":"Feature","properties":{"k":"park"},"geometry":{"type":"Polygon","coordinates":[[[98.977559,18.788159],[98.977519,18.788136],[98.9775,18.788072],[98.977494,18.787927],[98.977521,18.787889],[98.977572,18.78788],[98.977609,18.787897],[98.977629,18.78796],[98.977634,18.788105],[98.977627,18.788137],[98.977559,18.788159]]]}},{"type":"Feature","properties":{"k":"pitch"},"geometry":{"type":"Polygon","coordinates":[[[98.969209,18.766218],[98.969208,18.765892],[98.969531,18.765891],[98.969532,18.766217],[98.969209,18.766218]]]}},{"type":"Feature","properties":{"k":"pitch"},"geometry":{"type":"Polygon","coordinates":[[[98.980904,18.801443],[98.980797,18.801104],[98.980993,18.801048],[98.981101,18.801387],[98.980904,18.801443]]]}},{"type":"Feature","properties":{"k":"park"},"geometry":{"type":"Polygon","coordinates":[[[99.023435,18.756332],[99.024109,18.756431],[99.023905,18.757165],[99.02398,18.757901],[99.024139,18.7583],[99.023566,18.758367],[99.023513,18.758079],[99.023401,18.75793],[99.023254,18.757637],[99.023352,18.756476],[99.023435,18.756332]]]}},{"type":"Feature","properties":{"k":"park","n":"Karn Memorial Park"},"geometry":{"type":"Polygon","coordinates":[[[98.95007,18.808461],[98.950001,18.808368],[98.949911,18.808346],[98.949789,18.808214],[98.949868,18.808036],[98.949848,18.807929],[98.949872,18.807869],[98.950001,18.807823],[98.95019,18.807704],[98.950269,18.807739],[98.95033,18.807825],[98.950345,18.807908],[98.950557,18.807982],[98.95007,18.808461]]]}},{"type":"Feature","properties":{"k":"pitch"},"geometry":{"type":"Polygon","coordinates":[[[98.955268,18.795594],[98.955298,18.795389],[98.955387,18.795401],[98.955357,18.795606],[98.955268,18.795594]]]}},{"type":"Feature","properties":{"k":"pitch"},"geometry":{"type":"Polygon","coordinates":[[[98.985344,18.808629],[98.985664,18.808661],[98.985606,18.809089],[98.9853,18.809072],[98.985344,18.808629]]]}},{"type":"Feature","properties":{"k":"park","n":"Science Park"},"geometry":{"type":"Polygon","coordinates":[[[98.98565,18.808851],[98.985674,18.80865],[98.986176,18.808693],[98.986256,18.808663],[98.986343,18.808554],[98.986598,18.808574],[98.986624,18.808404],[98.987037,18.80844],[98.987063,18.808299],[98.987171,18.808308],[98.987187,18.808207],[98.987246,18.808214],[98.987241,18.80833],[98.987477,18.808364],[98.987507,18.808414],[98.987282,18.808393],[98.987262,18.808552],[98.987162,18.808546],[98.986457,18.808722],[98.986418,18.808798],[98.986131,18.808897],[98.98565,18.808851]]]}},{"type":"Feature","properties":{"k":"park","n":"CMRU Sport Park"},"geometry":{"type":"Polygon","coordinates":[[[98.985084,18.808425],[98.985605,18.808445],[98.985605,18.808387],[98.985759,18.808395],[98.985744,18.808537],[98.985662,18.808527],[98.985644,18.808647],[98.985364,18.808623],[98.985285,18.809072],[98.985011,18.809049],[98.985084,18.808425]]]}},{"type":"Feature","properties":{"k":"park","n":"ลานจตุราคาร"},"geometry":{"type":"Polygon","coordinates":[[[98.986551,18.807342],[98.986599,18.807019],[98.986871,18.807056],[98.986824,18.807373],[98.986551,18.807342]]]}},{"type":"Feature","properties":{"k":"park","n":"ลานจตุราคาร"},"geometry":{"type":"Polygon","coordinates":[[[98.986824,18.807373],[98.986871,18.807056],[98.987078,18.807084],[98.987034,18.807396],[98.986824,18.807373]]]}},{"type":"Feature","properties":{"k":"park","n":"ลานจตุราคาร"},"geometry":{"type":"Polygon","coordinates":[[[98.986551,18.807342],[98.986357,18.80732],[98.986396,18.806992],[98.986599,18.807019],[98.986551,18.807342]]]}},{"type":"Feature","properties":{"k":"pitch"},"geometry":{"type":"Polygon","coordinates":[[[98.985283,18.80767],[98.985394,18.80674],[98.986053,18.80681],[98.985942,18.80774],[98.985283,18.80767]]]}},{"type":"Feature","properties":{"k":"pitch"},"geometry":{"type":"Polygon","coordinates":[[[98.985631,18.808879],[98.986068,18.808909],[98.986059,18.809116],[98.985607,18.8091],[98.985631,18.808879]]]}},{"type":"Feature","properties":{"k":"park","n":"ลานกิจกรรม"},"geometry":{"type":"Polygon","coordinates":[[[98.986385,18.806464],[98.98646,18.805885],[98.987124,18.805977],[98.987034,18.80656],[98.986385,18.806464]]]}},{"type":"Feature","properties":{"k":"rural"},"geometry":{"type":"Polygon","coordinates":[[[98.997753,18.829141],[98.997936,18.828668],[98.998001,18.828414],[98.99798,18.828115],[98.997881,18.827483],[98.997696,18.827111],[98.997622,18.826758],[98.997443,18.826457],[98.997938,18.826328],[98.998861,18.826447],[98.998687,18.827652],[98.998698,18.827963],[98.998853,18.82861],[98.998861,18.82926],[98.997753,18.829141]]]}},{"type":"Feature","properties":{"k":"rural"},"geometry":{"type":"Polygon","coordinates":[[[98.999858,18.830411],[98.999879,18.830038],[99.000378,18.83003],[99.00038,18.829595],[99.000545,18.829605],[99.00067,18.828876],[99.000806,18.828565],[99.002335,18.829101],[99.002265,18.82923],[99.002082,18.829166],[99.001931,18.829163],[99.001957,18.829336],[99.002147,18.829393],[99.001944,18.829882],[99.001662,18.829954],[99.001513,18.830211],[99.000975,18.830193],[99.000573,18.830398],[98.999858,18.830411]]]}},{"type":"Feature","properties":{"k":"rural"},"geometry":{"type":"Polygon","coordinates":[[[98.994989,18.850411],[98.994226,18.850516],[98.993877,18.850377],[98.993855,18.849962],[98.9936,18.849835],[98.993131,18.849828],[98.992994,18.849439],[98.993155,18.849391],[98.993134,18.84917],[98.993208,18.848769],[98.993759,18.848876],[98.993836,18.848544],[98.994178,18.848673],[98.994118,18.848885],[98.994392,18.848992],[98.994387,18.84912],[98.994606,18.849015],[98.994695,18.849136],[98.995369,18.848762],[98.995898,18.848621],[98.996043,18.84962],[98.99566,18.849657],[98.995277,18.849782],[98.995066,18.849912],[98.994991,18.850028],[98.994989,18.850411]]]}},{"type":"Feature","properties":{"k":"pitch"},"geometry":{"type":"Polygon","coordinates":[[[98.971271,18.791834],[98.971256,18.791522],[98.971727,18.791502],[98.971742,18.791814],[98.971271,18.791834]]]}},{"type":"Feature","properties":{"k":"cemetery"},"geometry":{"type":"Polygon","coordinates":[[[99.023096,18.782365],[99.022946,18.781637],[99.023836,18.781896],[99.023593,18.782567],[99.023096,18.782365]]]}},{"type":"Feature","properties":{"k":"pitch"},"geometry":{"type":"Polygon","coordinates":[[[98.976865,18.782009],[98.976799,18.781626],[98.977063,18.781585],[98.977129,18.781968],[98.976865,18.782009]]]}},{"type":"Feature","properties":{"k":"pitch"},"geometry":{"type":"Polygon","coordinates":[[[98.976522,18.782206],[98.976745,18.78218],[98.976795,18.782558],[98.976571,18.782584],[98.976522,18.782206]]]}},{"type":"Feature","properties":{"k":"pitch"},"geometry":{"type":"Polygon","coordinates":[[[98.976574,18.782878],[98.976546,18.782655],[98.976936,18.782611],[98.976964,18.782835],[98.976574,18.782878]]]}},{"type":"Feature","properties":{"k":"forest"},"geometry":{"type":"Polygon","coordinates":[[[99.014102,18.80666],[99.014115,18.806615],[99.014273,18.806503],[99.014352,18.806378],[99.014718,18.806104],[99.014762,18.806111],[99.0152,18.806422],[99.015358,18.806397],[99.0154,18.806416],[99.015463,18.80648],[99.015505,18.8066],[99.015731,18.806625],[99.015823,18.806681],[99.015849,18.806758],[99.015843,18.8068],[99.015632,18.806982],[99.015297,18.807192],[99.015126,18.806951],[99.015003,18.806889],[99.014573,18.806936],[99.014486,18.806922],[99.014356,18.806885],[99.014102,18.80666]]]}},{"type":"Feature","properties":{"k":"park","n":"สนามบาสหอแม่เหียะ"},"geometry":{"type":"Polygon","coordinates":[[[98.938501,18.764345],[98.938612,18.764087],[98.93888,18.764223],[98.938733,18.764491],[98.938501,18.764345]]]}},{"type":"Feature","properties":{"k":"park"},"geometry":{"type":"Polygon","coordinates":[[[99.015695,18.758975],[99.016196,18.75905],[99.016194,18.759438],[99.016122,18.759639],[99.015623,18.759451],[99.015695,18.758975]]]}},{"type":"Feature","properties":{"k":"pitch"},"geometry":{"type":"Polygon","coordinates":[[[99.0156,18.757958],[99.015648,18.75766],[99.015969,18.757706],[99.015921,18.758004],[99.0156,18.757958]]]}},{"type":"Feature","properties":{"k":"park"},"geometry":{"type":"Polygon","coordinates":[[[99.016125,18.758419],[99.015906,18.758389],[99.016001,18.757731],[99.016338,18.757781],[99.016125,18.758419]]]}},{"type":"Feature","properties":{"k":"rural"},"geometry":{"type":"Polygon","coordinates":[[[99.003833,18.744665],[99.003498,18.743431],[99.004036,18.743522],[99.004003,18.743817],[99.004059,18.743881],[99.004444,18.743856],[99.00447,18.743106],[99.005212,18.74325],[99.0052,18.74357],[99.00506,18.743699],[99.005043,18.74408],[99.003833,18.744665]]]}},{"type":"Feature","properties":{"k":"rural"},"geometry":{"type":"Polygon","coordinates":[[[99.006308,18.745642],[99.005984,18.744991],[99.00641,18.744819],[99.006512,18.744994],[99.006826,18.745161],[99.007435,18.745349],[99.00678,18.745598],[99.006779,18.745773],[99.006729,18.74587],[99.006308,18.745642]]]}},{"type":"Feature","properties":{"k":"rural"},"geometry":{"type":"Polygon","coordinates":[[[99.011363,18.742453],[99.011262,18.742014],[99.011441,18.741914],[99.011807,18.741859],[99.011827,18.741546],[99.011932,18.741535],[99.011936,18.741406],[99.012037,18.741435],[99.012169,18.741597],[99.012169,18.741763],[99.0121,18.741774],[99.012088,18.741881],[99.011957,18.741907],[99.011968,18.742047],[99.011846,18.742051],[99.011803,18.742383],[99.011363,18.742453]]]}},{"type":"Feature","properties":{"k":"rural"},"geometry":{"type":"Polygon","coordinates":[[[98.999153,18.74618],[98.998558,18.745687],[98.998367,18.745898],[98.997866,18.745502],[98.997679,18.745199],[98.997396,18.745379],[98.997153,18.745421],[98.997074,18.74511],[98.996831,18.745171],[98.996772,18.744759],[98.997425,18.744256],[98.997561,18.744385],[98.997664,18.744292],[98.998297,18.745011],[98.999206,18.744047],[98.999811,18.744704],[98.999942,18.745112],[98.999983,18.745393],[98.999669,18.745575],[98.999153,18.74618]]]}},{"type":"Feature","properties":{"k":"forest"},"geometry":{"type":"Polygon","coordinates":[[[98.987197,18.734069],[98.987275,18.734545],[98.987393,18.735004],[98.987801,18.735459],[98.987401,18.735807],[98.987058,18.736244],[98.986959,18.736561],[98.986951,18.736876],[98.98713,18.737641],[98.98757,18.738319],[98.988616,18.739049],[98.988698,18.739139],[98.988618,18.739236],[98.987079,18.739858],[98.9861,18.739769],[98.983727,18.739457],[98.98289,18.739378],[98.983182,18.739078],[98.982986,18.738659],[98.98312,18.738359],[98.983281,18.73824],[98.983579,18.738235],[98.983775,18.738408],[98.984043,18.738207],[98.983753,18.737831],[98.984215,18.737381],[98.984124,18.737168],[98.984478,18.736757],[98.98511,18.735917],[98.98549,18.734942],[98.985809,18.735002],[98.985872,18.734723],[98.985569,18.734638],[98.985636,18.734278],[98.985644,18.733978],[98.987165,18.73397],[98.987197,18.734069]]]}},{"type":"Feature","properties":{"k":"rural"},"geometry":{"type":"Polygon","coordinates":[[[99.004335,18.749221],[99.003855,18.748111],[99.004244,18.748006],[99.004661,18.749085],[99.004335,18.749221]]]}},{"type":"Feature","properties":{"k":"rural"},"geometry":{"type":"Polygon","coordinates":[[[99.008459,18.746367],[99.007891,18.745598],[99.008144,18.745405],[99.007727,18.744073],[99.008063,18.743963],[99.008672,18.745476],[99.008591,18.745553],[99.008697,18.745828],[99.009347,18.745718],[99.009631,18.746185],[99.009138,18.746612],[99.008821,18.746287],[99.008687,18.746292],[99.008459,18.746367]]]}},{"type":"Feature","properties":{"k":"rural"},"geometry":{"type":"Polygon","coordinates":[[[98.96783,18.741084],[98.966451,18.740945],[98.966102,18.740524],[98.965908,18.740487],[98.96564,18.740281],[98.965271,18.739652],[98.965609,18.739576],[98.965682,18.739746],[98.96593,18.739753],[98.965979,18.739546],[98.966372,18.739567],[98.966361,18.739704],[98.966455,18.739707],[98.96646,18.739615],[98.966645,18.739628],[98.967285,18.739887],[98.967412,18.739962],[98.967495,18.740349],[98.967654,18.740754],[98.96783,18.741084]]]}},{"type":"Feature","properties":{"k":"rural"},"geometry":{"type":"Polygon","coordinates":[[[99.022774,18.753497],[99.022436,18.753412],[99.022586,18.75289],[99.021845,18.752701],[99.020658,18.752659],[99.020835,18.751935],[99.020982,18.751763],[99.022074,18.751699],[99.022197,18.750307],[99.023554,18.750283],[99.024062,18.750494],[99.023897,18.75066],[99.022774,18.753497]]]}},{"type":"Feature","properties":{"k":"pitch"},"geometry":{"type":"Polygon","coordinates":[[[99.020332,18.751561],[99.020401,18.75108],[99.020393,18.750771],[99.020774,18.750516],[99.020803,18.751172],[99.02094,18.751177],[99.020924,18.751282],[99.020687,18.751603],[99.020332,18.751561]]]}},{"type":"Feature","properties":{"k":"pitch"},"geometry":{"type":"Polygon","coordinates":[[[99.019781,18.750028],[99.019697,18.749847],[99.019806,18.749801],[99.01989,18.749983],[99.019781,18.750028]]]}},{"type":"Feature","properties":{"k":"rural"},"geometry":{"type":"Polygon","coordinates":[[[99.017707,18.750889],[99.017664,18.750526],[99.017992,18.750491],[99.018035,18.750854],[99.017707,18.750889]]]}},{"type":"Feature","properties":{"k":"park","n":"89 Garden"},"geometry":{"type":"Polygon","coordinates":[[[99.008809,18.752327],[99.008636,18.752277],[99.008669,18.752164],[99.008845,18.752206],[99.008809,18.752327]]]}},{"type":"Feature","properties":{"k":"park","n":"Wat Hua Nong"},"geometry":{"type":"Polygon","coordinates":[[[99.004941,18.748701],[99.00551,18.748472],[99.005625,18.748721],[99.006092,18.748539],[99.006292,18.749152],[99.005731,18.749274],[99.005657,18.749169],[99.005156,18.749373],[99.005122,18.749097],[99.004941,18.748701]]]}},{"type":"Feature","properties":{"k":"pitch"},"geometry":{"type":"Polygon","coordinates":[[[99.025737,18.735462],[99.025734,18.735409],[99.025668,18.735394],[99.025721,18.734943],[99.02597,18.734864],[99.025979,18.735469],[99.025737,18.735462]]]}},{"type":"Feature","properties":{"k":"forest"},"geometry":{"type":"Polygon","coordinates":[[[99.017726,18.752064],[99.018169,18.752023],[99.018172,18.752287],[99.018094,18.752302],[99.018043,18.752445],[99.017708,18.752515],[99.017726,18.752064]]]}},{"type":"Feature","properties":{"k":"park","n":"The Consuls Garden"},"geometry":{"type":"Polygon","coordinates":[[[99.000984,18.76086],[99.001279,18.760591],[99.00161,18.760687],[99.002002,18.760753],[99.002271,18.760687],[99.002488,18.760788],[99.002591,18.760905],[99.002608,18.761005],[99.002451,18.761383],[99.00133,18.761028],[99.000984,18.76086]]]}},{"type":"Feature","properties":{"k":"rural"},"geometry":{"type":"Polygon","coordinates":[[[99.002644,18.756093],[99.002419,18.756035],[99.00247,18.755839],[99.002703,18.75588],[99.002644,18.756093]]]}},{"type":"Feature","properties":{"k":"park"},"geometry":{"type":"Polygon","coordinates":[[[99.003297,18.749893],[99.003209,18.749926],[99.003102,18.749623],[99.003271,18.749047],[99.003303,18.748991],[99.003419,18.748918],[99.003305,18.748673],[99.003427,18.748543],[99.003628,18.748706],[99.003981,18.748428],[99.004333,18.749233],[99.0043,18.749276],[99.004158,18.749332],[99.004006,18.749441],[99.004161,18.74983],[99.003877,18.749905],[99.003297,18.749893]]]}},{"type":"Feature","properties":{"k":"rural"},"geometry":{"type":"Polygon","coordinates":[[[99.018616,18.751454],[99.018648,18.751913],[99.018517,18.75192],[99.018497,18.751679],[99.01843,18.751708],[99.017849,18.751777],[99.017863,18.751531],[99.018616,18.751454]]]}},{"type":"Feature","properties":{"k":"rural"},"geometry":{"type":"Polygon","coordinates":[[[99.054692,18.743341],[99.054915,18.744803],[99.054826,18.744816],[99.054692,18.744981],[99.054521,18.744773],[99.053308,18.744732],[99.053432,18.744275],[99.053335,18.744245],[99.053394,18.743813],[99.053582,18.743808],[99.053716,18.743239],[99.054022,18.743437],[99.054252,18.743432],[99.054692,18.743341]]]}},{"type":"Feature","properties":{"k":"rural"},"geometry":{"type":"Polygon","coordinates":[[[99.055545,18.742137],[99.056055,18.743625],[99.055674,18.743462],[99.054912,18.743437],[99.054741,18.743285],[99.054805,18.74264],[99.055261,18.742198],[99.055545,18.742137]]]}},{"type":"Feature","properties":{"k":"park"},"geometry":{"type":"Polygon","coordinates":[[[98.953007,18.750252],[98.953078,18.750235],[98.953129,18.750173],[98.953302,18.750248],[98.953597,18.750588],[98.952945,18.750518],[98.953007,18.750252]]]}},{"type":"Feature","properties":{"k":"park"},"geometry":{"type":"Polygon","coordinates":[[[98.952767,18.748221],[98.953285,18.748284],[98.953338,18.748358],[98.953325,18.748439],[98.952847,18.74846],[98.952781,18.748487],[98.952681,18.748408],[98.952402,18.748727],[98.952237,18.748788],[98.952227,18.74844],[98.952293,18.74836],[98.952298,18.748295],[98.952576,18.748231],[98.952767,18.748221]]]}},{"type":"Feature","properties":{"k":"park","n":"Suan Sukkhaphap Ban Chaiyaphruek"},"geometry":{"type":"Polygon","coordinates":[[[99.017963,18.755426],[99.017973,18.755031],[99.018152,18.755033],[99.018192,18.754906],[99.018433,18.754966],[99.018514,18.755038],[99.018208,18.755232],[99.018026,18.755454],[99.017963,18.755426]]]}},{"type":"Feature","properties":{"k":"rural"},"geometry":{"type":"Polygon","coordinates":[[[98.958428,18.831012],[98.959334,18.830896],[98.960289,18.830662],[98.960697,18.831683],[98.959812,18.831987],[98.959678,18.832338],[98.959978,18.83315],[98.958936,18.833467],[98.958428,18.831012]]]}},{"type":"Feature","properties":{"k":"rural"},"geometry":{"type":"Polygon","coordinates":[[[99.005439,18.811773],[99.005487,18.812279],[99.005726,18.81234],[99.005535,18.812647],[99.005318,18.81264],[99.004972,18.812687],[99.004863,18.81188],[99.005439,18.811773]]]}},{"type":"Feature","properties":{"k":"cemetery"},"geometry":{"type":"Polygon","coordinates":[[[98.956441,18.754821],[98.956435,18.754705],[98.955752,18.754708],[98.955502,18.754441],[98.956141,18.754345],[98.957103,18.754352],[98.957022,18.754771],[98.956903,18.754709],[98.956761,18.754684],[98.956754,18.754819],[98.956441,18.754821]]]}},{"type":"Feature","properties":{"k":"rural"},"geometry":{"type":"Polygon","coordinates":[[[98.962371,18.799088],[98.962382,18.798855],[98.962194,18.79885],[98.962205,18.798652],[98.962124,18.798647],[98.962131,18.798148],[98.963358,18.798195],[98.963343,18.798579],[98.963953,18.798606],[98.963937,18.798875],[98.963792,18.798961],[98.963744,18.799114],[98.962371,18.799088]]]}},{"type":"Feature","properties":{"k":"forest"},"geometry":{"type":"Polygon","coordinates":[[[98.965601,18.823553],[98.965554,18.823057],[98.965616,18.822904],[98.966439,18.822583],[98.966298,18.822775],[98.966338,18.822982],[98.966481,18.823099],[98.966706,18.823079],[98.966723,18.823187],[98.965601,18.823553]]]}},{"type":"Feature","properties":{"k":"rural"},"geometry":{"type":"Polygon","coordinates":[[[98.991403,18.84638],[98.99135,18.845446],[98.991634,18.84504],[98.99179,18.844994],[98.992278,18.844573],[98.992573,18.844913],[98.992465,18.846198],[98.991929,18.846325],[98.991403,18.84638]]]}},{"type":"Feature","properties":{"k":"rural"},"geometry":{"type":"Polygon","coordinates":[[[98.988689,18.845819],[98.988707,18.845561],[98.989271,18.845596],[98.989239,18.846063],[98.988689,18.845819]]]}},{"type":"Feature","properties":{"k":"rural"},"geometry":{"type":"Polygon","coordinates":[[[99.000927,18.835199],[99.001134,18.834871],[99.002288,18.835471],[99.001464,18.836818],[99.000376,18.836119],[99.000927,18.835199]]]}},{"type":"Feature","properties":{"k":"forest"},"geometry":{"type":"Polygon","coordinates":[[[98.995536,18.83577],[98.996341,18.834914],[98.99673,18.835219],[98.997497,18.834366],[98.997731,18.834575],[98.998015,18.834287],[98.999317,18.835459],[99.0004,18.836287],[99.00027,18.836435],[98.999863,18.837054],[98.99972,18.837366],[98.999069,18.838308],[98.995536,18.83577]]]}},{"type":"Feature","properties":{"k":"rural"},"geometry":{"type":"Polygon","coordinates":[[[99.032001,18.8328],[99.032088,18.832786],[99.032237,18.832576],[99.032334,18.832358],[99.032618,18.832429],[99.032666,18.832515],[99.032979,18.832639],[99.033027,18.832806],[99.033219,18.832845],[99.033364,18.833018],[99.033338,18.833157],[99.033553,18.833182],[99.033582,18.833895],[99.033314,18.833952],[99.033268,18.833927],[99.032737,18.833997],[99.032602,18.834079],[99.032469,18.834111],[99.032362,18.83397],[99.03223,18.83395],[99.032065,18.833708],[99.031942,18.833241],[99.032001,18.8328]]]}},{"type":"Feature","properties":{"k":"park"},"geometry":{"type":"Polygon","coordinates":[[[99.031219,18.834013],[99.031473,18.834024],[99.031486,18.833915],[99.031524,18.833913],[99.031639,18.834126],[99.031416,18.83423],[99.031444,18.834344],[99.031191,18.834323],[99.031219,18.834013]]]}},{"type":"Feature","properties":{"k":"rural"},"geometry":{"type":"Polygon","coordinates":[[[99.030338,18.831028],[99.03048,18.830972],[99.031135,18.830929],[99.031567,18.83101],[99.031973,18.831127],[99.032309,18.831021],[99.033248,18.830505],[99.033604,18.830702],[99.0339,18.830924],[99.034025,18.831052],[99.033768,18.831231],[99.033616,18.83103],[99.033404,18.831122],[99.03372,18.831604],[99.033535,18.831647],[99.033406,18.831622],[99.032881,18.831924],[99.032535,18.832068],[99.032325,18.832041],[99.032461,18.831643],[99.030948,18.831509],[99.030919,18.831471],[99.030551,18.831377],[99.030207,18.831101],[99.030338,18.831028]]]}},{"type":"Feature","properties":{"k":"forest"},"geometry":{"type":"Polygon","coordinates":[[[99.027783,18.832295],[99.02805,18.832277],[99.028219,18.832388],[99.02886,18.832666],[99.028654,18.832805],[99.028576,18.832937],[99.028163,18.832701],[99.027783,18.832295]]]}},{"type":"Feature","properties":{"k":"pitch"},"geometry":{"type":"Polygon","coordinates":[[[99.024672,18.834588],[99.024937,18.834697],[99.024868,18.834844],[99.024604,18.834731],[99.024672,18.834588]]]}},{"type":"Feature","properties":{"k":"pitch"},"geometry":{"type":"Polygon","coordinates":[[[99.024937,18.834697],[99.025246,18.834825],[99.025175,18.834975],[99.024868,18.834844],[99.024937,18.834697]]]}},{"type":"Feature","properties":{"k":"park"},"geometry":{"type":"Polygon","coordinates":[[[99.024038,18.835166],[99.024806,18.835394],[99.024728,18.83563],[99.02396,18.835402],[99.024038,18.835166]]]}},{"type":"Feature","properties":{"k":"rural"},"geometry":{"type":"Polygon","coordinates":[[[99.026819,18.830588],[99.027106,18.830558],[99.028882,18.830522],[99.028892,18.830832],[99.02886,18.831114],[99.028584,18.832008],[99.02834,18.832058],[99.028238,18.832124],[99.027962,18.832168],[99.028005,18.832081],[99.027857,18.831962],[99.027675,18.832069],[99.027248,18.83154],[99.026905,18.830852],[99.026819,18.830588]]]}},{"type":"Feature","properties":{"k":"park"},"geometry":{"type":"Polygon","coordinates":[[[99.026588,18.834196],[99.026874,18.834322],[99.026672,18.834744],[99.026794,18.834802],[99.026607,18.835163],[99.026183,18.834968],[99.026588,18.834196]]]}},{"type":"Feature","properties":{"k":"rural"},"geometry":{"type":"Polygon","coordinates":[[[99.034388,18.828687],[99.035243,18.828917],[99.035509,18.829185],[99.035745,18.829271],[99.035894,18.829371],[99.03611,18.82956],[99.03622,18.829718],[99.03625,18.829917],[99.03606,18.830353],[99.035945,18.830851],[99.03582,18.830936],[99.035708,18.83088],[99.034647,18.830877],[99.034624,18.831033],[99.034313,18.830982],[99.033515,18.83045],[99.034388,18.828687]]]}},{"type":"Feature","properties":{"k":"rural"},"geometry":{"type":"Polygon","coordinates":[[[99.028519,18.835318],[99.028503,18.835501],[99.028619,18.835739],[99.028552,18.836607],[99.028611,18.836793],[99.028597,18.836897],[99.028548,18.836982],[99.028249,18.837232],[99.028243,18.837382],[99.028396,18.837483],[99.028428,18.837587],[99.028294,18.837701],[99.028291,18.837795],[99.028331,18.837909],[99.028197,18.837975],[99.028135,18.837675],[99.028062,18.837558],[99.027738,18.837292],[99.02713,18.836234],[99.027133,18.836191],[99.027358,18.83596],[99.027479,18.835688],[99.027872,18.835259],[99.028017,18.835241],[99.028382,18.835274],[99.028519,18.835318]]]}},{"type":"Feature","properties":{"k":"pitch"},"geometry":{"type":"Polygon","coordinates":[[[99.038509,18.792885],[99.038836,18.792916],[99.03882,18.793069],[99.038493,18.793038],[99.038509,18.792885]]]}},{"type":"Feature","properties":{"k":"rural"},"geometry":{"type":"Polygon","coordinates":[[[99.01178,18.759509],[99.011672,18.76018],[99.010932,18.760068],[99.011114,18.759418],[99.01178,18.759509]]]}},{"type":"Feature","properties":{"k":"rural"},"geometry":{"type":"Polygon","coordinates":[[[98.906071,18.729825],[98.906653,18.729837],[98.906693,18.730076],[98.906138,18.730175],[98.905993,18.729992],[98.906071,18.729825]]]}},{"type":"Feature","properties":{"k":"rural"},"geometry":{"type":"Polygon","coordinates":[[[98.906012,18.730163],[98.906057,18.730239],[98.906119,18.730488],[98.905556,18.730566],[98.905379,18.730445],[98.905376,18.730295],[98.906012,18.730163]]]}},{"type":"Feature","properties":{"k":"park"},"geometry":{"type":"Polygon","coordinates":[[[98.997315,18.783264],[98.997406,18.783464],[98.997237,18.78349],[98.997245,18.783553],[98.996829,18.78369],[98.996789,18.783345],[98.997006,18.783293],[98.997051,18.783386],[98.997315,18.783264]]]}},{"type":"Feature","properties":{"k":"rural"},"geometry":{"type":"Polygon","coordinates":[[[98.995145,18.776512],[98.995582,18.776174],[98.99597,18.776679],[98.995636,18.776959],[98.995145,18.776512]]]}},{"type":"Feature","properties":{"k":"pitch"},"geometry":{"type":"Polygon","coordinates":[[[98.966914,18.742455],[98.966952,18.742632],[98.96641,18.742737],[98.966372,18.742561],[98.966914,18.742455]]]}},{"type":"Feature","properties":{"k":"park"},"geometry":{"type":"Polygon","coordinates":[[[98.993967,18.7954],[98.993964,18.795083],[98.994015,18.795108],[98.994265,18.795111],[98.993967,18.7954]]]}},{"type":"Feature","properties":{"k":"park","n":"ลานพระวิษณุกรรม คณะวิศวกรรมศาสตร์"},"geometry":{"type":"Polygon","coordinates":[[[98.951616,18.794704],[98.951615,18.794466],[98.951775,18.794466],[98.951777,18.794703],[98.951616,18.794704]]]}},{"type":"Feature","properties":{"k":"rural"},"geometry":{"type":"Polygon","coordinates":[[[98.96057,18.735656],[98.960629,18.735838],[98.960578,18.735951],[98.960666,18.736393],[98.960444,18.736615],[98.960356,18.736839],[98.960119,18.736759],[98.960014,18.737066],[98.959807,18.736997],[98.959589,18.737011],[98.95959,18.737144],[98.959029,18.737155],[98.959011,18.73723],[98.95856,18.737222],[98.958164,18.73708],[98.9579,18.737071],[98.957949,18.737508],[98.957759,18.737557],[98.957535,18.73679],[98.957666,18.73669],[98.957672,18.736235],[98.958237,18.736254],[98.958274,18.735845],[98.958466,18.735941],[98.958921,18.735874],[98.959698,18.735861],[98.960186,18.735711],[98.960318,18.735711],[98.96057,18.735656]]]}},{"type":"Feature","properties":{"k":"forest"},"geometry":{"type":"Polygon","coordinates":[[[98.945723,18.774573],[98.945076,18.773925],[98.945261,18.773619],[98.945612,18.773822],[98.945806,18.773613],[98.945984,18.773481],[98.946118,18.773457],[98.946449,18.774019],[98.946733,18.7744],[98.94729,18.775015],[98.946777,18.775349],[98.946546,18.775063],[98.946458,18.774881],[98.946264,18.774798],[98.946106,18.774691],[98.9464,18.774433],[98.946162,18.774157],[98.946033,18.774177],[98.945968,18.774376],[98.945723,18.774573]]]}},{"type":"Feature","properties":{"k":"forest"},"geometry":{"type":"Polygon","coordinates":[[[99.008119,18.803804],[99.008062,18.80347],[99.007828,18.802618],[99.007677,18.802589],[99.007707,18.802478],[99.007594,18.802097],[99.008487,18.801757],[99.008574,18.801536],[99.008431,18.801329],[99.008419,18.801083],[99.008239,18.800387],[99.008906,18.800637],[99.00891,18.800772],[99.008736,18.800837],[99.008529,18.800765],[99.008506,18.800876],[99.008804,18.801069],[99.008815,18.801661],[99.008951,18.802246],[99.00897,18.802814],[99.008906,18.803367],[99.008653,18.803481],[99.008506,18.803653],[99.008264,18.803769],[99.008119,18.803804]]]}},{"type":"Feature","properties":{"k":"pitch"},"geometry":{"type":"Polygon","coordinates":[[[99.023176,18.803179],[99.023241,18.802839],[99.0235,18.802884],[99.023435,18.803224],[99.023176,18.803179]]]}},{"type":"Feature","properties":{"k":"pitch"},"geometry":{"type":"Polygon","coordinates":[[[99.023508,18.803634],[99.023608,18.803232],[99.023938,18.803305],[99.023838,18.803707],[99.023508,18.803634]]]}},{"type":"Feature","properties":{"k":"rural"},"geometry":{"type":"Polygon","coordinates":[[[99.026343,18.809093],[99.026163,18.809111],[99.025707,18.808828],[99.026044,18.807371],[99.026272,18.807191],[99.026536,18.806768],[99.027162,18.806855],[99.027258,18.807213],[99.027253,18.808034],[99.026343,18.809093]]]}},{"type":"Feature","properties":{"k":"rural"},"geometry":{"type":"Polygon","coordinates":[[[99.027502,18.810079],[99.026808,18.809581],[99.02674,18.809475],[99.02678,18.809342],[99.027323,18.808623],[99.027444,18.808987],[99.028072,18.810268],[99.027604,18.809935],[99.027502,18.810079]]]}},{"type":"Feature","properties":{"k":"rural"},"geometry":{"type":"Polygon","coordinates":[[[99.019649,18.755543],[99.019936,18.755286],[99.019319,18.754676],[99.019624,18.754499],[99.020555,18.754929],[99.020953,18.755083],[99.021366,18.754978],[99.021347,18.754159],[99.021445,18.753827],[99.021755,18.753155],[99.021846,18.752735],[99.021984,18.752781],[99.021911,18.753135],[99.022459,18.753279],[99.022419,18.753427],[99.022805,18.753526],[99.021862,18.755674],[99.021524,18.755724],[99.021496,18.755707],[99.021558,18.755565],[99.021581,18.755382],[99.021528,18.755279],[99.021392,18.755233],[99.020537,18.755543],[99.020136,18.755773],[99.020044,18.755478],[99.019814,18.755677],[99.019649,18.755543]]]}},{"type":"Feature","properties":{"k":"forest"},"geometry":{"type":"Polygon","coordinates":[[[98.962451,18.823203],[98.962722,18.822809],[98.963136,18.823029],[98.962998,18.823356],[98.962811,18.823417],[98.962451,18.823203]]]}},{"type":"Feature","properties":{"k":"rural"},"geometry":{"type":"Polygon","coordinates":[[[99.047011,18.741497],[99.048733,18.741298],[99.048724,18.741531],[99.047268,18.741739],[99.047011,18.741497]]]}},{"type":"Feature","properties":{"k":"rural"},"geometry":{"type":"Polygon","coordinates":[[[99.048014,18.738089],[99.049326,18.737874],[99.049331,18.737913],[99.050047,18.737753],[99.050092,18.738021],[99.049779,18.738114],[99.049736,18.737992],[99.048078,18.738315],[99.048014,18.738089]]]}},{"type":"Feature","properties":{"k":"rural"},"geometry":{"type":"Polygon","coordinates":[[[99.05322,18.766382],[99.05308,18.765816],[99.053043,18.765463],[99.054102,18.765361],[99.054137,18.765955],[99.054735,18.765834],[99.054786,18.765963],[99.054634,18.765991],[99.054692,18.766151],[99.05322,18.766382]]]}},{"type":"Feature","properties":{"k":"rural"},"geometry":{"type":"Polygon","coordinates":[[[99.051766,18.764849],[99.052461,18.764945],[99.052407,18.765331],[99.052426,18.765519],[99.052316,18.766029],[99.052281,18.76636],[99.052169,18.766766],[99.052002,18.76675],[99.051967,18.766992],[99.05149,18.766943],[99.051766,18.764849]]]}},{"type":"Feature","properties":{"k":"rural"},"geometry":{"type":"Polygon","coordinates":[[[99.054239,18.76653],[99.054301,18.766943],[99.053571,18.767043],[99.053381,18.766672],[99.054239,18.76653]]]}},{"type":"Feature","properties":{"k":"rural"},"geometry":{"type":"Polygon","coordinates":[[[99.052533,18.765484],[99.052917,18.765409],[99.052936,18.76548],[99.053043,18.765463],[99.05308,18.765816],[99.053251,18.766509],[99.052869,18.766585],[99.05281,18.76642],[99.052724,18.766428],[99.052673,18.766278],[99.052566,18.766311],[99.052498,18.766181],[99.052496,18.766035],[99.052426,18.765877],[99.052418,18.765788],[99.052533,18.765484]]]}},{"type":"Feature","properties":{"k":"cemetery"},"geometry":{"type":"Polygon","coordinates":[[[99.00695,18.773173],[99.007487,18.772962],[99.007505,18.773354],[99.007734,18.774025],[99.007639,18.774064],[99.00695,18.773173]]]}},{"type":"Feature","properties":{"k":"rural"},"geometry":{"type":"Polygon","coordinates":[[[99.051851,18.823105],[99.051784,18.823295],[99.052261,18.823433],[99.052068,18.8239],[99.051763,18.823922],[99.051775,18.824044],[99.051873,18.824226],[99.051598,18.82458],[99.051075,18.824423],[99.051012,18.824597],[99.050971,18.824583],[99.050885,18.824801],[99.050743,18.824757],[99.050911,18.824278],[99.050625,18.824204],[99.050231,18.824007],[99.049863,18.823778],[99.051068,18.82164],[99.051849,18.822397],[99.051426,18.82275],[99.051697,18.822956],[99.051666,18.823019],[99.051851,18.823105]]]}},{"type":"Feature","properties":{"k":"rural"},"geometry":{"type":"Polygon","coordinates":[[[99.00421,18.745093],[99.003441,18.745385],[99.003517,18.745547],[99.002678,18.745854],[99.002452,18.745335],[99.003974,18.744693],[99.00421,18.745093]]]}},{"type":"Feature","properties":{"k":"rural"},"geometry":{"type":"Polygon","coordinates":[[[99.047913,18.796426],[99.047963,18.796381],[99.047903,18.796151],[99.04796,18.796073],[99.048645,18.795859],[99.049058,18.796422],[99.04937,18.79733],[99.049384,18.7975],[99.049104,18.797537],[99.049144,18.797884],[99.049239,18.798036],[99.04925,18.798123],[99.049208,18.798178],[99.048924,18.79813],[99.048224,18.798091],[99.048165,18.798053],[99.048001,18.797081],[99.047832,18.797098],[99.047771,18.796522],[99.047792,18.796442],[99.047913,18.796426]]]}},{"type":"Feature","properties":{"k":"rural"},"geometry":{"type":"Polygon","coordinates":[[[99.053175,18.801534],[99.053177,18.801671],[99.05307,18.802031],[99.052909,18.802321],[99.052807,18.802402],[99.052359,18.803156],[99.050884,18.803105],[99.050964,18.802892],[99.051168,18.80272],[99.05146,18.802545],[99.052131,18.802227],[99.052552,18.801991],[99.053175,18.801534]]]}},{"type":"Feature","properties":{"k":"rural"},"geometry":{"type":"Polygon","coordinates":[[[99.053275,18.801246],[99.053072,18.801491],[99.052599,18.801764],[99.052398,18.800612],[99.052851,18.800767],[99.053275,18.801246]]]}},{"type":"Feature","properties":{"k":"rural"},"geometry":{"type":"Polygon","coordinates":[[[99.052278,18.80197],[99.051964,18.802038],[99.051903,18.801915],[99.05178,18.801885],[99.051726,18.8018],[99.051624,18.801211],[99.051348,18.801247],[99.051353,18.801293],[99.051149,18.801323],[99.051171,18.801501],[99.050952,18.80253],[99.050591,18.802274],[99.050273,18.802196],[99.05034,18.801955],[99.050565,18.801999],[99.050715,18.801638],[99.050318,18.801501],[99.050419,18.801222],[99.050932,18.801372],[99.050851,18.800996],[99.050508,18.800942],[99.050567,18.800769],[99.050422,18.800053],[99.050669,18.79996],[99.05083,18.800013],[99.051495,18.799982],[99.051666,18.800021],[99.051742,18.800128],[99.051827,18.80057],[99.052069,18.800546],[99.052278,18.80197]]]}},{"type":"Feature","properties":{"k":"rural"},"geometry":{"type":"Polygon","coordinates":[[[99.054121,18.8035],[99.053382,18.804207],[99.053355,18.804268],[99.053355,18.80444],[99.05362,18.804549],[99.053707,18.804668],[99.053927,18.805158],[99.054312,18.805804],[99.054405,18.806009],[99.054458,18.806318],[99.054447,18.806443],[99.053936,18.806711],[99.053897,18.80664],[99.053494,18.806251],[99.052934,18.805939],[99.052375,18.805548],[99.052394,18.805426],[99.052308,18.805414],[99.051983,18.804322],[99.051983,18.804215],[99.052013,18.804093],[99.052101,18.803961],[99.052482,18.803857],[99.052665,18.803451],[99.053016,18.803156],[99.053003,18.803085],[99.053373,18.803055],[99.053453,18.802727],[99.053456,18.802577],[99.053515,18.8024],[99.053638,18.802329],[99.053834,18.802306],[99.053976,18.802364],[99.054167,18.802933],[99.054188,18.803357],[99.054121,18.8035]]]}},{"type":"Feature","properties":{"k":"rural"},"geometry":{"type":"Polygon","coordinates":[[[99.052356,18.805619],[99.052897,18.805988],[99.053452,18.806296],[99.053847,18.806677],[99.053901,18.806757],[99.053907,18.806985],[99.054121,18.807155],[99.05414,18.807361],[99.053909,18.807673],[99.053909,18.807793],[99.053915,18.807866],[99.053968,18.807937],[99.054161,18.808075],[99.054207,18.808179],[99.054207,18.808344],[99.054183,18.808435],[99.05396,18.808595],[99.05392,18.808661],[99.053872,18.809042],[99.053891,18.809631],[99.053756,18.809992],[99.053756,18.810108],[99.05388,18.810319],[99.05388,18.810367],[99.053848,18.81037],[99.053856,18.810575],[99.054108,18.810578],[99.054062,18.810756],[99.053957,18.810872],[99.053998,18.811215],[99.053898,18.81156],[99.051428,18.811045],[99.051613,18.809958],[99.051742,18.80876],[99.051777,18.807449],[99.051841,18.807193],[99.051887,18.807091],[99.052037,18.806965],[99.052195,18.8062],[99.052598,18.806414],[99.052614,18.806386],[99.052391,18.806043],[99.052329,18.805718],[99.052356,18.805619]]]}},{"type":"Feature","properties":{"k":"pitch"},"geometry":{"type":"Polygon","coordinates":[[[99.006899,18.733854],[99.006888,18.733546],[99.007447,18.733529],[99.007457,18.733837],[99.006899,18.733854]]]}},{"type":"Feature","properties":{"k":"park"},"geometry":{"type":"Polygon","coordinates":[[[98.966397,18.747031],[98.967199,18.746871],[98.967368,18.747273],[98.966673,18.74738],[98.966646,18.747275],[98.966858,18.747248],[98.966846,18.747167],[98.966762,18.747178],[98.966777,18.747106],[98.966533,18.747133],[98.966397,18.747031]]]}},{"type":"Feature","properties":{"k":"park"},"geometry":{"type":"Polygon","coordinates":[[[98.966955,18.745645],[98.967073,18.745832],[98.967002,18.745847],[98.966889,18.745685],[98.966955,18.745645]]]}},{"type":"Feature","properties":{"k":"park"},"geometry":{"type":"Polygon","coordinates":[[[99.004541,18.748254],[99.004465,18.748049],[99.004643,18.74799],[99.004719,18.748195],[99.004541,18.748254]]]}},{"type":"Feature","properties":{"k":"rural"},"geometry":{"type":"Polygon","coordinates":[[[99.022258,18.764519],[99.021856,18.764352],[99.022092,18.763798],[99.022138,18.763843],[99.022421,18.763759],[99.022467,18.763785],[99.022264,18.764021],[99.022442,18.764098],[99.022258,18.764519]]]}},{"type":"Feature","properties":{"k":"rural"},"geometry":{"type":"Polygon","coordinates":[[[99.020838,18.764441],[99.020803,18.764509],[99.020263,18.764305],[99.020388,18.764034],[99.020273,18.762882],[99.020357,18.762866],[99.020134,18.762507],[99.020167,18.762323],[99.020447,18.762265],[99.020425,18.762163],[99.02096,18.762049],[99.021224,18.76214],[99.021339,18.762232],[99.020634,18.762463],[99.02051,18.762452],[99.020467,18.762558],[99.020594,18.762623],[99.021274,18.762342],[99.021503,18.762647],[99.021905,18.762506],[99.021948,18.762399],[99.022422,18.762529],[99.021987,18.763664],[99.021702,18.763583],[99.021497,18.763635],[99.021525,18.763878],[99.021883,18.763859],[99.021816,18.764011],[99.021301,18.764124],[99.021,18.764236],[99.020838,18.764441]]]}},{"type":"Feature","properties":{"k":"pitch"},"geometry":{"type":"Polygon","coordinates":[[[99.018971,18.765115],[99.019364,18.764204],[99.019944,18.764429],[99.019551,18.765339],[99.018971,18.765115]]]}},{"type":"Feature","properties":{"k":"rural"},"geometry":{"type":"Polygon","coordinates":[[[99.022494,18.763384],[99.022273,18.7633],[99.022469,18.762836],[99.02269,18.76292],[99.022494,18.763384]]]}},{"type":"Feature","properties":{"k":"rural"},"geometry":{"type":"Polygon","coordinates":[[[99.017817,18.755816],[99.018172,18.75606],[99.018214,18.755974],[99.018526,18.756116],[99.018233,18.756824],[99.018579,18.75692],[99.018346,18.757325],[99.017304,18.757131],[99.017248,18.757294],[99.016744,18.757187],[99.016743,18.757131],[99.017012,18.757055],[99.017148,18.756776],[99.017638,18.756927],[99.01783,18.75641],[99.017715,18.756369],[99.017755,18.756285],[99.017497,18.756168],[99.017817,18.755816]]]}},{"type":"Feature","properties":{"k":"rural"},"geometry":{"type":"Polygon","coordinates":[[[99.018707,18.755241],[99.018774,18.755332],[99.01919,18.755663],[99.019214,18.755721],[99.018889,18.756143],[99.018718,18.756057],[99.018822,18.755843],[99.018533,18.755643],[99.018396,18.75551],[99.018707,18.755241]]]}},{"type":"Feature","properties":{"k":"pitch"},"geometry":{"type":"Polygon","coordinates":[[[98.973781,18.751093],[98.973526,18.750434],[98.973992,18.750272],[98.974247,18.750931],[98.973781,18.751093]]]}},{"type":"Feature","properties":{"k":"pitch"},"geometry":{"type":"Polygon","coordinates":[[[99.000342,18.773148],[99.000013,18.772298],[99.000525,18.77212],[99.000855,18.77297],[99.000342,18.773148]]]}},{"type":"Feature","properties":{"k":"pitch"},"geometry":{"type":"Polygon","coordinates":[[[99.000725,18.771754],[99.000639,18.771454],[99.000828,18.771405],[99.000913,18.771706],[99.000725,18.771754]]]}},{"type":"Feature","properties":{"k":"park"},"geometry":{"type":"Polygon","coordinates":[[[99.003829,18.783906],[99.003833,18.783782],[99.003786,18.783778],[99.003797,18.783458],[99.003958,18.783442],[99.004033,18.783923],[99.003829,18.783906]]]}},{"type":"Feature","properties":{"k":"pitch"},"geometry":{"type":"Polygon","coordinates":[[[99.00454,18.768205],[99.004494,18.767796],[99.004758,18.767769],[99.004804,18.768178],[99.00454,18.768205]]]}},{"type":"Feature","properties":{"k":"rural"},"geometry":{"type":"Polygon","coordinates":[[[99.02867,18.77348],[99.028584,18.77346],[99.028747,18.772367],[99.029321,18.771707],[99.029305,18.771559],[99.029518,18.77139],[99.029653,18.771555],[99.029858,18.771557],[99.029883,18.772338],[99.02993,18.772476],[99.030125,18.772728],[99.030109,18.772977],[99.02867,18.77348]]]}},{"type":"Feature","properties":{"k":"rural"},"geometry":{"type":"Polygon","coordinates":[[[99.031417,18.773369],[99.030372,18.773545],[99.030263,18.773207],[99.030232,18.772721],[99.030035,18.772453],[99.030006,18.772365],[99.029904,18.771406],[99.031909,18.771327],[99.032343,18.772448],[99.032044,18.772573],[99.032013,18.77291],[99.032027,18.773266],[99.031417,18.773369]]]}},{"type":"Feature","properties":{"k":"rural"},"geometry":{"type":"Polygon","coordinates":[[[99.017447,18.772164],[99.017442,18.77102],[99.017695,18.771017],[99.017961,18.771105],[99.01856,18.771443],[99.018677,18.771687],[99.018799,18.77207],[99.018432,18.772073],[99.018373,18.772234],[99.017447,18.772164]]]}},{"type":"Feature","properties":{"k":"rural"},"geometry":{"type":"Polygon","coordinates":[[[99.019097,18.771839],[99.019182,18.771648],[99.019406,18.771421],[99.019642,18.771567],[99.019879,18.771396],[99.020016,18.771235],[99.02066,18.771154],[99.020676,18.77159],[99.020864,18.771814],[99.021134,18.771601],[99.021386,18.77188],[99.021054,18.772063],[99.020453,18.77215],[99.020233,18.772449],[99.019954,18.772602],[99.019877,18.773033],[99.01967,18.773104],[99.019658,18.773288],[99.01933,18.773412],[99.018259,18.774085],[99.018121,18.77374],[99.018397,18.773648],[99.018458,18.772998],[99.018999,18.773076],[99.019299,18.772771],[99.01927,18.772527],[99.019084,18.772139],[99.019065,18.77196],[99.019097,18.771839]]]}},{"type":"Feature","properties":{"k":"rural"},"geometry":{"type":"Polygon","coordinates":[[[99.017935,18.77021],[99.017886,18.769744],[99.017574,18.769669],[99.017634,18.768977],[99.017736,18.768781],[99.017883,18.768671],[99.017924,18.768536],[99.017849,18.768525],[99.017849,18.768297],[99.017695,18.76824],[99.017781,18.767762],[99.017932,18.767093],[99.018274,18.765967],[99.018398,18.766011],[99.018542,18.766266],[99.018665,18.766704],[99.018812,18.766815],[99.019009,18.767396],[99.018993,18.767531],[99.019031,18.767741],[99.019241,18.767855],[99.020143,18.767935],[99.020996,18.768167],[99.020973,18.768599],[99.020217,18.768685],[99.019729,18.768863],[99.019589,18.769783],[99.019576,18.770253],[99.01923,18.770342],[99.019079,18.770723],[99.018688,18.770738],[99.018481,18.770649],[99.018447,18.770235],[99.017935,18.77021]]]}},{"type":"Feature","properties":{"k":"pitch"},"geometry":{"type":"Polygon","coordinates":[[[98.992424,18.787416],[98.992259,18.787159],[98.99246,18.787044],[98.992718,18.787006],[98.992734,18.787171],[98.992491,18.787248],[98.992552,18.787343],[98.992424,18.787416]]]}},{"type":"Feature","properties":{"k":"pitch"},"geometry":{"type":"Polygon","coordinates":[[[98.974255,18.733686],[98.974229,18.733344],[98.974584,18.73332],[98.97461,18.733661],[98.974255,18.733686]]]}},{"type":"Feature","properties":{"k":"pitch"},"geometry":{"type":"Polygon","coordinates":[[[99.008917,18.76131],[99.008977,18.760955],[99.009165,18.760983],[99.009105,18.761339],[99.008917,18.76131]]]}},{"type":"Feature","properties":{"k":"pitch"},"geometry":{"type":"Polygon","coordinates":[[[99.009184,18.76087],[99.00899,18.760841],[99.009044,18.760518],[99.009238,18.760548],[99.009184,18.76087]]]}},{"type":"Feature","properties":{"k":"pitch"},"geometry":{"type":"Polygon","coordinates":[[[99.009046,18.760426],[99.009101,18.76007],[99.009231,18.760088],[99.009176,18.760273],[99.009238,18.760281],[99.009213,18.760449],[99.009046,18.760426]]]}},{"type":"Feature","properties":{"k":"rural"},"geometry":{"type":"Polygon","coordinates":[[[98.997858,18.753007],[98.997453,18.752744],[98.997607,18.752469],[98.997618,18.752358],[98.997827,18.752167],[98.997675,18.752018],[98.997771,18.751917],[98.997647,18.75177],[98.997225,18.751921],[98.997481,18.749959],[98.997835,18.750017],[98.998414,18.749935],[98.998518,18.750396],[98.99861,18.750625],[98.998315,18.750853],[98.998359,18.751084],[98.999046,18.75181],[98.999769,18.751199],[98.999721,18.75178],[98.999945,18.752063],[98.999438,18.752654],[98.999007,18.753105],[98.998583,18.753486],[98.9983,18.753529],[98.997858,18.753007]]]}},{"type":"Feature","properties":{"k":"rural"},"geometry":{"type":"Polygon","coordinates":[[[98.992158,18.804951],[98.993008,18.805063],[98.993013,18.80532],[98.992102,18.805218],[98.992158,18.804951]]]}},{"type":"Feature","properties":{"k":"rural"},"geometry":{"type":"Polygon","coordinates":[[[99.000759,18.801195],[99.001037,18.801796],[99.001434,18.801657],[99.001662,18.802193],[99.001687,18.802408],[99.001797,18.802403],[99.001786,18.802629],[99.001587,18.80285],[99.001247,18.802977],[99.001188,18.802776],[99.001127,18.802799],[99.001058,18.802552],[99.001005,18.802566],[99.000769,18.801931],[99.000632,18.801996],[99.000139,18.801474],[99.000292,18.801327],[99.000281,18.801248],[99.000533,18.80124],[99.000759,18.801195]]]}},{"type":"Feature","properties":{"k":"rural"},"geometry":{"type":"Polygon","coordinates":[[[98.935099,18.737464],[98.935281,18.737272],[98.93563,18.737429],[98.935826,18.737606],[98.935712,18.737777],[98.935099,18.737464]]]}},{"type":"Feature","properties":{"k":"rural"},"geometry":{"type":"Polygon","coordinates":[[[98.953756,18.74309],[98.954032,18.742275],[98.954335,18.741742],[98.955317,18.741937],[98.955496,18.741949],[98.95568,18.742603],[98.955931,18.742915],[98.954678,18.743035],[98.954729,18.74369],[98.954298,18.743794],[98.953568,18.74386],[98.95382,18.743604],[98.953903,18.74339],[98.95386,18.743243],[98.953756,18.74309]]]}},{"type":"Feature","properties":{"k":"forest"},"geometry":{"type":"Polygon","coordinates":[[[99.021314,18.810927],[99.020622,18.810453],[99.020806,18.809963],[99.020928,18.809881],[99.021272,18.809775],[99.022127,18.809594],[99.022294,18.809614],[99.022342,18.809769],[99.021908,18.810739],[99.021314,18.810927]]]}},{"type":"Feature","properties":{"k":"rural"},"geometry":{"type":"Polygon","coordinates":[[[98.977554,18.809301],[98.977639,18.809174],[98.977769,18.808738],[98.978913,18.809075],[98.978789,18.809367],[98.978646,18.809536],[98.978592,18.809855],[98.978299,18.809817],[98.977484,18.809612],[98.977554,18.809301]]]}},{"type":"Feature","properties":{"k":"rural"},"geometry":{"type":"Polygon","coordinates":[[[98.996741,18.736773],[98.996113,18.736758],[98.995904,18.736146],[98.994805,18.736239],[98.995039,18.734859],[98.995394,18.734877],[98.995587,18.734942],[98.995901,18.734952],[98.996,18.735417],[98.99629,18.735407],[98.9964,18.735745],[98.996625,18.735691],[98.996674,18.735827],[98.996513,18.735939],[98.996741,18.736773]]]}},{"type":"Feature","properties":{"k":"rural"},"geometry":{"type":"Polygon","coordinates":[[[99.000855,18.745647],[99.000676,18.745733],[99.000478,18.74591],[99.000385,18.745678],[99.000341,18.745335],[99.000809,18.745254],[99.0011,18.744854],[99.002249,18.74457],[99.002432,18.744569],[99.00261,18.744986],[99.000855,18.745647]]]}},{"type":"Feature","properties":{"k":"pitch"},"geometry":{"type":"Polygon","coordinates":[[[98.993313,18.763864],[98.993214,18.763744],[98.993479,18.763549],[98.993577,18.763669],[98.993313,18.763864]]]}},{"type":"Feature","properties":{"k":"cemetery"},"geometry":{"type":"Polygon","coordinates":[[[98.990583,18.755417],[98.990354,18.754789],[98.991139,18.754533],[98.991368,18.75516],[98.990583,18.755417]]]}},{"type":"Feature","properties":{"k":"park"},"geometry":{"type":"Polygon","coordinates":[[[98.970254,18.730389],[98.970297,18.730601],[98.969916,18.730658],[98.969964,18.731109],[98.96961,18.731156],[98.969546,18.73051],[98.970254,18.730389]]]}},{"type":"Feature","properties":{"k":"park"},"geometry":{"type":"Polygon","coordinates":[[[98.989955,18.755237],[98.989381,18.755186],[98.989397,18.754856],[98.989998,18.754851],[98.989955,18.755237]]]}},{"type":"Feature","properties":{"k":"park","n":"Nice Place Sport Club"},"geometry":{"type":"Polygon","coordinates":[[[98.974552,18.742935],[98.973364,18.743278],[98.973171,18.743054],[98.972546,18.743189],[98.972302,18.742549],[98.972726,18.742277],[98.973415,18.742094],[98.974686,18.742777],[98.974552,18.742935]]]}},{"type":"Feature","properties":{"k":"rural"},"geometry":{"type":"Polygon","coordinates":[[[99.054684,18.791905],[99.055245,18.791463],[99.057112,18.791768],[99.057,18.792107],[99.056494,18.792066],[99.056426,18.7927],[99.056103,18.793139],[99.055092,18.793793],[99.05531,18.794233],[99.055288,18.794426],[99.055396,18.794761],[99.054934,18.79516],[99.054852,18.795474],[99.054613,18.795578],[99.054606,18.794981],[99.054198,18.795126],[99.054196,18.795193],[99.05388,18.795331],[99.053966,18.794858],[99.053912,18.794645],[99.0538,18.79442],[99.053955,18.793941],[99.053925,18.793764],[99.054017,18.793627],[99.054458,18.793508],[99.05499,18.792865],[99.055163,18.792475],[99.054684,18.791905]]]}},{"type":"Feature","properties":{"k":"rural"},"geometry":{"type":"Polygon","coordinates":[[[99.048856,18.801088],[99.049189,18.800257],[99.049714,18.800348],[99.049983,18.800302],[99.049757,18.801315],[99.048856,18.801088]]]}},{"type":"Feature","properties":{"k":"pitch"},"geometry":{"type":"Polygon","coordinates":[[[99.050886,18.797666],[99.051168,18.79776],[99.051026,18.79809],[99.050776,18.798007],[99.050886,18.797666]]]}},{"type":"Feature","properties":{"k":"park"},"geometry":{"type":"Polygon","coordinates":[[[98.99291,18.781043],[98.993107,18.781053],[98.993017,18.781141],[98.99291,18.781043]]]}},{"type":"Feature","properties":{"k":"rural"},"geometry":{"type":"Polygon","coordinates":[[[99.018307,18.74057],[99.018349,18.740276],[99.01831,18.740087],[99.018152,18.739733],[99.018466,18.739666],[99.01856,18.740077],[99.01889,18.739958],[99.018855,18.740524],[99.018833,18.740555],[99.018307,18.74057]]]}},{"type":"Feature","properties":{"k":"pitch"},"geometry":{"type":"Polygon","coordinates":[[[99.020857,18.739325],[99.020855,18.739112],[99.021004,18.739111],[99.021006,18.739323],[99.020857,18.739325]]]}},{"type":"Feature","properties":{"k":"rural"},"geometry":{"type":"Polygon","coordinates":[[[99.027936,18.762095],[99.028482,18.762023],[99.028455,18.762425],[99.028353,18.762618],[99.028316,18.762802],[99.028589,18.763636],[99.028482,18.763986],[99.02765,18.763722],[99.027523,18.763163],[99.027607,18.763057],[99.02764,18.762716],[99.027479,18.762168],[99.027936,18.762095]]]}},{"type":"Feature","properties":{"k":"park"},"geometry":{"type":"Polygon","coordinates":[[[98.972498,18.837973],[98.972399,18.837894],[98.972362,18.837822],[98.972357,18.837693],[98.972391,18.837617],[98.972535,18.837512],[98.972723,18.837525],[98.972797,18.837574],[98.972868,18.837693],[98.972845,18.837864],[98.972706,18.837981],[98.97258,18.837996],[98.972498,18.837973]]]}},{"type":"Feature","properties":{"k":"forest"},"geometry":{"type":"Polygon","coordinates":[[[99.054059,18.748161],[99.054121,18.747628],[99.054429,18.747638],[99.054376,18.747838],[99.054362,18.748169],[99.054314,18.748247],[99.054059,18.748161]]]}},{"type":"Feature","properties":{"k":"rural"},"geometry":{"type":"Polygon","coordinates":[[[99.050612,18.743626],[99.05006,18.743767],[99.048853,18.743508],[99.048171,18.742583],[99.04882,18.742609],[99.049004,18.742711],[99.049673,18.742685],[99.050481,18.742924],[99.050612,18.743626]]]}},{"type":"Feature","properties":{"k":"rural"},"geometry":{"type":"Polygon","coordinates":[[[99.029678,18.73345],[99.031067,18.733218],[99.031333,18.733391],[99.031083,18.733922],[99.030023,18.734181],[99.030019,18.735014],[99.029793,18.735415],[99.029814,18.735629],[99.029761,18.735695],[99.029133,18.735598],[99.028908,18.735512],[99.028709,18.735492],[99.028382,18.735527],[99.028286,18.735492],[99.028108,18.735365],[99.028372,18.735202],[99.028495,18.735045],[99.029158,18.735077],[99.029231,18.734243],[99.028739,18.734275],[99.028808,18.73407],[99.029416,18.734027],[99.029382,18.733591],[99.029045,18.733587],[99.029052,18.733465],[99.029678,18.73345]]]}},{"type":"Feature","properties":{"k":"rural"},"geometry":{"type":"Polygon","coordinates":[[[99.032213,18.733155],[99.032545,18.732215],[99.032795,18.732418],[99.03423,18.732677],[99.03409,18.733101],[99.033943,18.733292],[99.033946,18.733386],[99.034056,18.733584],[99.034243,18.733584],[99.035959,18.734325],[99.035973,18.734735],[99.035383,18.734511],[99.032213,18.733155]]]}},{"type":"Feature","properties":{"k":"rural"},"geometry":{"type":"Polygon","coordinates":[[[98.980277,18.78431],[98.98025,18.784632],[98.97957,18.784731],[98.979629,18.785086],[98.980339,18.784876],[98.98041,18.78533],[98.979904,18.785359],[98.979963,18.785757],[98.979546,18.785749],[98.979548,18.785473],[98.979279,18.78545],[98.979262,18.784851],[98.979304,18.784414],[98.980159,18.784295],[98.980277,18.78431]]]}},{"type":"Feature","properties":{"k":"park"},"geometry":{"type":"Polygon","coordinates":[[[98.956907,18.846358],[98.956915,18.845698],[98.957913,18.845797],[98.957921,18.846421],[98.956907,18.846358]]]}},{"type":"Feature","properties":{"k":"park"},"geometry":{"type":"Polygon","coordinates":[[[99.013777,18.830008],[99.013792,18.829833],[99.014394,18.82988],[99.014378,18.830056],[99.013777,18.830008]]]}},{"type":"Feature","properties":{"k":"pitch"},"geometry":{"type":"Polygon","coordinates":[[[99.018484,18.765753],[99.018635,18.765391],[99.018811,18.765467],[99.018657,18.765832],[99.018484,18.765753]]]}},{"type":"Feature","properties":{"k":"pitch"},"geometry":{"type":"Polygon","coordinates":[[[99.002714,18.777327],[99.00254,18.777173],[99.002575,18.776873],[99.003119,18.776703],[99.00331,18.777104],[99.00313,18.7772],[99.002714,18.777327]]]}},{"type":"Feature","properties":{"k":"pitch"},"geometry":{"type":"Polygon","coordinates":[[[98.989842,18.802777],[98.98975,18.802448],[98.990062,18.802357],[98.99017,18.802704],[98.989842,18.802777]]]}},{"type":"Feature","properties":{"k":"rural"},"geometry":{"type":"Polygon","coordinates":[[[99.022975,18.827336],[99.023493,18.827677],[99.023635,18.827923],[99.023901,18.828179],[99.02382,18.828591],[99.023585,18.829023],[99.023556,18.829214],[99.023606,18.829517],[99.022863,18.829408],[99.023016,18.828674],[99.023134,18.828428],[99.022959,18.828207],[99.023042,18.828159],[99.022836,18.827814],[99.022853,18.827703],[99.022933,18.827666],[99.022919,18.827496],[99.022975,18.827336]]]}},{"type":"Feature","properties":{"k":"pitch"},"geometry":{"type":"Polygon","coordinates":[[[98.996117,18.841745],[98.995867,18.842102],[98.995091,18.841651],[98.995317,18.841289],[98.995754,18.841548],[98.995952,18.841265],[98.996397,18.84153],[98.996205,18.841809],[98.996117,18.841745]]]}},{"type":"Feature","properties":{"k":"rural"},"geometry":{"type":"Polygon","coordinates":[[[98.967939,18.806416],[98.967837,18.805885],[98.968655,18.805693],[98.968708,18.805906],[98.969047,18.805832],[98.969001,18.80601],[98.969041,18.806134],[98.969271,18.806224],[98.969291,18.806406],[98.969122,18.806477],[98.969129,18.806645],[98.968677,18.806612],[98.968445,18.806503],[98.968194,18.806492],[98.967939,18.806416]]]}},{"type":"Feature","properties":{"k":"rural"},"geometry":{"type":"Polygon","coordinates":[[[99.045422,18.774854],[99.046016,18.775021],[99.046388,18.775004],[99.04644,18.775338],[99.046348,18.776144],[99.046415,18.776607],[99.046594,18.777002],[99.046341,18.777326],[99.045798,18.776922],[99.045618,18.776451],[99.045579,18.776247],[99.045861,18.776239],[99.045876,18.775778],[99.045457,18.775744],[99.045422,18.774854]]]}},{"type":"Feature","properties":{"k":"park"},"geometry":{"type":"Polygon","coordinates":[[[98.981799,18.821897],[98.981845,18.821739],[98.982099,18.821807],[98.982053,18.821964],[98.981799,18.821897]]]}},{"type":"Feature","properties":{"k":"cemetery"},"geometry":{"type":"Polygon","coordinates":[[[98.998734,18.780078],[98.998519,18.780072],[98.998315,18.77962],[98.998228,18.77951],[98.999,18.779218],[98.999137,18.779627],[98.999277,18.77991],[98.998734,18.780078]]]}},{"type":"Feature","properties":{"k":"rural"},"geometry":{"type":"Polygon","coordinates":[[[99.017453,18.742599],[99.017184,18.742588],[99.017133,18.742405],[99.016452,18.742509],[99.016441,18.742265],[99.017117,18.742187],[99.017522,18.742195],[99.017545,18.742276],[99.017453,18.742599]]]}},{"type":"Feature","properties":{"k":"park"},"geometry":{"type":"Polygon","coordinates":[[[98.948579,18.763501],[98.948421,18.762782],[98.948536,18.762743],[98.948512,18.762638],[98.948664,18.762598],[98.948978,18.762847],[98.949074,18.763382],[98.948579,18.763501]]]}},{"type":"Feature","properties":{"k":"pitch"},"geometry":{"type":"Polygon","coordinates":[[[98.941401,18.767736],[98.941418,18.766778],[98.941994,18.766787],[98.941977,18.767745],[98.941401,18.767736]]]}},{"type":"Feature","properties":{"k":"pitch"},"geometry":{"type":"Polygon","coordinates":[[[98.968536,18.792597],[98.96858,18.792791],[98.968346,18.792838],[98.968303,18.792644],[98.968536,18.792597]]]}},{"type":"Feature","properties":{"k":"rural"},"geometry":{"type":"Polygon","coordinates":[[[98.993942,18.820898],[98.993738,18.820847],[98.993628,18.820347],[98.994553,18.820311],[98.994542,18.820586],[98.994137,18.820743],[98.993942,18.820898]]]}},{"type":"Feature","properties":{"k":"rural"},"geometry":{"type":"Polygon","coordinates":[[[98.92517,18.730484],[98.925333,18.730512],[98.925507,18.730601],[98.925668,18.730573],[98.9258,18.730656],[98.926036,18.730573],[98.926162,18.730662],[98.926162,18.731137],[98.925891,18.731269],[98.925022,18.731543],[98.924845,18.73166],[98.924807,18.731739],[98.924495,18.731741],[98.92411,18.731942],[98.92385,18.731929],[98.923732,18.73198],[98.923598,18.731985],[98.923562,18.731949],[98.923329,18.732033],[98.923284,18.732023],[98.923104,18.731825],[98.922993,18.731792],[98.922691,18.731553],[98.922326,18.730806],[98.922162,18.730654],[98.922194,18.730456],[98.922592,18.73037],[98.923111,18.730425],[98.923284,18.73038],[98.923316,18.730489],[98.923359,18.730504],[98.923579,18.73052],[98.923689,18.730497],[98.92419,18.73056],[98.924217,18.730631],[98.924278,18.730636],[98.924268,18.730502],[98.92442,18.73043],[98.924743,18.730453],[98.925019,18.730522],[98.92517,18.730484]]]}},{"type":"Feature","properties":{"k":"rural"},"geometry":{"type":"Polygon","coordinates":[[[98.924066,18.728946],[98.924329,18.729621],[98.924496,18.730357],[98.924212,18.730474],[98.923809,18.730377],[98.923391,18.730439],[98.923348,18.730291],[98.923031,18.730322],[98.922688,18.730301],[98.922613,18.729819],[98.923053,18.729748],[98.922961,18.729276],[98.922796,18.728853],[98.923251,18.728859],[98.923905,18.728961],[98.924066,18.728946]]]}},{"type":"Feature","properties":{"k":"pitch"},"geometry":{"type":"Polygon","coordinates":[[[98.955711,18.761365],[98.955718,18.761306],[98.95585,18.76132],[98.955843,18.761379],[98.955711,18.761365]]]}},{"type":"Feature","properties":{"k":"rural"},"geometry":{"type":"Polygon","coordinates":[[[98.956183,18.765557],[98.956631,18.765613],[98.956576,18.765986],[98.956519,18.766009],[98.956232,18.765915],[98.956183,18.765557]]]}},{"type":"Feature","properties":{"k":"rural"},"geometry":{"type":"Polygon","coordinates":[[[98.956589,18.766671],[98.957306,18.766479],[98.957579,18.766332],[98.957628,18.766227],[98.957634,18.765877],[98.957547,18.765708],[98.957224,18.765624],[98.957256,18.765592],[98.957292,18.7654],[98.957367,18.765298],[98.957501,18.765258],[98.957691,18.765284],[98.957887,18.76536],[98.958003,18.765532],[98.958096,18.766125],[98.958195,18.766386],[98.95816,18.766489],[98.958066,18.766582],[98.957822,18.766651],[98.957331,18.766553],[98.957199,18.766559],[98.956617,18.766709],[98.956589,18.766671]]]}},{"type":"Feature","properties":{"k":"rural"},"geometry":{"type":"Polygon","coordinates":[[[98.956576,18.765986],[98.956631,18.765613],[98.957104,18.765695],[98.957018,18.765938],[98.956828,18.765986],[98.956576,18.765986]]]}},{"type":"Feature","properties":{"k":"pitch"},"geometry":{"type":"Polygon","coordinates":[[[99.006756,18.798613],[99.006867,18.798634],[99.006715,18.799318],[99.006605,18.799296],[99.006756,18.798613]]]}},{"type":"Feature","properties":{"k":"pitch"},"geometry":{"type":"Polygon","coordinates":[[[99.011688,18.802159],[99.011925,18.802206],[99.01185,18.802546],[99.011613,18.802499],[99.011688,18.802159]]]}},{"type":"Feature","properties":{"k":"pitch"},"geometry":{"type":"Polygon","coordinates":[[[98.985886,18.774724],[98.986082,18.77476],[98.986005,18.775138],[98.985809,18.775102],[98.985886,18.774724]]]}},{"type":"Feature","properties":{"k":"park","n":"Floral Display"},"geometry":{"type":"Polygon","coordinates":[[[98.97847,18.795905],[98.978397,18.795865],[98.978421,18.79585],[98.978476,18.795879],[98.97847,18.795905]]]}},{"type":"Feature","properties":{"k":"forest"},"geometry":{"type":"Polygon","coordinates":[[[98.988078,18.80217],[98.988055,18.801898],[98.988342,18.801868],[98.988318,18.801586],[98.988936,18.801539],[98.989244,18.802092],[98.989243,18.802261],[98.988078,18.80217]]]}},{"type":"Feature","properties":{"k":"forest"},"geometry":{"type":"Polygon","coordinates":[[[98.990126,18.800887],[98.990198,18.801296],[98.99016,18.801469],[98.990021,18.801657],[98.989839,18.801774],[98.989699,18.801801],[98.989383,18.801801],[98.989281,18.801768],[98.98902,18.801586],[98.988977,18.801418],[98.989185,18.801373],[98.989248,18.80161],[98.989342,18.801588],[98.989331,18.801551],[98.989443,18.801603],[98.989565,18.801612],[98.989783,18.80157],[98.989881,18.801499],[98.989982,18.801332],[98.989988,18.801141],[98.989933,18.800937],[98.990126,18.800887]]]}},{"type":"Feature","properties":{"k":"forest"},"geometry":{"type":"Polygon","coordinates":[[[98.997322,18.802882],[98.997189,18.802228],[98.997437,18.802365],[98.998262,18.802272],[98.998403,18.802924],[98.998076,18.803005],[98.998011,18.802756],[98.997322,18.802882]]]}},{"type":"Feature","properties":{"k":"rural"},"geometry":{"type":"Polygon","coordinates":[[[98.997095,18.80291],[98.997322,18.802882],[98.997365,18.803183],[98.997138,18.803212],[98.997095,18.80291]]]}},{"type":"Feature","properties":{"k":"rural"},"geometry":{"type":"Polygon","coordinates":[[[98.996552,18.802969],[98.996799,18.802949],[98.996901,18.803426],[98.996643,18.803467],[98.996552,18.802969]]]}},{"type":"Feature","properties":{"k":"rural"},"geometry":{"type":"Polygon","coordinates":[[[98.996552,18.802969],[98.996236,18.801344],[98.996799,18.801405],[98.996863,18.801959],[98.997137,18.801974],[98.997322,18.802882],[98.996552,18.802969]]]}},{"type":"Feature","properties":{"k":"pitch"},"geometry":{"type":"Polygon","coordinates":[[[98.971375,18.791417],[98.971252,18.791422],[98.97124,18.791161],[98.971363,18.791156],[98.971375,18.791417]]]}},{"type":"Feature","properties":{"k":"park"},"geometry":{"type":"Polygon","coordinates":[[[98.972953,18.789755],[98.97277,18.789759],[98.973095,18.789562],[98.973171,18.789551],[98.973308,18.789686],[98.97331,18.789748],[98.972953,18.789755]]]}},{"type":"Feature","properties":{"k":"park"},"geometry":{"type":"Polygon","coordinates":[[[98.973301,18.789537],[98.973296,18.789174],[98.97399,18.78916],[98.97387,18.789369],[98.973789,18.789371],[98.973685,18.789532],[98.973301,18.789537]]]}},{"type":"Feature","properties":{"k":"park"},"geometry":{"type":"Polygon","coordinates":[[[98.974169,18.789112],[98.974574,18.789103],[98.974574,18.789234],[98.974486,18.789417],[98.974411,18.789502],[98.974169,18.789112]]]}},{"type":"Feature","properties":{"k":"park"},"geometry":{"type":"Polygon","coordinates":[[[98.971875,18.791275],[98.971871,18.791073],[98.972255,18.791066],[98.972259,18.791268],[98.971875,18.791275]]]}},{"type":"Feature","properties":{"k":"park"},"geometry":{"type":"Polygon","coordinates":[[[98.972324,18.791258],[98.972322,18.791124],[98.972373,18.791084],[98.972573,18.791081],[98.972576,18.791255],[98.972324,18.791258]]]}},{"type":"Feature","properties":{"k":"park"},"geometry":{"type":"Polygon","coordinates":[[[98.973378,18.7913],[98.973377,18.791083],[98.973533,18.791082],[98.973534,18.7913],[98.973378,18.7913]]]}},{"type":"Feature","properties":{"k":"park"},"geometry":{"type":"Polygon","coordinates":[[[98.971114,18.792202],[98.971103,18.791872],[98.971458,18.791862],[98.971465,18.792105],[98.971193,18.792112],[98.971195,18.7922],[98.971114,18.792202]]]}},{"type":"Feature","properties":{"k":"pitch"},"geometry":{"type":"Polygon","coordinates":[[[98.95712,18.797963],[98.956957,18.797971],[98.956753,18.798096],[98.956584,18.798121],[98.956415,18.798091],[98.956252,18.797999],[98.956117,18.798001],[98.956052,18.796536],[98.95619,18.796536],[98.956311,18.79644],[98.956458,18.796386],[98.956615,18.796377],[98.956767,18.796415],[98.956919,18.796511],[98.957063,18.796514],[98.95712,18.797963]]]}},{"type":"Feature","properties":{"k":"rural"},"geometry":{"type":"Polygon","coordinates":[[[99.050763,18.769172],[99.050891,18.768678],[99.051148,18.768416],[99.052004,18.768442],[99.052718,18.768508],[99.052814,18.768569],[99.053576,18.768807],[99.053479,18.769102],[99.053268,18.769133],[99.051006,18.7689],[99.050934,18.769196],[99.050763,18.769172]]]}},{"type":"Feature","properties":{"k":"rural"},"geometry":{"type":"Polygon","coordinates":[[[99.053502,18.767059],[99.053555,18.767232],[99.053747,18.76735],[99.05363,18.767394],[99.053169,18.76746],[99.05319,18.767731],[99.051726,18.76751],[99.051984,18.767168],[99.052187,18.767232],[99.052252,18.767039],[99.052857,18.76702],[99.053147,18.767085],[99.053502,18.767059]]]}},{"type":"Feature","properties":{"k":"rural"},"geometry":{"type":"Polygon","coordinates":[[[99.052493,18.763367],[99.052498,18.764597],[99.05178,18.764525],[99.051766,18.764849],[99.05149,18.766943],[99.05092,18.767114],[99.050894,18.766334],[99.05112,18.765281],[99.051383,18.764586],[99.051457,18.764262],[99.051305,18.763414],[99.052493,18.763367]]]}},{"type":"Feature","properties":{"k":"park"},"geometry":{"type":"Polygon","coordinates":[[[98.972634,18.791255],[98.972631,18.79108],[98.972755,18.791078],[98.972759,18.791253],[98.972634,18.791255]]]}},{"type":"Feature","properties":{"k":"pitch"},"geometry":{"type":"Polygon","coordinates":[[[98.97152,18.792639],[98.971517,18.792383],[98.971697,18.792382],[98.971699,18.792638],[98.97152,18.792639]]]}},{"type":"Feature","properties":{"k":"rural"},"geometry":{"type":"Polygon","coordinates":[[[99.015047,18.748056],[99.015398,18.748428],[99.015253,18.748618],[99.014795,18.748268],[99.014585,18.748522],[99.014234,18.748357],[99.014066,18.74863],[99.013536,18.74807],[99.0144,18.747394],[99.015047,18.748056]]]}},{"type":"Feature","properties":{"k":"rural"},"geometry":{"type":"Polygon","coordinates":[[[99.017606,18.748491],[99.018019,18.748542],[99.0187,18.748855],[99.018928,18.748641],[99.019483,18.748877],[99.019071,18.749169],[99.018796,18.749606],[99.017949,18.749484],[99.017283,18.749436],[99.01736,18.750058],[99.016662,18.750121],[99.016656,18.74995],[99.016401,18.749776],[99.016439,18.749711],[99.016148,18.749515],[99.016737,18.748476],[99.01719,18.748636],[99.017606,18.748491]]]}},{"type":"Feature","properties":{"k":"rural"},"geometry":{"type":"Polygon","coordinates":[[[99.051509,18.734608],[99.051602,18.734519],[99.054454,18.733389],[99.054572,18.734069],[99.054332,18.734171],[99.054336,18.734238],[99.053116,18.734801],[99.053001,18.734578],[99.051755,18.735116],[99.051509,18.734608]]]}},{"type":"Feature","properties":{"k":"forest"},"geometry":{"type":"Polygon","coordinates":[[[99.050756,18.734222],[99.051117,18.734054],[99.051268,18.733908],[99.051449,18.734218],[99.051509,18.734608],[99.051864,18.735367],[99.050991,18.735875],[99.05075,18.73443],[99.050756,18.734222]]]}},{"type":"Feature","properties":{"k":"rural"},"geometry":{"type":"Polygon","coordinates":[[[99.051449,18.734218],[99.053709,18.733389],[99.05366,18.733277],[99.054401,18.732983],[99.054454,18.733389],[99.051602,18.734519],[99.051449,18.734218]]]}},{"type":"Feature","properties":{"k":"rural"},"geometry":{"type":"Polygon","coordinates":[[[99.053998,18.731783],[99.054144,18.732323],[99.054358,18.73278],[99.054401,18.732983],[99.05366,18.733277],[99.053709,18.733389],[99.052066,18.733998],[99.051787,18.733344],[99.052019,18.733262],[99.051975,18.733175],[99.052389,18.733034],[99.052357,18.732958],[99.051644,18.733186],[99.051558,18.732927],[99.051771,18.732835],[99.051687,18.732648],[99.053998,18.731783]]]}},{"type":"Feature","properties":{"k":"rural"},"geometry":{"type":"Polygon","coordinates":[[[99.052066,18.733998],[99.051449,18.734218],[99.051268,18.733908],[99.051117,18.734054],[99.050756,18.734222],[99.050766,18.733871],[99.050696,18.733577],[99.051713,18.733164],[99.052066,18.733998]]]}},{"type":"Feature","properties":{"k":"rural"},"geometry":{"type":"Polygon","coordinates":[[[99.053595,18.73033],[99.053788,18.731306],[99.053998,18.731783],[99.051687,18.732648],[99.051771,18.732835],[99.051008,18.733141],[99.050884,18.732281],[99.051102,18.7322],[99.051085,18.73211],[99.052321,18.731661],[99.052025,18.730778],[99.053595,18.73033]]]}},{"type":"Feature","properties":{"k":"park"},"geometry":{"type":"Polygon","coordinates":[[[98.999667,18.778521],[98.99967,18.778397],[98.99986,18.778382],[98.999838,18.778525],[98.999899,18.778522],[98.999895,18.778605],[98.999862,18.77863],[98.999691,18.778643],[98.99964,18.778592],[98.999667,18.778521]]]}},{"type":"Feature","properties":{"k":"park"},"geometry":{"type":"Polygon","coordinates":[[[98.999642,18.778301],[98.999642,18.778224],[98.999593,18.778164],[98.999608,18.778098],[98.999845,18.778077],[98.999855,18.778158],[98.999805,18.77816],[98.99981,18.778243],[98.999851,18.77824],[98.999856,18.778325],[98.999683,18.77834],[98.999642,18.778301]]]}},{"type":"Feature","properties":{"k":"park","n":"CMU Palm Park"},"geometry":{"type":"Polygon","coordinates":[[[98.953999,18.800515],[98.954075,18.800151],[98.955093,18.800024],[98.955324,18.800015],[98.955252,18.800163],[98.955431,18.80028],[98.955661,18.800367],[98.955654,18.800627],[98.955583,18.800813],[98.955475,18.800929],[98.955338,18.801002],[98.954997,18.801079],[98.954756,18.801202],[98.954638,18.801223],[98.954553,18.801127],[98.954445,18.801079],[98.953968,18.801035],[98.953882,18.800998],[98.953868,18.800719],[98.953999,18.800515]]]}},{"type":"Feature","properties":{"k":"pitch"},"geometry":{"type":"Polygon","coordinates":[[[98.98761,18.794471],[98.987561,18.794793],[98.987319,18.79476],[98.987369,18.794438],[98.98761,18.794471]]]}},{"type":"Feature","properties":{"k":"park"},"geometry":{"type":"Polygon","coordinates":[[[99.002744,18.785947],[99.002749,18.785881],[99.00281,18.785885],[99.002804,18.785952],[99.002744,18.785947]]]}},{"type":"Feature","properties":{"k":"park"},"geometry":{"type":"Polygon","coordinates":[[[98.967474,18.788967],[98.967388,18.788316],[98.967783,18.788282],[98.967848,18.78893],[98.967474,18.788967]]]}},{"type":"Feature","properties":{"k":"park"},"geometry":{"type":"Polygon","coordinates":[[[98.966937,18.788577],[98.966948,18.788662],[98.966697,18.78869],[98.966656,18.788143],[98.966741,18.788141],[98.966721,18.787659],[98.967095,18.787653],[98.967099,18.787707],[98.967279,18.787693],[98.967273,18.787623],[98.967347,18.787618],[98.967337,18.78744],[98.967451,18.787405],[98.968018,18.787369],[98.968021,18.787433],[98.967824,18.787448],[98.967856,18.787698],[98.967306,18.787746],[98.966932,18.787948],[98.96688,18.788214],[98.966937,18.788577]]]}},{"type":"Feature","properties":{"k":"park"},"geometry":{"type":"Polygon","coordinates":[[[98.980256,18.77383],[98.980157,18.773771],[98.979803,18.773775],[98.979777,18.773623],[98.9796,18.773391],[98.979131,18.773411],[98.979141,18.773327],[98.979651,18.773318],[98.979858,18.773217],[98.979876,18.773248],[98.980132,18.7731],[98.980477,18.773719],[98.980256,18.77383]]]}},{"type":"Feature","properties":{"k":"pitch"},"geometry":{"type":"Polygon","coordinates":[[[98.98019,18.773682],[98.980175,18.773575],[98.980263,18.773564],[98.980278,18.773671],[98.98019,18.773682]]]}},{"type":"Feature","properties":{"k":"pitch"},"geometry":{"type":"Polygon","coordinates":[[[98.980059,18.773479],[98.979924,18.773247],[98.980105,18.773153],[98.98024,18.773385],[98.980059,18.773479]]]}},{"type":"Feature","properties":{"k":"forest"},"geometry":{"type":"Polygon","coordinates":[[[99.030489,18.766936],[99.030741,18.767713],[99.030929,18.767816],[99.030602,18.768754],[99.030152,18.768897],[99.030074,18.768726],[99.029822,18.768833],[99.029962,18.768548],[99.029997,18.768382],[99.029695,18.768361],[99.02974,18.767976],[99.030049,18.768027],[99.03008,18.767853],[99.029994,18.767644],[99.02979,18.767345],[99.030123,18.767072],[99.030247,18.767006],[99.030489,18.766936]]]}},{"type":"Feature","properties":{"k":"rural"},"geometry":{"type":"Polygon","coordinates":[[[98.996897,18.754235],[98.996736,18.754701],[98.996484,18.754662],[98.99633,18.754998],[98.996705,18.755164],[98.996928,18.754824],[98.997418,18.754862],[98.997632,18.75524],[98.997345,18.755329],[98.997372,18.755673],[98.997178,18.75565],[98.997259,18.756551],[98.99632,18.756907],[98.996374,18.75613],[98.995821,18.756048],[98.995811,18.755553],[98.995679,18.755095],[98.995826,18.75508],[98.995988,18.754664],[98.996033,18.75429],[98.996897,18.754235]]]}},{"type":"Feature","properties":{"k":"rural"},"geometry":{"type":"Polygon","coordinates":[[[98.998485,18.822049],[98.99856,18.821833],[98.998824,18.821914],[98.998691,18.822298],[98.998535,18.82225],[98.998593,18.822082],[98.998485,18.822049]]]}},{"type":"Feature","properties":{"k":"rural"},"geometry":{"type":"Polygon","coordinates":[[[98.999498,18.839654],[98.999877,18.839236],[99.000596,18.839516],[99.000364,18.840003],[98.999498,18.839654]]]}},{"type":"Feature","properties":{"k":"pitch"},"geometry":{"type":"Polygon","coordinates":[[[99.037262,18.788145],[99.037358,18.787805],[99.03753,18.787849],[99.037434,18.788188],[99.037262,18.788145]]]}},{"type":"Feature","properties":{"k":"pitch"},"geometry":{"type":"Polygon","coordinates":[[[99.037331,18.788522],[99.037173,18.788479],[99.037253,18.788211],[99.037411,18.788253],[99.037331,18.788522]]]}},{"type":"Feature","properties":{"k":"rural"},"geometry":{"type":"Polygon","coordinates":[[[99.017648,18.742179],[99.017857,18.742138],[99.017983,18.742326],[99.017967,18.742453],[99.017798,18.742684],[99.017665,18.742657],[99.017593,18.742494],[99.017648,18.742179]]]}},{"type":"Feature","properties":{"k":"pitch"},"geometry":{"type":"Polygon","coordinates":[[[98.988221,18.734482],[98.988191,18.734161],[98.988355,18.734147],[98.988384,18.734468],[98.988221,18.734482]]]}},{"type":"Feature","properties":{"k":"rural"},"geometry":{"type":"Polygon","coordinates":[[[99.031714,18.72967],[99.031761,18.729673],[99.031643,18.730882],[99.031182,18.730788],[99.031314,18.729646],[99.031714,18.72967]]]}},{"type":"Feature","properties":{"k":"rural"},"geometry":{"type":"Polygon","coordinates":[[[99.029724,18.730618],[99.029702,18.730085],[99.029901,18.730112],[99.029869,18.730625],[99.029724,18.730618]]]}},{"type":"Feature","properties":{"k":"rural"},"geometry":{"type":"Polygon","coordinates":[[[99.030106,18.730768],[99.030289,18.730702],[99.030484,18.73073],[99.030428,18.731091],[99.029932,18.731114],[99.029954,18.730987],[99.030106,18.730768]]]}},{"type":"Feature","properties":{"k":"rural"},"geometry":{"type":"Polygon","coordinates":[[[98.97853,18.836721],[98.97851,18.836494],[98.978593,18.836166],[98.978738,18.835901],[98.979122,18.835996],[98.979194,18.835719],[98.979451,18.835754],[98.979403,18.836023],[98.9801,18.836125],[98.980862,18.836155],[98.980948,18.836496],[98.98106,18.83646],[98.981119,18.836308],[98.981257,18.836266],[98.981221,18.836064],[98.98164,18.83615],[98.98179,18.836841],[98.98137,18.836804],[98.981055,18.836876],[98.981028,18.8371],[98.98086,18.837098],[98.980876,18.836885],[98.980781,18.836831],[98.98061,18.836831],[98.980325,18.836958],[98.980111,18.836983],[98.979578,18.836926],[98.979245,18.836778],[98.978843,18.836702],[98.97853,18.836721]]]}},{"type":"Feature","properties":{"k":"pitch"},"geometry":{"type":"Polygon","coordinates":[[[98.956392,18.798663],[98.956381,18.798324],[98.957034,18.798306],[98.957045,18.798645],[98.956392,18.798663]]]}},{"type":"Feature","properties":{"k":"park","n":"ลานกิจกรรม"},"geometry":{"type":"Polygon","coordinates":[[[98.986211,18.806791],[98.986244,18.806531],[98.98732,18.80669],[98.9873,18.806937],[98.986211,18.806791]]]}},{"type":"Feature","properties":{"k":"park","n":"ลานกิจกรรม"},"geometry":{"type":"Polygon","coordinates":[[[98.987295,18.808272],[98.987307,18.808082],[98.987557,18.808103],[98.987528,18.80832],[98.987309,18.808294],[98.987295,18.808272]]]}},{"type":"Feature","properties":{"k":"park","n":"สวนรื่นฤดี"},"geometry":{"type":"Polygon","coordinates":[[[98.987577,18.806949],[98.987864,18.806965],[98.988021,18.807025],[98.988173,18.807191],[98.988168,18.807275],[98.988019,18.807285],[98.988009,18.807399],[98.987958,18.807487],[98.987824,18.80752],[98.987641,18.807504],[98.987655,18.807366],[98.987591,18.807273],[98.987594,18.807118],[98.987561,18.807111],[98.987577,18.806949]]]}},{"type":"Feature","properties":{"k":"rural"},"geometry":{"type":"Polygon","coordinates":[[[98.958878,18.754871],[98.958433,18.75494],[98.958189,18.754257],[98.958484,18.754191],[98.958471,18.754127],[98.959442,18.753919],[98.959587,18.753934],[98.959638,18.753541],[98.959815,18.753508],[98.959922,18.753403],[98.960533,18.753269],[98.960513,18.75683],[98.959918,18.756687],[98.959725,18.756486],[98.959393,18.755039],[98.958878,18.754871]]]}},{"type":"Feature","properties":{"k":"rural"},"geometry":{"type":"Polygon","coordinates":[[[99.018775,18.823645],[99.018708,18.823142],[99.018386,18.823168],[99.01837,18.823112],[99.018711,18.823071],[99.019504,18.823048],[99.019612,18.823518],[99.018775,18.823645]]]}},{"type":"Feature","properties":{"k":"rural"},"geometry":{"type":"Polygon","coordinates":[[[99.019636,18.822962],[99.018647,18.823016],[99.018236,18.823094],[99.01817,18.823062],[99.018035,18.822564],[99.017986,18.822442],[99.017901,18.82233],[99.016755,18.821487],[99.017069,18.821099],[99.017221,18.821135],[99.017361,18.821071],[99.017348,18.821025],[99.018188,18.820484],[99.018277,18.820406],[99.018456,18.820068],[99.018945,18.820173],[99.018921,18.820531],[99.019242,18.820553],[99.019234,18.820776],[99.019346,18.820804],[99.019384,18.820969],[99.018968,18.821007],[99.019008,18.82154],[99.019119,18.821805],[99.019239,18.821815],[99.019357,18.82234],[99.019019,18.822574],[99.019175,18.822932],[99.019591,18.822823],[99.019636,18.822962]]]}},{"type":"Feature","properties":{"k":"park"},"geometry":{"type":"Polygon","coordinates":[[[98.963215,18.781079],[98.964436,18.781067],[98.964806,18.781076],[98.964825,18.781108],[98.964523,18.781772],[98.964107,18.782465],[98.963481,18.783293],[98.96336,18.783363],[98.963291,18.783362],[98.963212,18.783282],[98.963215,18.781079]]]}},{"type":"Feature","properties":{"k":"park"},"geometry":{"type":"Polygon","coordinates":[[[98.963213,18.77991],[98.963282,18.779796],[98.963523,18.77973],[98.964889,18.77969],[98.964955,18.779714],[98.964972,18.77976],[98.964932,18.780536],[98.964803,18.780633],[98.963858,18.780702],[98.963454,18.780674],[98.963308,18.780601],[98.963231,18.780479],[98.963213,18.77991]]]}},{"type":"Feature","properties":{"k":"park"},"geometry":{"type":"Polygon","coordinates":[[[98.963282,18.776541],[98.963351,18.776427],[98.963493,18.776341],[98.963699,18.776366],[98.964185,18.776992],[98.964835,18.778038],[98.964945,18.778321],[98.964958,18.778624],[98.964889,18.779169],[98.964821,18.779242],[98.964356,18.779307],[98.963875,18.779324],[98.963282,18.77925],[98.963196,18.779153],[98.96323,18.776752],[98.963282,18.776541]]]}},{"type":"Feature","properties":{"k":"park"},"geometry":{"type":"Polygon","coordinates":[[[98.963189,18.771906],[98.963213,18.771828],[98.963462,18.771622],[98.964964,18.771602],[98.964984,18.775027],[98.964954,18.776094],[98.964869,18.776593],[98.964752,18.776683],[98.964687,18.77669],[98.964517,18.776605],[98.964099,18.776088],[98.963577,18.775165],[98.963434,18.774766],[98.963319,18.77441],[98.963163,18.773559],[98.963189,18.771906]]]}},{"type":"Feature","properties":{"k":"park"},"geometry":{"type":"Polygon","coordinates":[[[98.964734,18.762115],[98.96482,18.762136],[98.964903,18.762368],[98.964934,18.763012],[98.964908,18.764024],[98.964934,18.770808],[98.964908,18.771005],[98.964819,18.771102],[98.964591,18.771186],[98.963553,18.771186],[98.963419,18.771165],[98.963321,18.771114],[98.963206,18.770972],[98.96318,18.770886],[98.963183,18.762261],[98.963231,18.762173],[98.963332,18.762099],[98.963524,18.762027],[98.964216,18.762029],[98.964734,18.762115]]]}},{"type":"Feature","properties":{"k":"park"},"geometry":{"type":"Polygon","coordinates":[[[98.963163,18.7611],[98.963141,18.757408],[98.963164,18.755854],[98.963205,18.755765],[98.963518,18.755654],[98.964164,18.755646],[98.964654,18.755692],[98.964765,18.755729],[98.964853,18.755863],[98.964933,18.756763],[98.964882,18.758682],[98.964914,18.759447],[98.964902,18.760676],[98.964882,18.7614],[98.964857,18.761505],[98.964769,18.761603],[98.964153,18.76168],[98.96414,18.761557],[98.963436,18.761557],[98.963267,18.761507],[98.96315,18.761396],[98.963163,18.7611]]]}},{"type":"Feature","properties":{"k":"park"},"geometry":{"type":"Polygon","coordinates":[[[98.963137,18.75355],[98.963188,18.753464],[98.963407,18.75339],[98.963561,18.753389],[98.9638,18.753512],[98.964101,18.753909],[98.964637,18.754846],[98.964644,18.755026],[98.964566,18.755156],[98.964374,18.755228],[98.963845,18.75523],[98.963367,18.755188],[98.963192,18.755104],[98.96315,18.754883],[98.963137,18.75355]]]}},{"type":"Feature","properties":{"k":"park"},"geometry":{"type":"Polygon","coordinates":[[[98.965359,18.769783],[98.965375,18.768194],[98.96542,18.767851],[98.965473,18.767743],[98.96568,18.767643],[98.965924,18.767639],[98.966078,18.767678],[98.966135,18.767736],[98.966233,18.768074],[98.966221,18.769225],[98.966176,18.769776],[98.966135,18.769984],[98.965997,18.770311],[98.965822,18.770569],[98.965668,18.770665],[98.965595,18.770653],[98.965465,18.770573],[98.965359,18.769783]]]}},{"type":"Feature","properties":{"k":"park"},"geometry":{"type":"Polygon","coordinates":[[[98.965473,18.766087],[98.965547,18.766043],[98.965795,18.766003],[98.966047,18.766021],[98.966108,18.7661],[98.966192,18.766396],[98.96622,18.766617],[98.966168,18.766971],[98.966042,18.767113],[98.965734,18.767144],[98.965589,18.76713],[98.965496,18.767073],[98.965365,18.766693],[98.965375,18.766365],[98.965473,18.766087]]]}},{"type":"Feature","properties":{"k":"park"},"geometry":{"type":"Polygon","coordinates":[[[98.965395,18.764743],[98.965427,18.76255],[98.965465,18.762333],[98.965512,18.762236],[98.965605,18.76217],[98.965909,18.762165],[98.965979,18.762196],[98.96603,18.762276],[98.966095,18.762692],[98.966128,18.763563],[98.966109,18.765084],[98.966039,18.76538],[98.965899,18.765508],[98.965661,18.765508],[98.965512,18.76542],[98.965409,18.765079],[98.965395,18.764743]]]}},{"type":"Feature","properties":{"k":"park"},"geometry":{"type":"Polygon","coordinates":[[[98.965369,18.771645],[98.965407,18.771683],[98.965412,18.77277],[98.965377,18.772765],[98.965369,18.771645]]]}},{"type":"Feature","properties":{"k":"park"},"geometry":{"type":"Polygon","coordinates":[[[98.965447,18.773131],[98.965503,18.773174],[98.965785,18.773182],[98.965938,18.773151],[98.966032,18.77309],[98.966123,18.773118],[98.965946,18.773222],[98.965953,18.773388],[98.965633,18.773394],[98.965632,18.77387],[98.965862,18.773874],[98.965858,18.774049],[98.965745,18.774158],[98.965495,18.774155],[98.965388,18.774106],[98.965382,18.773123],[98.965447,18.773131]]]}},{"type":"Feature","properties":{"k":"park"},"geometry":{"type":"Polygon","coordinates":[[[98.965378,18.775711],[98.96537,18.774502],[98.965478,18.774416],[98.965668,18.774395],[98.965749,18.774453],[98.965797,18.774554],[98.965796,18.775674],[98.965774,18.775736],[98.965669,18.775835],[98.965486,18.775827],[98.965393,18.775765],[98.965378,18.775711]]]}},{"type":"Feature","properties":{"k":"park"},"geometry":{"type":"Polygon","coordinates":[[[98.965373,18.776162],[98.965441,18.77608],[98.965521,18.776053],[98.965669,18.776056],[98.965776,18.77616],[98.965796,18.776677],[98.96575,18.776802],[98.965671,18.776864],[98.965427,18.776864],[98.965381,18.776836],[98.965373,18.776162]]]}},{"type":"Feature","properties":{"k":"park"},"geometry":{"type":"Polygon","coordinates":[[[98.965385,18.777139],[98.96672,18.77713],[98.966711,18.777378],[98.966351,18.777391],[98.966347,18.777466],[98.966337,18.777665],[98.966678,18.777674],[98.966674,18.778085],[98.966594,18.778111],[98.966062,18.778103],[98.96601,18.778151],[98.966043,18.778209],[98.966375,18.778204],[98.966328,18.778823],[98.965664,18.778834],[98.965667,18.779864],[98.965374,18.779867],[98.965385,18.777139]]]}},{"type":"Feature","properties":{"k":"park"},"geometry":{"type":"Polygon","coordinates":[[[98.965903,18.779761],[98.966291,18.779756],[98.966375,18.779699],[98.966431,18.778368],[98.96651,18.778195],[98.966804,18.778187],[98.966473,18.779818],[98.965903,18.779823],[98.965903,18.779761]]]}},{"type":"Feature","properties":{"k":"park"},"geometry":{"type":"Polygon","coordinates":[[[98.965333,18.781272],[98.965985,18.78156],[98.965752,18.782125],[98.965365,18.782917],[98.965024,18.783502],[98.963231,18.786077],[98.96309,18.78617],[98.962767,18.786265],[98.962478,18.786226],[98.962306,18.786129],[98.962153,18.785986],[98.961178,18.783809],[98.961103,18.783549],[98.961057,18.769409],[98.961036,18.769162],[98.960755,18.767592],[98.960741,18.766931],[98.960664,18.74932],[98.963366,18.749424],[98.963946,18.751122],[98.963939,18.751735],[98.965696,18.754821],[98.966059,18.756455],[98.966324,18.757937],[98.966651,18.758281],[98.96609,18.758888],[98.96633,18.759215],[98.967834,18.75918],[98.967846,18.759355],[98.967674,18.759413],[98.967729,18.759559],[98.96731,18.759705],[98.967236,18.759495],[98.966792,18.759641],[98.966842,18.759839],[98.966447,18.760026],[98.966836,18.760854],[98.96747,18.761741],[98.967212,18.761735],[98.967218,18.762383],[98.966534,18.762109],[98.966503,18.761601],[98.965591,18.761572],[98.965492,18.761514],[98.965437,18.761432],[98.965375,18.761029],[98.965363,18.760493],[98.965357,18.755556],[98.965264,18.755101],[98.965049,18.754664],[98.964513,18.753753],[98.964112,18.753158],[98.963902,18.752983],[98.963132,18.752925],[98.963126,18.752131],[98.962547,18.752143],[98.962553,18.756671],[98.962337,18.756665],[98.962331,18.75754],[98.962578,18.757709],[98.962639,18.779746],[98.962627,18.77988],[98.962578,18.779991],[98.96251,18.780079],[98.962337,18.780137],[98.962343,18.781117],[98.962608,18.781123],[98.962633,18.784052],[98.963212,18.784052],[98.963225,18.783888],[98.963422,18.783871],[98.96381,18.783713],[98.965333,18.781272]]]}},{"type":"Feature","properties":{"k":"park"},"geometry":{"type":"Polygon","coordinates":[[[98.966503,18.762369],[98.967371,18.762701],[98.967287,18.762741],[98.966512,18.762741],[98.966503,18.762369]]]}},{"type":"Feature","properties":{"k":"park"},"geometry":{"type":"Polygon","coordinates":[[[98.966521,18.763464],[98.966498,18.762917],[98.966531,18.762869],[98.967525,18.762873],[98.967577,18.762909],[98.967596,18.763466],[98.966521,18.763464]]]}},{"type":"Feature","properties":{"k":"park"},"geometry":{"type":"Polygon","coordinates":[[[98.967737,18.76295],[98.968153,18.762932],[98.968181,18.762735],[98.968242,18.76272],[98.968214,18.762855],[98.96823,18.76297],[98.968393,18.762993],[98.968315,18.763062],[98.968311,18.763159],[98.968559,18.763524],[98.968799,18.763486],[98.968893,18.763844],[98.968901,18.764979],[98.96799,18.764972],[98.96799,18.764333],[98.96771,18.764325],[98.967737,18.76295]]]}},{"type":"Feature","properties":{"k":"rural"},"geometry":{"type":"Polygon","coordinates":[[[98.948189,18.730273],[98.948251,18.730353],[98.948,18.730616],[98.947861,18.730629],[98.947798,18.730513],[98.948189,18.730273]]]}},{"type":"Feature","properties":{"k":"park"},"geometry":{"type":"Polygon","coordinates":[[[98.970387,18.768548],[98.970221,18.768836],[98.970104,18.768913],[98.96992,18.768936],[98.969948,18.768544],[98.970344,18.768484],[98.970387,18.768548]]]}},{"type":"Feature","properties":{"k":"park"},"geometry":{"type":"Polygon","coordinates":[[[98.969069,18.763843],[98.969048,18.763589],[98.968987,18.76345],[98.968475,18.762631],[98.968593,18.76255],[98.969325,18.763705],[98.969174,18.763728],[98.96917,18.763808],[98.969069,18.763843]]]}},{"type":"Feature","properties":{"k":"park"},"geometry":{"type":"Polygon","coordinates":[[[98.967808,18.761926],[98.96791,18.761834],[98.968235,18.762111],[98.968101,18.762253],[98.967808,18.761926]]]}},{"type":"Feature","properties":{"k":"park"},"geometry":{"type":"Polygon","coordinates":[[[98.968251,18.761195],[98.968211,18.760829],[98.968276,18.760744],[98.968719,18.760702],[98.968751,18.761025],[98.968703,18.761125],[98.968621,18.761164],[98.968251,18.761195]]]}},{"type":"Feature","properties":{"k":"park"},"geometry":{"type":"Polygon","coordinates":[[[98.966841,18.760471],[98.966934,18.76044],[98.967044,18.760644],[98.967182,18.760613],[98.96732,18.760902],[98.967638,18.760814],[98.967674,18.760952],[98.967788,18.760918],[98.9678,18.760987],[98.96728,18.761129],[98.967003,18.760837],[98.966841,18.760471]]]}},{"type":"Feature","properties":{"k":"park"},"geometry":{"type":"Polygon","coordinates":[[[98.966633,18.760036],[98.967833,18.75969],[98.967873,18.759951],[98.966763,18.760309],[98.966633,18.760036]]]}},{"type":"Feature","properties":{"k":"forest"},"geometry":{"type":"Polygon","coordinates":[[[98.968976,18.762812],[98.968664,18.762255],[98.968317,18.7619],[98.968145,18.76177],[98.96905,18.761638],[98.97003,18.761592],[98.970285,18.76247],[98.970117,18.762539],[98.9702,18.763017],[98.969902,18.763054],[98.969792,18.76275],[98.96939,18.762747],[98.968976,18.762812]]]}},{"type":"Feature","properties":{"k":"park"},"geometry":{"type":"Polygon","coordinates":[[[98.970351,18.769245],[98.970416,18.769222],[98.970482,18.769243],[98.970519,18.769297],[98.970496,18.769386],[98.970406,18.769418],[98.970346,18.769392],[98.970316,18.769302],[98.970351,18.769245]]]}},{"type":"Feature","properties":{"k":"park"},"geometry":{"type":"Polygon","coordinates":[[[98.969197,18.76501],[98.969136,18.76434],[98.969539,18.764125],[98.969963,18.764841],[98.969464,18.764982],[98.969197,18.76501]]]}},{"type":"Feature","properties":{"k":"park"},"geometry":{"type":"Polygon","coordinates":[[[98.969088,18.766615],[98.970298,18.765985],[98.970407,18.76617],[98.969665,18.766556],[98.969659,18.766765],[98.969088,18.767039],[98.969088,18.766615]]]}},{"type":"Feature","properties":{"k":"park"},"geometry":{"type":"Polygon","coordinates":[[[98.969517,18.767751],[98.969517,18.768002],[98.969172,18.768013],[98.969172,18.768895],[98.969103,18.768902],[98.969103,18.767755],[98.969517,18.767751]]]}},{"type":"Feature","properties":{"k":"park"},"geometry":{"type":"Polygon","coordinates":[[[98.969092,18.765853],[98.969573,18.765853],[98.969588,18.766238],[98.969086,18.766518],[98.969092,18.765853]]]}},{"type":"Feature","properties":{"k":"park"},"geometry":{"type":"Polygon","coordinates":[[[98.970004,18.765319],[98.970244,18.765185],[98.970463,18.765523],[98.97021,18.765669],[98.970004,18.765319]]]}},{"type":"Feature","properties":{"k":"park","n":"สวนประธานพร"},"geometry":{"type":"Polygon","coordinates":[[[99.025376,18.769644],[99.025453,18.769476],[99.025522,18.769505],[99.025448,18.769672],[99.025376,18.769644]]]}},{"type":"Feature","properties":{"k":"park","n":"ลานจอดรถม่วง"},"geometry":{"type":"Polygon","coordinates":[[[98.947788,18.799794],[98.947664,18.799626],[98.947976,18.799647],[98.947976,18.799799],[98.947788,18.799794]]]}},{"type":"Feature","properties":{"k":"park","n":"Flower Park"},"geometry":{"type":"Polygon","coordinates":[[[98.958894,18.794364],[98.958883,18.793555],[98.959249,18.79355],[98.95926,18.79436],[98.958894,18.794364]]]}},{"type":"Feature","properties":{"k":"pitch"},"geometry":{"type":"Polygon","coordinates":[[[98.956052,18.796536],[98.956114,18.79793],[98.956043,18.797953],[98.955959,18.797612],[98.955939,18.797253],[98.955971,18.796676],[98.955994,18.796535],[98.956052,18.796536]]]}},{"type":"Feature","properties":{"k":"park"},"geometry":{"type":"Polygon","coordinates":[[[98.943127,18.730408],[98.944065,18.729754],[98.944337,18.73012],[98.944243,18.730177],[98.944323,18.730296],[98.943961,18.730515],[98.944045,18.730639],[98.943475,18.730918],[98.943127,18.730408]]]}},{"type":"Feature","properties":{"k":"pitch"},"geometry":{"type":"Polygon","coordinates":[[[98.937698,18.730943],[98.938144,18.730326],[98.938108,18.729789],[98.938512,18.729431],[98.939502,18.73017],[98.939496,18.730244],[98.938452,18.731158],[98.93831,18.731226],[98.938232,18.731214],[98.938141,18.731088],[98.938056,18.7311],[98.938033,18.731041],[98.937851,18.731038],[98.937698,18.730943]]]}},{"type":"Feature","properties":{"k":"park"},"geometry":{"type":"Polygon","coordinates":[[[98.939109,18.729522],[98.939356,18.729696],[98.939312,18.729905],[98.939366,18.729945],[98.939457,18.72995],[98.939449,18.730139],[98.938887,18.729701],[98.939109,18.729522]]]}},{"type":"Feature","properties":{"k":"park"},"geometry":{"type":"Polygon","coordinates":[[[98.93521,18.73019],[98.935968,18.729702],[98.936095,18.729895],[98.935333,18.730365],[98.93521,18.73019]]]}},{"type":"Feature","properties":{"k":"park"},"geometry":{"type":"Polygon","coordinates":[[[98.93541,18.730493],[98.935664,18.73034],[98.935787,18.730504],[98.935937,18.730416],[98.93581,18.730234],[98.937487,18.729189],[98.937603,18.729364],[98.937741,18.729291],[98.937814,18.729429],[98.937953,18.729353],[98.93796,18.729429],[98.93568,18.730861],[98.93541,18.730493]]]}},{"type":"Feature","properties":{"k":"park"},"geometry":{"type":"Polygon","coordinates":[[[98.937336,18.730732],[98.937382,18.730933],[98.937164,18.73122],[98.93704,18.731146],[98.937336,18.730732]]]}},{"type":"Feature","properties":{"k":"park"},"geometry":{"type":"Polygon","coordinates":[[[98.937604,18.731084],[98.937848,18.731244],[98.937678,18.731497],[98.937408,18.731349],[98.937604,18.731084]]]}},{"type":"Feature","properties":{"k":"park"},"geometry":{"type":"Polygon","coordinates":[[[98.937874,18.731593],[98.938063,18.731328],[98.938734,18.731682],[98.938532,18.731981],[98.937874,18.731593]]]}},{"type":"Feature","properties":{"k":"park"},"geometry":{"type":"Polygon","coordinates":[[[98.937102,18.731802],[98.937271,18.731556],[98.937542,18.731698],[98.937636,18.731599],[98.938141,18.731873],[98.937773,18.732379],[98.937639,18.732327],[98.937805,18.732046],[98.937447,18.731846],[98.937366,18.731947],[98.937102,18.731802]]]}},{"type":"Feature","properties":{"k":"park"},"geometry":{"type":"Polygon","coordinates":[[[98.93693,18.732029],[98.937077,18.732105],[98.937066,18.732129],[98.937119,18.732162],[98.937024,18.73229],[98.936996,18.732271],[98.936965,18.732315],[98.936979,18.73245],[98.936823,18.732693],[98.936666,18.732392],[98.93693,18.732029]]]}},{"type":"Feature","properties":{"k":"park"},"geometry":{"type":"Polygon","coordinates":[[[98.93778,18.732527],[98.938086,18.73268],[98.937764,18.733111],[98.937599,18.73285],[98.937617,18.732823],[98.937694,18.732859],[98.937726,18.732815],[98.937752,18.73283],[98.93782,18.7327],[98.937736,18.732629],[98.93778,18.732527]]]}},{"type":"Feature","properties":{"k":"rural"},"geometry":{"type":"Polygon","coordinates":[[[98.939115,18.731814],[98.939719,18.732177],[98.939838,18.732282],[98.939887,18.732386],[98.939102,18.733151],[98.938691,18.732645],[98.939115,18.731814]]]}},{"type":"Feature","properties":{"k":"rural"},"geometry":{"type":"Polygon","coordinates":[[[98.938757,18.731195],[98.938804,18.731668],[98.938734,18.731682],[98.938063,18.731328],[98.937848,18.731244],[98.937604,18.731084],[98.93762,18.731032],[98.937763,18.731109],[98.938141,18.731088],[98.938232,18.731214],[98.93831,18.731226],[98.938452,18.731158],[98.938594,18.731206],[98.938757,18.731195]]]}},{"type":"Feature","properties":{"k":"rural"},"geometry":{"type":"Polygon","coordinates":[[[98.940853,18.731443],[98.94024,18.732047],[98.939716,18.731623],[98.939816,18.73148],[98.939761,18.731284],[98.939849,18.731206],[98.939937,18.731219],[98.940083,18.730968],[98.940853,18.731443]]]}},{"type":"Feature","properties":{"k":"rural"},"geometry":{"type":"Polygon","coordinates":[[[98.940356,18.730385],[98.939998,18.730901],[98.93982,18.730815],[98.939589,18.731159],[98.939211,18.730966],[98.93894,18.73109],[98.938766,18.731289],[98.938757,18.731195],[98.93884,18.731062],[98.939091,18.730932],[98.939458,18.730573],[98.93972,18.730264],[98.939896,18.73024],[98.940055,18.73018],[98.940356,18.730385]]]}},{"type":"Feature","properties":{"k":"park"},"geometry":{"type":"Polygon","coordinates":[[[98.941011,18.731242],[98.940877,18.731369],[98.940241,18.731005],[98.940438,18.730755],[98.940781,18.730999],[98.940739,18.731045],[98.940604,18.730955],[98.94054,18.731022],[98.94085,18.731245],[98.940925,18.731165],[98.941011,18.731242]]]}},{"type":"Feature","properties":{"k":"park"},"geometry":{"type":"Polygon","coordinates":[[[98.941262,18.73105],[98.941079,18.731217],[98.940974,18.731125],[98.941052,18.731046],[98.940988,18.730993],[98.941087,18.730901],[98.941262,18.73105]]]}},{"type":"Feature","properties":{"k":"park"},"geometry":{"type":"Polygon","coordinates":[[[98.938338,18.732508],[98.9385,18.732624],[98.938438,18.732781],[98.938508,18.732799],[98.938363,18.733032],[98.938238,18.732923],[98.938308,18.732852],[98.938163,18.732743],[98.938338,18.732508]]]}},{"type":"Feature","properties":{"k":"rural"},"geometry":{"type":"Polygon","coordinates":[[[98.937249,18.732904],[98.937472,18.733145],[98.937328,18.733287],[98.937082,18.733108],[98.937249,18.732904]]]}},{"type":"Feature","properties":{"k":"park"},"geometry":{"type":"Polygon","coordinates":[[[98.935814,18.733582],[98.936176,18.7338],[98.936017,18.734072],[98.935606,18.733854],[98.935814,18.733582]]]}},{"type":"Feature","properties":{"k":"park"},"geometry":{"type":"Polygon","coordinates":[[[98.935435,18.733372],[98.935701,18.733518],[98.934872,18.734675],[98.93474,18.734583],[98.934935,18.734213],[98.934913,18.733894],[98.935435,18.733372]]]}},{"type":"Feature","properties":{"k":"park"},"geometry":{"type":"Polygon","coordinates":[[[98.936053,18.731606],[98.936465,18.732194],[98.93611,18.732431],[98.935879,18.732083],[98.936056,18.731975],[98.93592,18.731723],[98.936053,18.731606]]]}},{"type":"Feature","properties":{"k":"park"},"geometry":{"type":"Polygon","coordinates":[[[98.935439,18.731114],[98.935698,18.731492],[98.93592,18.731417],[98.93599,18.731522],[98.935683,18.731801],[98.93523,18.731177],[98.935439,18.731114]]]}},{"type":"Feature","properties":{"k":"park"},"geometry":{"type":"Polygon","coordinates":[[[98.935163,18.73067],[98.93535,18.730847],[98.935293,18.730877],[98.935366,18.73103],[98.93516,18.731102],[98.934954,18.730793],[98.935163,18.73067]]]}},{"type":"Feature","properties":{"k":"park"},"geometry":{"type":"Polygon","coordinates":[[[98.935011,18.730091],[98.935233,18.730427],[98.934843,18.730658],[98.93464,18.73034],[98.935011,18.730091]]]}},{"type":"Feature","properties":{"k":"park"},"geometry":{"type":"Polygon","coordinates":[[[98.934355,18.730166],[98.934438,18.730256],[98.934225,18.730394],[98.934292,18.730496],[98.93414,18.730595],[98.933963,18.730379],[98.934355,18.730166]]]}},{"type":"Feature","properties":{"k":"park"},"geometry":{"type":"Polygon","coordinates":[[[98.934547,18.730405],[98.934606,18.730493],[98.934419,18.730601],[98.934339,18.730511],[98.934547,18.730405]]]}},{"type":"Feature","properties":{"k":"park"},"geometry":{"type":"Polygon","coordinates":[[[98.934371,18.730667],[98.934513,18.730878],[98.934374,18.730961],[98.934233,18.73075],[98.934371,18.730667]]]}},{"type":"Feature","properties":{"k":"park"},"geometry":{"type":"Polygon","coordinates":[[[98.934035,18.730703],[98.934289,18.731042],[98.934026,18.731192],[98.933791,18.730829],[98.934035,18.730703]]]}},{"type":"Feature","properties":{"k":"park"},"geometry":{"type":"Polygon","coordinates":[[[98.934485,18.731096],[98.934859,18.730856],[98.935055,18.731147],[98.934644,18.731348],[98.934485,18.731096]]]}},{"type":"Feature","properties":{"k":"park"},"geometry":{"type":"Polygon","coordinates":[[[98.935265,18.731453],[98.935583,18.731893],[98.935261,18.73218],[98.934906,18.731662],[98.935265,18.731453]]]}},{"type":"Feature","properties":{"k":"park"},"geometry":{"type":"Polygon","coordinates":[[[98.935463,18.73213],[98.935575,18.732272],[98.935778,18.732158],[98.935845,18.732272],[98.935471,18.732505],[98.935295,18.732282],[98.935463,18.73213]]]}},{"type":"Feature","properties":{"k":"park"},"geometry":{"type":"Polygon","coordinates":[[[98.935448,18.732711],[98.935647,18.73294],[98.935519,18.733064],[98.935521,18.733143],[98.935448,18.73315],[98.935235,18.732916],[98.935448,18.732711]]]}},{"type":"Feature","properties":{"k":"park"},"geometry":{"type":"Polygon","coordinates":[[[98.934962,18.732021],[98.935377,18.732624],[98.935228,18.732762],[98.934895,18.73251],[98.934693,18.732259],[98.934962,18.732021]]]}},{"type":"Feature","properties":{"k":"rural"},"geometry":{"type":"Polygon","coordinates":[[[98.949071,18.731511],[98.948994,18.731624],[98.949021,18.731657],[98.948913,18.731878],[98.948901,18.732094],[98.948962,18.732168],[98.948855,18.732339],[98.948851,18.732398],[98.948761,18.732513],[98.948517,18.732279],[98.94847,18.732054],[98.947413,18.732234],[98.947375,18.732042],[98.947267,18.732063],[98.947314,18.732256],[98.946255,18.73243],[98.94607,18.732155],[98.946079,18.731959],[98.946054,18.731895],[98.945885,18.73181],[98.945699,18.731559],[98.945702,18.731435],[98.945775,18.731259],[98.945501,18.73087],[98.945691,18.730766],[98.945904,18.730715],[98.946066,18.73061],[98.946231,18.730585],[98.946899,18.730257],[98.947104,18.730351],[98.947485,18.730687],[98.947906,18.730725],[98.948044,18.7308],[98.948053,18.730875],[98.947871,18.731101],[98.947916,18.731132],[98.94804,18.731055],[98.948219,18.731035],[98.948526,18.731116],[98.948685,18.73127],[98.949071,18.731511]]]}},{"type":"Feature","properties":{"k":"forest"},"geometry":{"type":"Polygon","coordinates":[[[98.943475,18.730918],[98.944045,18.730639],[98.944322,18.730472],[98.944585,18.730727],[98.944996,18.730952],[98.944468,18.731226],[98.944364,18.731334],[98.944079,18.730836],[98.943483,18.731091],[98.943632,18.731304],[98.942907,18.731718],[98.942732,18.731427],[98.943441,18.73088],[98.943475,18.730918]]]}},{"type":"Feature","properties":{"k":"forest"},"geometry":{"type":"Polygon","coordinates":[[[98.940523,18.732125],[98.940992,18.732416],[98.940998,18.732533],[98.940792,18.732704],[98.940704,18.732938],[98.940862,18.733235],[98.941204,18.733532],[98.941008,18.733739],[98.941286,18.734147],[98.941255,18.734174],[98.941128,18.734123],[98.940361,18.733322],[98.940244,18.733142],[98.940064,18.732998],[98.939921,18.732713],[98.940523,18.732125]]]}},{"type":"Feature","properties":{"k":"rural"},"geometry":{"type":"Polygon","coordinates":[[[98.940992,18.732416],[98.941118,18.732485],[98.941752,18.733055],[98.941271,18.733544],[98.941204,18.733532],[98.940862,18.733235],[98.940704,18.732938],[98.940792,18.732704],[98.940998,18.732533],[98.940992,18.732416]]]}},{"type":"Feature","properties":{"k":"park"},"geometry":{"type":"Polygon","coordinates":[[[98.941233,18.734069],[98.941008,18.733739],[98.941204,18.733532],[98.941271,18.733544],[98.941531,18.7338],[98.941233,18.734069]]]}},{"type":"Feature","properties":{"k":"rural"},"geometry":{"type":"Polygon","coordinates":[[[98.942087,18.733401],[98.942188,18.733404],[98.942318,18.733503],[98.942708,18.733218],[98.942834,18.733542],[98.942482,18.733845],[98.942318,18.733876],[98.942286,18.733809],[98.941899,18.734039],[98.941735,18.734163],[98.941437,18.734499],[98.941279,18.73437],[98.941516,18.734343],[98.941602,18.734199],[98.94144,18.73404],[98.942087,18.733401]]]}},{"type":"Feature","properties":{"k":"rural"},"geometry":{"type":"Polygon","coordinates":[[[98.942075,18.731139],[98.942412,18.731539],[98.942627,18.731407],[98.942656,18.731461],[98.942361,18.731638],[98.942114,18.731701],[98.941756,18.731707],[98.941819,18.731518],[98.941686,18.731371],[98.942075,18.731139]]]}},{"type":"Feature","properties":{"k":"rural"},"geometry":{"type":"Polygon","coordinates":[[[98.941062,18.73162],[98.941268,18.731902],[98.941126,18.731983],[98.94092,18.731761],[98.941062,18.73162]]]}},{"type":"Feature","properties":{"k":"park","n":"สวนปาล์ม"},"geometry":{"type":"Polygon","coordinates":[[[98.986506,18.807643],[98.986518,18.807507],[98.987215,18.807575],[98.987207,18.807708],[98.986506,18.807643]]]}},{"type":"Feature","properties":{"k":"park","n":"สวนสุขภาพ สพส."},"geometry":{"type":"Polygon","coordinates":[[[98.969434,18.838772],[98.969493,18.838628],[98.969617,18.838674],[98.969554,18.838818],[98.969434,18.838772]]]}},{"type":"Feature","properties":{"k":"park"},"geometry":{"type":"Polygon","coordinates":[[[98.951749,18.804444],[98.951789,18.804528],[98.951322,18.804724],[98.951274,18.804613],[98.951749,18.804444]]]}},{"type":"Feature","properties":{"k":"park","n":"สวนหย่อมหน้าตึกชีวะ"},"geometry":{"type":"Polygon","coordinates":[[[98.953227,18.802018],[98.952428,18.802419],[98.952341,18.802182],[98.953185,18.801839],[98.953227,18.802018]]]}},{"type":"Feature","properties":{"k":"golf"},"geometry":{"type":"Polygon","coordinates":[[[98.93814,18.74113],[98.938184,18.740861],[98.9383,18.740452],[98.9384,18.740341],[98.939433,18.740492],[98.939985,18.740643],[98.940544,18.741002],[98.940424,18.741263],[98.940137,18.74139],[98.938676,18.741193],[98.938562,18.741394],[98.93814,18.74113]]]}},{"type":"Feature","properties":{"k":"rural"},"geometry":{"type":"Polygon","coordinates":[[[98.934308,18.738729],[98.933866,18.739281],[98.933419,18.738981],[98.93395,18.738502],[98.934308,18.738729]]]}},{"type":"Feature","properties":{"k":"park"},"geometry":{"type":"Polygon","coordinates":[[[98.933934,18.738495],[98.933419,18.738981],[98.933321,18.738914],[98.933276,18.738815],[98.933315,18.738731],[98.933745,18.738375],[98.933934,18.738495]]]}},{"type":"Feature","properties":{"k":"rural"},"geometry":{"type":"Polygon","coordinates":[[[99.002282,18.737402],[99.001807,18.737394],[99.001802,18.73715],[99.002298,18.73715],[99.002282,18.737402]]]}},{"type":"Feature","properties":{"k":"rural"},"geometry":{"type":"Polygon","coordinates":[[[99.000675,18.738248],[99.00063,18.738039],[99.000812,18.737823],[99.000737,18.737371],[99.001169,18.737171],[99.001644,18.737155],[99.001641,18.737808],[99.002226,18.737829],[99.002242,18.73809],[99.00218,18.738171],[99.001986,18.738275],[99.001729,18.738222],[99.001174,18.73826],[99.000675,18.738248]]]}},{"type":"Feature","properties":{"k":"forest"},"geometry":{"type":"Polygon","coordinates":[[[98.995241,18.73888],[98.993096,18.738806],[98.993267,18.737958],[98.994737,18.737808],[98.994689,18.738408],[98.995267,18.738441],[98.995241,18.73888]]]}},{"type":"Feature","properties":{"k":"rural"},"geometry":{"type":"Polygon","coordinates":[[[99.021526,18.805933],[99.020677,18.805281],[99.021994,18.805172],[99.021964,18.804951],[99.023345,18.804778],[99.023455,18.804732],[99.024119,18.805337],[99.021817,18.805791],[99.021659,18.805736],[99.021526,18.805933]]]}},{"type":"Feature","properties":{"k":"park"},"geometry":{"type":"Polygon","coordinates":[[[99.010265,18.797831],[99.010464,18.797934],[99.010411,18.798026],[99.010345,18.797991],[99.010264,18.79813],[99.010131,18.798061],[99.010265,18.797831]]]}},{"type":"Feature","properties":{"k":"forest"},"geometry":{"type":"Polygon","coordinates":[[[98.944828,18.73217],[98.945213,18.73246],[98.945299,18.732637],[98.945433,18.732783],[98.945248,18.73292],[98.945069,18.732775],[98.944747,18.732809],[98.944611,18.732499],[98.944583,18.732225],[98.944591,18.732181],[98.944736,18.732267],[98.944828,18.73217]]]}},{"type":"Feature","properties":{"k":"forest"},"geometry":{"type":"Polygon","coordinates":[[[98.945779,18.732542],[98.945727,18.732272],[98.945986,18.732265],[98.946146,18.732406],[98.946191,18.732634],[98.9466,18.732537],[98.946611,18.732584],[98.946385,18.732629],[98.946195,18.732762],[98.94606,18.732641],[98.946032,18.732511],[98.945878,18.732524],[98.945855,18.732555],[98.945779,18.732542]]]}},{"type":"Feature","properties":{"k":"rural"},"geometry":{"type":"Polygon","coordinates":[[[98.988278,18.819925],[98.989504,18.820182],[98.98989,18.820319],[98.990073,18.820416],[98.990926,18.820492],[98.990839,18.821024],[98.990518,18.820984],[98.990459,18.821426],[98.990947,18.821787],[98.991167,18.822081],[98.991371,18.822036],[98.991553,18.823092],[98.990056,18.823173],[98.989123,18.823056],[98.989144,18.822604],[98.989048,18.822406],[98.988914,18.82231],[98.986252,18.821563],[98.986446,18.820977],[98.987822,18.82122],[98.988278,18.819925]]]}},{"type":"Feature","properties":{"k":"park"},"geometry":{"type":"Polygon","coordinates":[[[99.005838,18.796301],[99.005669,18.796577],[99.005314,18.796392],[99.005385,18.796272],[99.00542,18.796291],[99.005512,18.796136],[99.005838,18.796301]]]}},{"type":"Feature","properties":{"k":"park","n":"Ban Phimuk 1 Community Park"},"geometry":{"type":"Polygon","coordinates":[[[99.026789,18.823371],[99.026966,18.822966],[99.027201,18.823417],[99.0274,18.823562],[99.026789,18.823371]]]}},{"type":"Feature","properties":{"k":"park","n":"Activity Garden"},"geometry":{"type":"Polygon","coordinates":[[[98.954543,18.803705],[98.954773,18.803362],[98.955167,18.803116],[98.955286,18.803326],[98.955355,18.803293],[98.955513,18.803103],[98.955578,18.803197],[98.955307,18.803565],[98.955127,18.803591],[98.95469,18.803839],[98.954543,18.803705]]]}},{"type":"Feature","properties":{"k":"forest"},"geometry":{"type":"Polygon","coordinates":[[[98.995947,18.840892],[98.996145,18.840635],[98.996895,18.841047],[98.996659,18.84134],[98.995947,18.840892]]]}},{"type":"Feature","properties":{"k":"park","n":"Coffee Garden"},"geometry":{"type":"Polygon","coordinates":[[[98.954411,18.804041],[98.954267,18.803788],[98.954327,18.803762],[98.954472,18.803788],[98.954563,18.803854],[98.954566,18.804006],[98.954411,18.804041]]]}},{"type":"Feature","properties":{"k":"rural"},"geometry":{"type":"Polygon","coordinates":[[[98.996822,18.757214],[98.997227,18.75708],[98.997535,18.757498],[98.997551,18.757575],[98.997369,18.757662],[98.997277,18.757575],[98.997326,18.757555],[98.997224,18.757381],[98.996834,18.75756],[98.996853,18.757597],[98.996719,18.757659],[98.996681,18.757586],[98.996753,18.757552],[98.996743,18.757443],[98.996902,18.75737],[98.996822,18.757214]]]}},{"type":"Feature","properties":{"k":"forest"},"geometry":{"type":"Polygon","coordinates":[[[98.9974,18.758032],[98.997353,18.757944],[98.997254,18.757973],[98.997339,18.757877],[98.997437,18.75785],[98.997535,18.758029],[98.9975,18.758052],[98.997467,18.758],[98.9974,18.758032]]]}},{"type":"Feature","properties":{"k":"rural"},"geometry":{"type":"Polygon","coordinates":[[[98.997775,18.757931],[98.997641,18.757745],[98.997747,18.757677],[98.997777,18.75773],[98.997863,18.757681],[98.997903,18.757728],[98.99781,18.757795],[98.99785,18.75785],[98.997815,18.757879],[98.997842,18.757902],[98.997775,18.757931]]]}},{"type":"Feature","properties":{"k":"rural"},"geometry":{"type":"Polygon","coordinates":[[[98.99789,18.757932],[98.997935,18.757894],[98.997892,18.757813],[98.998063,18.7577],[98.998094,18.757749],[98.998006,18.757805],[98.998078,18.757951],[98.997952,18.758045],[98.99789,18.757932]]]}},{"type":"Feature","properties":{"k":"park"},"geometry":{"type":"Polygon","coordinates":[[[98.952443,18.797619],[98.952443,18.797439],[98.952642,18.797436],[98.952642,18.797619],[98.952443,18.797619]]]}},{"type":"Feature","properties":{"k":"park"},"geometry":{"type":"Polygon","coordinates":[[[98.952887,18.809073],[98.952042,18.807326],[98.95198,18.806626],[98.953244,18.806019],[98.954512,18.808246],[98.952887,18.809073]]]}},{"type":"Feature","properties":{"k":"park"},"geometry":{"type":"Polygon","coordinates":[[[98.954755,18.808188],[98.953464,18.805926],[98.955471,18.804996],[98.955564,18.804978],[98.955582,18.805474],[98.955872,18.807198],[98.955898,18.807569],[98.954755,18.808188]]]}},{"type":"Feature","properties":{"k":"park"},"geometry":{"type":"Polygon","coordinates":[[[98.954564,18.802941],[98.954492,18.802922],[98.954374,18.802817],[98.954403,18.802654],[98.954664,18.802616],[98.954833,18.802541],[98.955121,18.80257],[98.955431,18.802677],[98.955093,18.802794],[98.955028,18.802695],[98.954564,18.802941]]]}},{"type":"Feature","properties":{"k":"park"},"geometry":{"type":"Polygon","coordinates":[[[98.954364,18.803217],[98.954405,18.802938],[98.954494,18.80314],[98.954461,18.803185],[98.954364,18.803217]]]}},{"type":"Feature","properties":{"k":"park"},"geometry":{"type":"Polygon","coordinates":[[[99.02837,18.822256],[99.028315,18.820855],[99.028736,18.820895],[99.028692,18.821063],[99.028655,18.821504],[99.028832,18.82152],[99.0288,18.821743],[99.028649,18.821743],[99.028633,18.822017],[99.028794,18.822027],[99.028784,18.822256],[99.02837,18.822256]]]}},{"type":"Feature","properties":{"k":"park"},"geometry":{"type":"Polygon","coordinates":[[[98.935211,18.730179],[98.935086,18.730017],[98.935098,18.729974],[98.936211,18.729258],[98.936363,18.729466],[98.936126,18.729606],[98.936244,18.72979],[98.936102,18.729882],[98.935973,18.729694],[98.935211,18.730179]]]}},{"type":"Feature","properties":{"k":"park"},"geometry":{"type":"Polygon","coordinates":[[[98.935805,18.730241],[98.935929,18.730414],[98.93579,18.730494],[98.93567,18.730335],[98.935805,18.730241]]]}},{"type":"Feature","properties":{"k":"park"},"geometry":{"type":"Polygon","coordinates":[[[98.936416,18.730517],[98.936604,18.730771],[98.935944,18.731183],[98.935891,18.731174],[98.935745,18.73098],[98.935756,18.730927],[98.936416,18.730517]]]}},{"type":"Feature","properties":{"k":"park"},"geometry":{"type":"Polygon","coordinates":[[[98.937771,18.729656],[98.937929,18.72988],[98.937576,18.730143],[98.937398,18.729904],[98.937771,18.729656]]]}},{"type":"Feature","properties":{"k":"park"},"geometry":{"type":"Polygon","coordinates":[[[98.93663,18.730876],[98.936873,18.730713],[98.936919,18.730769],[98.936695,18.730958],[98.93663,18.730876]]]}},{"type":"Feature","properties":{"k":"park"},"geometry":{"type":"Polygon","coordinates":[[[98.937396,18.730454],[98.936636,18.731525],[98.936315,18.731057],[98.936625,18.730873],[98.936698,18.730964],[98.936929,18.730771],[98.93688,18.730709],[98.937369,18.73042],[98.937396,18.730454]]]}},{"type":"Feature","properties":{"k":"park"},"geometry":{"type":"Polygon","coordinates":[[[98.936398,18.731289],[98.936118,18.731501],[98.935959,18.731273],[98.93626,18.731096],[98.936398,18.731289]]]}},{"type":"Feature","properties":{"k":"park"},"geometry":{"type":"Polygon","coordinates":[[[98.938022,18.729957],[98.938044,18.730287],[98.937843,18.730562],[98.937574,18.730377],[98.938022,18.729957]]]}},{"type":"Feature","properties":{"k":"park"},"geometry":{"type":"Polygon","coordinates":[[[98.937373,18.730681],[98.937389,18.730735],[98.937474,18.730792],[98.937449,18.730849],[98.937588,18.730926],[98.937529,18.73101],[98.937388,18.730935],[98.93734,18.730722],[98.937373,18.730681]]]}},{"type":"Feature","properties":{"k":"park"},"geometry":{"type":"Polygon","coordinates":[[[98.937695,18.731502],[98.937842,18.731253],[98.938052,18.731323],[98.937869,18.73159],[98.937695,18.731502]]]}},{"type":"Feature","properties":{"k":"park"},"geometry":{"type":"Polygon","coordinates":[[[98.93656,18.731774],[98.936855,18.731937],[98.936647,18.73223],[98.936469,18.731977],[98.936458,18.731924],[98.93656,18.731774]]]}},{"type":"Feature","properties":{"k":"park"},"geometry":{"type":"Polygon","coordinates":[[[98.93911,18.731805],[98.938672,18.732646],[98.9385,18.732605],[98.938345,18.732499],[98.93885,18.731781],[98.938962,18.731844],[98.939058,18.731778],[98.93911,18.731805]]]}},{"type":"Feature","properties":{"k":"rural"},"geometry":{"type":"Polygon","coordinates":[[[98.939051,18.731773],[98.93896,18.731834],[98.938847,18.73177],[98.93876,18.731893],[98.938641,18.731842],[98.938741,18.731688],[98.938823,18.73167],[98.938883,18.731675],[98.939051,18.731773]]]}},{"type":"Feature","properties":{"k":"park"},"geometry":{"type":"Polygon","coordinates":[[[98.938328,18.73233],[98.93813,18.732622],[98.937768,18.732394],[98.938145,18.731882],[98.938311,18.731957],[98.938133,18.732213],[98.938328,18.73233]]]}},{"type":"Feature","properties":{"k":"park","n":"elephant enjoy playing water"},"geometry":{"type":"Polygon","coordinates":[[[98.95571,18.793539],[98.955706,18.793071],[98.955956,18.793044],[98.955935,18.793554],[98.95571,18.793539]]]}},{"type":"Feature","properties":{"k":"park"},"geometry":{"type":"Polygon","coordinates":[[[98.9355,18.730772],[98.935648,18.730971],[98.9354,18.731052],[98.935308,18.730879],[98.9355,18.730772]]]}},{"type":"Feature","properties":{"k":"park"},"geometry":{"type":"Polygon","coordinates":[[[98.935391,18.730627],[98.935443,18.730698],[98.935387,18.730725],[98.93536,18.730646],[98.935391,18.730627]]]}},{"type":"Feature","properties":{"k":"park"},"geometry":{"type":"Polygon","coordinates":[[[98.934857,18.729849],[98.934928,18.729951],[98.934738,18.73007],[98.93467,18.72996],[98.934857,18.729849]]]}},{"type":"Feature","properties":{"k":"park"},"geometry":{"type":"Polygon","coordinates":[[[98.935678,18.731017],[98.935928,18.731399],[98.935706,18.731479],[98.935449,18.731107],[98.935678,18.731017]]]}},{"type":"Feature","properties":{"k":"park"},"geometry":{"type":"Polygon","coordinates":[[[98.935893,18.731708],[98.936041,18.731966],[98.935843,18.732074],[98.935695,18.731873],[98.935893,18.731708]]]}},{"type":"Feature","properties":{"k":"park"},"geometry":{"type":"Polygon","coordinates":[[[98.93564,18.731957],[98.935793,18.732145],[98.935577,18.732257],[98.935466,18.732123],[98.93564,18.731957]]]}},{"type":"Feature","properties":{"k":"park"},"geometry":{"type":"Polygon","coordinates":[[[98.936309,18.732328],[98.936442,18.732518],[98.936306,18.732727],[98.936114,18.732449],[98.936309,18.732328]]]}},{"type":"Feature","properties":{"k":"park"},"geometry":{"type":"Polygon","coordinates":[[[98.936034,18.732509],[98.936107,18.732632],[98.935916,18.732738],[98.935837,18.732622],[98.936034,18.732509]]]}},{"type":"Feature","properties":{"k":"park"},"geometry":{"type":"Polygon","coordinates":[[[98.936183,18.732725],[98.936255,18.73281],[98.936105,18.733003],[98.936007,18.732832],[98.936183,18.732725]]]}},{"type":"Feature","properties":{"k":"park"},"geometry":{"type":"Polygon","coordinates":[[[98.935861,18.732276],[98.936025,18.732496],[98.935824,18.73262],[98.935905,18.732747],[98.936116,18.732642],[98.936179,18.732713],[98.935993,18.732831],[98.9361,18.733019],[98.935957,18.733199],[98.935469,18.732528],[98.935861,18.732276]]]}},{"type":"Feature","properties":{"k":"park"},"geometry":{"type":"Polygon","coordinates":[[[98.935118,18.731188],[98.935281,18.731423],[98.934884,18.731662],[98.934711,18.731404],[98.935118,18.731188]]]}},{"type":"Feature","properties":{"k":"park"},"geometry":{"type":"Polygon","coordinates":[[[98.934023,18.729655],[98.934367,18.730147],[98.933981,18.730362],[98.93366,18.729901],[98.934023,18.729655]]]}},{"type":"Feature","properties":{"k":"park"},"geometry":{"type":"Polygon","coordinates":[[[98.934448,18.730257],[98.934548,18.730394],[98.93432,18.730497],[98.934251,18.730398],[98.934448,18.730257]]]}},{"type":"Feature","properties":{"k":"park"},"geometry":{"type":"Polygon","coordinates":[[[98.934302,18.730499],[98.934419,18.730612],[98.934627,18.730489],[98.934774,18.730712],[98.934534,18.730875],[98.934377,18.730648],[98.93423,18.730735],[98.934149,18.730602],[98.934302,18.730499]]]}},{"type":"Feature","properties":{"k":"park"},"geometry":{"type":"Polygon","coordinates":[[[98.935553,18.733197],[98.935539,18.733075],[98.935658,18.732957],[98.935884,18.733287],[98.935729,18.733487],[98.935476,18.733343],[98.935526,18.733289],[98.935553,18.733197]]]}},{"type":"Feature","properties":{"k":"park"},"geometry":{"type":"Polygon","coordinates":[[[98.934992,18.733153],[98.935286,18.733386],[98.935055,18.733631],[98.934752,18.733389],[98.934992,18.733153]]]}},{"type":"Feature","properties":{"k":"park"},"geometry":{"type":"Polygon","coordinates":[[[98.93451,18.732387],[98.934683,18.732272],[98.934913,18.732539],[98.934748,18.73268],[98.93451,18.732387]]]}},{"type":"Feature","properties":{"k":"park"},"geometry":{"type":"Polygon","coordinates":[[[98.93492,18.732595],[98.935044,18.732698],[98.934938,18.73281],[98.934816,18.732702],[98.93492,18.732595]]]}},{"type":"Feature","properties":{"k":"park"},"geometry":{"type":"Polygon","coordinates":[[[98.934992,18.732891],[98.935067,18.732976],[98.934948,18.733084],[98.934926,18.733068],[98.935004,18.732985],[98.93495,18.732929],[98.934992,18.732891]]]}},{"type":"Feature","properties":{"k":"park"},"geometry":{"type":"Polygon","coordinates":[[[98.934177,18.731968],[98.934061,18.731818],[98.934608,18.731469],[98.934821,18.731761],[98.93455,18.731922],[98.93445,18.731777],[98.934177,18.731968]]]}},{"type":"Feature","properties":{"k":"park"},"geometry":{"type":"Polygon","coordinates":[[[98.934558,18.731928],[98.934689,18.732114],[98.934435,18.732332],[98.934264,18.732116],[98.934558,18.731928]]]}},{"type":"Feature","properties":{"k":"park"},"geometry":{"type":"Polygon","coordinates":[[[98.934182,18.731977],[98.934446,18.731797],[98.934535,18.731926],[98.934264,18.732106],[98.934182,18.731977]]]}},{"type":"Feature","properties":{"k":"park"},"geometry":{"type":"Polygon","coordinates":[[[98.934567,18.731926],[98.93483,18.731775],[98.934939,18.731928],[98.9347,18.732108],[98.934567,18.731926]]]}},{"type":"Feature","properties":{"k":"park"},"geometry":{"type":"Polygon","coordinates":[[[98.934118,18.731316],[98.934267,18.731216],[98.934461,18.731515],[98.93431,18.731603],[98.934118,18.731316]]]}},{"type":"Feature","properties":{"k":"park"},"geometry":{"type":"Polygon","coordinates":[[[98.934106,18.731324],[98.934301,18.73161],[98.934039,18.731779],[98.93384,18.731496],[98.934106,18.731324]]]}},{"type":"Feature","properties":{"k":"park"},"geometry":{"type":"Polygon","coordinates":[[[98.93428,18.731211],[98.934387,18.731145],[98.934587,18.731437],[98.93447,18.731506],[98.93428,18.731211]]]}},{"type":"Feature","properties":{"k":"park"},"geometry":{"type":"Polygon","coordinates":[[[98.934055,18.730667],[98.933781,18.730823],[98.934031,18.731224],[98.933766,18.731402],[98.933386,18.730872],[98.933948,18.730515],[98.934055,18.730667]]]}},{"type":"Feature","properties":{"k":"park"},"geometry":{"type":"Polygon","coordinates":[[[98.933933,18.730505],[98.93338,18.730861],[98.933093,18.730427],[98.93337,18.73027],[98.933464,18.730408],[98.933745,18.730235],[98.933933,18.730505]]]}},{"type":"Feature","properties":{"k":"park"},"geometry":{"type":"Polygon","coordinates":[[[98.932915,18.730169],[98.933614,18.730024],[98.933739,18.730224],[98.933471,18.730391],[98.933367,18.730244],[98.933085,18.730413],[98.932915,18.730169]]]}},{"type":"Feature","properties":{"k":"park"},"geometry":{"type":"Polygon","coordinates":[[[98.931405,18.730327],[98.931364,18.730045],[98.931765,18.729937],[98.931799,18.730277],[98.931405,18.730327]]]}},{"type":"Feature","properties":{"k":"park"},"geometry":{"type":"Polygon","coordinates":[[[98.932834,18.729764],[98.932874,18.730108],[98.932713,18.730131],[98.932669,18.72978],[98.932834,18.729764]]]}},{"type":"Feature","properties":{"k":"park"},"geometry":{"type":"Polygon","coordinates":[[[98.933216,18.73003],[98.933168,18.729682],[98.933313,18.729614],[98.933583,18.72998],[98.933216,18.73003]]]}},{"type":"Feature","properties":{"k":"rural"},"geometry":{"type":"Polygon","coordinates":[[[98.933158,18.729686],[98.933207,18.730031],[98.932884,18.730103],[98.932847,18.729757],[98.933158,18.729686]]]}},{"type":"Feature","properties":{"k":"rural"},"geometry":{"type":"Polygon","coordinates":[[[98.932658,18.729793],[98.932699,18.73013],[98.932365,18.730186],[98.932326,18.72987],[98.932658,18.729793]]]}},{"type":"Feature","properties":{"k":"park"},"geometry":{"type":"Polygon","coordinates":[[[98.932312,18.729869],[98.932352,18.730184],[98.931809,18.730277],[98.931782,18.729935],[98.932312,18.729869]]]}},{"type":"Feature","properties":{"k":"park"},"geometry":{"type":"Polygon","coordinates":[[[98.931396,18.730328],[98.93121,18.730358],[98.931043,18.730137],[98.931356,18.730045],[98.931396,18.730328]]]}},{"type":"Feature","properties":{"k":"park"},"geometry":{"type":"Polygon","coordinates":[[[98.930832,18.729834],[98.931118,18.729772],[98.931614,18.729836],[98.931837,18.729896],[98.931029,18.730097],[98.930832,18.729834]]]}},{"type":"Feature","properties":{"k":"park"},"geometry":{"type":"Polygon","coordinates":[[[99.001685,18.749478],[99.001686,18.749562],[99.001555,18.749605],[99.001546,18.749495],[99.001685,18.749478]]]}},{"type":"Feature","properties":{"k":"pitch"},"geometry":{"type":"Polygon","coordinates":[[[98.993844,18.783291],[98.993811,18.783159],[98.994049,18.783106],[98.994082,18.783238],[98.993844,18.783291]]]}},{"type":"Feature","properties":{"k":"park"},"geometry":{"type":"Polygon","coordinates":[[[98.949501,18.808567],[98.94938,18.808668],[98.949251,18.808705],[98.949196,18.808769],[98.949095,18.808756],[98.949059,18.808786],[98.949111,18.808922],[98.949102,18.808973],[98.949046,18.809016],[98.949121,18.809113],[98.949101,18.809175],[98.948999,18.809172],[98.94897,18.809208],[98.948793,18.809176],[98.948674,18.809085],[98.948447,18.809094],[98.948249,18.808626],[98.948248,18.808549],[98.94828,18.808499],[98.948523,18.808513],[98.948635,18.808493],[98.948702,18.80844],[98.948716,18.80829],[98.94867,18.80815],[98.948536,18.80796],[98.948592,18.807686],[98.948501,18.807615],[98.948222,18.807566],[98.948131,18.807439],[98.948126,18.807326],[98.948348,18.807201],[98.94869,18.807135],[98.948769,18.807186],[98.948808,18.807257],[98.948838,18.807406],[98.948953,18.80748],[98.949098,18.807392],[98.949235,18.807352],[98.949467,18.807394],[98.949507,18.807445],[98.949496,18.807493],[98.949153,18.807564],[98.949222,18.807615],[98.949322,18.807633],[98.94937,18.80771],[98.949349,18.807841],[98.949271,18.807838],[98.949251,18.807885],[98.949273,18.807948],[98.949351,18.808021],[98.949335,18.808138],[98.949391,18.808186],[98.949343,18.80828],[98.949444,18.808348],[98.949501,18.808567]]]}},{"type":"Feature","properties":{"k":"park"},"geometry":{"type":"Polygon","coordinates":[[[99.016491,18.783798],[99.01657,18.783798],[99.016553,18.784091],[99.016493,18.784071],[99.016491,18.783798]]]}},{"type":"Feature","properties":{"k":"forest"},"geometry":{"type":"Polygon","coordinates":[[[99.000099,18.84502],[99.000378,18.845249],[99.000335,18.845589],[99.00077,18.846198],[99.001113,18.846051],[99.001182,18.846173],[99.000801,18.846279],[99.000324,18.846218],[98.999949,18.846254],[98.999809,18.846223],[98.999742,18.846129],[98.999644,18.846068],[98.999641,18.845904],[98.999549,18.845851],[98.999705,18.845767],[98.999844,18.845606],[99.000099,18.84502]]]}},{"type":"Feature","properties":{"k":"forest"},"geometry":{"type":"Polygon","coordinates":[[[98.994772,18.798393],[98.994621,18.797702],[98.994487,18.797234],[98.994342,18.79698],[98.994289,18.796387],[98.995211,18.796346],[98.995281,18.796752],[98.995834,18.796707],[98.995963,18.796884],[98.995254,18.797051],[98.995319,18.797417],[98.99563,18.798306],[98.994772,18.798393]]]}},{"type":"Feature","properties":{"k":"forest"},"geometry":{"type":"Polygon","coordinates":[[[98.985982,18.760898],[98.985767,18.760995],[98.98598,18.761444],[98.98754,18.760826],[98.988437,18.76265],[98.989167,18.763867],[98.989801,18.763565],[98.989928,18.763872],[98.989245,18.76418],[98.98966,18.764889],[98.990483,18.764598],[98.990625,18.76485],[98.990348,18.76513],[98.990248,18.765016],[98.98936,18.765353],[98.989092,18.765508],[98.988862,18.765223],[98.988638,18.765392],[98.988918,18.765905],[98.98793,18.766247],[98.987748,18.766004],[98.987517,18.765881],[98.986652,18.765824],[98.985564,18.765331],[98.983823,18.764784],[98.983533,18.764659],[98.982844,18.764215],[98.982715,18.764212],[98.982651,18.764258],[98.982206,18.763829],[98.981798,18.763598],[98.981693,18.763369],[98.982172,18.763207],[98.982032,18.762933],[98.981691,18.762846],[98.981673,18.762628],[98.98135,18.762559],[98.981296,18.762257],[98.981398,18.761675],[98.981565,18.761536],[98.982372,18.761614],[98.983096,18.761475],[98.983646,18.761305],[98.985421,18.760128],[98.985575,18.760553],[98.985819,18.760482],[98.985982,18.760898]]]}},{"type":"Feature","properties":{"k":"rural"},"geometry":{"type":"Polygon","coordinates":[[[99.034429,18.777375],[99.035002,18.777349],[99.035089,18.778406],[99.035018,18.778563],[99.034466,18.778589],[99.034429,18.777375]]]}},{"type":"Feature","properties":{"k":"park","n":"Chiang Mai Municipal Stadium"},"geometry":{"type":"Polygon","coordinates":[[[98.991379,18.803269],[98.990435,18.802769],[98.989233,18.802954],[98.989243,18.802261],[98.98889,18.801551],[98.988619,18.801577],[98.988251,18.800383],[98.98839,18.80026],[98.988119,18.799987],[98.988591,18.799577],[98.988892,18.799468],[98.99009,18.799514],[98.99002,18.80011],[98.990086,18.800405],[98.990311,18.800345],[98.990374,18.800534],[98.990596,18.800485],[98.990657,18.80064],[98.991304,18.80052],[98.991707,18.801131],[98.991931,18.801526],[98.99195,18.801932],[98.991379,18.803269]]]}},{"type":"Feature","properties":{"k":"pitch"},"geometry":{"type":"Polygon","coordinates":[[[98.989936,18.802263],[98.989853,18.801842],[98.990154,18.801789],[98.990236,18.80221],[98.989936,18.802263]]]}},{"type":"Feature","properties":{"k":"pitch"},"geometry":{"type":"Polygon","coordinates":[[[98.9893,18.801353],[98.989026,18.800414],[98.989624,18.800257],[98.989899,18.801196],[98.9893,18.801353]]]}},{"type":"Feature","properties":{"k":"forest"},"geometry":{"type":"Polygon","coordinates":[[[98.979682,18.823731],[98.979274,18.825463],[98.979145,18.825077],[98.978913,18.825017],[98.979111,18.82366],[98.979682,18.823731]]]}},{"type":"Feature","properties":{"k":"forest"},"geometry":{"type":"Polygon","coordinates":[[[98.97664,18.823117],[98.977155,18.822843],[98.977493,18.822563],[98.978281,18.822249],[98.978335,18.82237],[98.977799,18.822568],[98.977895,18.822838],[98.978673,18.822563],[98.97878,18.822833],[98.979054,18.822756],[98.979086,18.822858],[98.979011,18.823091],[98.977541,18.82365],[98.977021,18.823579],[98.97664,18.823117]]]}},{"type":"Feature","properties":{"k":"pitch"},"geometry":{"type":"Polygon","coordinates":[[[98.963974,18.744051],[98.963949,18.743811],[98.964372,18.74377],[98.964397,18.744011],[98.963974,18.744051]]]}},{"type":"Feature","properties":{"k":"pitch"},"geometry":{"type":"Polygon","coordinates":[[[98.954956,18.811575],[98.954907,18.811332],[98.955064,18.811303],[98.955114,18.811546],[98.954956,18.811575]]]}},{"type":"Feature","properties":{"k":"forest"},"geometry":{"type":"Polygon","coordinates":[[[98.97085,18.815091],[98.970864,18.814542],[98.971066,18.814498],[98.971061,18.814259],[98.971198,18.814241],[98.971172,18.813778],[98.971347,18.813783],[98.971359,18.814462],[98.971594,18.81446],[98.971573,18.814553],[98.971713,18.814553],[98.971703,18.814743],[98.971981,18.814721],[98.971962,18.814965],[98.97085,18.815091]]]}},{"type":"Feature","properties":{"k":"forest"},"geometry":{"type":"Polygon","coordinates":[[[98.969468,18.814482],[98.969471,18.813741],[98.970627,18.813751],[98.970524,18.815108],[98.969699,18.814975],[98.969688,18.814683],[98.969465,18.814673],[98.969468,18.814482]]]}},{"type":"Feature","properties":{"k":"park"},"geometry":{"type":"Polygon","coordinates":[[[99.042552,18.838119],[99.042721,18.839426],[99.042087,18.839489],[99.042039,18.839577],[99.042191,18.839822],[99.04242,18.839929],[99.042642,18.839993],[99.04285,18.839999],[99.042853,18.840186],[99.042554,18.840158],[99.042234,18.840071],[99.041974,18.83982],[99.041925,18.839636],[99.041987,18.838981],[99.041892,18.838655],[99.041706,18.838355],[99.042552,18.838119]]]}},{"type":"Feature","properties":{"k":"rural"},"geometry":{"type":"Polygon","coordinates":[[[98.988276,18.806018],[98.988056,18.805307],[98.989461,18.805114],[98.989488,18.805294],[98.989654,18.805294],[98.989732,18.805421],[98.989667,18.805484],[98.98944,18.805492],[98.98941,18.805657],[98.989657,18.805766],[98.989512,18.805949],[98.989432,18.806162],[98.988831,18.806018],[98.988276,18.806018]]]}},{"type":"Feature","properties":{"k":"rural"},"geometry":{"type":"Polygon","coordinates":[[[98.988697,18.806754],[98.988831,18.806129],[98.989327,18.806234],[98.989256,18.80653],[98.989176,18.806513],[98.989102,18.806678],[98.989201,18.806718],[98.989147,18.806917],[98.988697,18.806754]]]}},{"type":"Feature","properties":{"k":"park"},"geometry":{"type":"Polygon","coordinates":[[[98.985711,18.803392],[98.985792,18.802798],[98.986253,18.802844],[98.986277,18.802681],[98.987146,18.802803],[98.98717,18.803136],[98.987262,18.803484],[98.986588,18.803672],[98.986076,18.803745],[98.986049,18.803435],[98.985711,18.803392]]]}},{"type":"Feature","properties":{"k":"rural"},"geometry":{"type":"Polygon","coordinates":[[[98.964599,18.807869],[98.964531,18.807466],[98.964801,18.807425],[98.964869,18.807827],[98.964599,18.807869]]]}},{"type":"Feature","properties":{"k":"pitch"},"geometry":{"type":"Polygon","coordinates":[[[98.973051,18.810563],[98.973029,18.810431],[98.973212,18.810404],[98.973234,18.810536],[98.973051,18.810563]]]}},{"type":"Feature","properties":{"k":"pitch"},"geometry":{"type":"Polygon","coordinates":[[[98.972553,18.810712],[98.972517,18.810477],[98.972881,18.810426],[98.972917,18.810662],[98.972553,18.810712]]]}},{"type":"Feature","properties":{"k":"pitch"},"geometry":{"type":"Polygon","coordinates":[[[98.972242,18.811413],[98.972464,18.810911],[98.972594,18.810963],[98.972372,18.811465],[98.972242,18.811413]]]}},{"type":"Feature","properties":{"k":"pitch"},"geometry":{"type":"Polygon","coordinates":[[[98.948745,18.736435],[98.948882,18.736778],[98.948783,18.736837],[98.948572,18.736534],[98.948745,18.736435]]]}},{"type":"Feature","properties":{"k":"park"},"geometry":{"type":"Polygon","coordinates":[[[98.997589,18.757489],[98.997454,18.757315],[98.997685,18.757213],[98.997797,18.757284],[98.997836,18.757239],[98.9979,18.757288],[98.997589,18.757489]]]}},{"type":"Feature","properties":{"k":"rural"},"geometry":{"type":"Polygon","coordinates":[[[98.997454,18.757315],[98.997281,18.757093],[98.997552,18.756916],[98.997689,18.756721],[98.99786,18.756887],[98.997629,18.757168],[98.997685,18.757213],[98.997454,18.757315]]]}},{"type":"Feature","properties":{"k":"rural"},"geometry":{"type":"Polygon","coordinates":[[[98.993937,18.745498],[98.994425,18.745451],[98.99451,18.745572],[98.994454,18.745726],[98.994454,18.745847],[98.994631,18.74578],[98.99473,18.746108],[98.994425,18.746128],[98.994475,18.746611],[98.994836,18.746598],[98.994907,18.746691],[98.994602,18.747073],[98.994878,18.747382],[98.994574,18.747161],[98.99451,18.747348],[98.994528,18.747422],[98.995112,18.748055],[98.995714,18.748369],[98.996323,18.747825],[98.996866,18.748391],[98.996392,18.748918],[98.996584,18.749121],[98.996658,18.749327],[98.996657,18.750161],[98.995307,18.750582],[98.995143,18.750219],[98.994727,18.750527],[98.994409,18.750413],[98.995138,18.74957],[98.994605,18.749214],[98.994819,18.748915],[98.994584,18.748752],[98.993668,18.749876],[98.993825,18.750119],[98.994109,18.750363],[98.994754,18.750608],[98.994551,18.750991],[98.99485,18.751099],[98.994396,18.751386],[98.994063,18.75109],[98.993839,18.751147],[98.993624,18.751066],[98.993441,18.750812],[98.993286,18.750689],[98.993197,18.750739],[98.993099,18.750597],[98.99288,18.750712],[98.992892,18.750793],[98.992709,18.750947],[98.992433,18.750889],[98.99231,18.750712],[98.992217,18.750424],[98.992162,18.750022],[98.992855,18.749992],[98.993266,18.749823],[98.993368,18.750019],[98.993522,18.749923],[98.993429,18.749765],[98.993099,18.749723],[98.993095,18.749588],[98.99286,18.749657],[98.992691,18.749136],[98.993408,18.748396],[98.992418,18.747584],[98.992546,18.747102],[98.992792,18.747127],[98.993816,18.747962],[98.994383,18.747422],[98.993697,18.746489],[98.993384,18.746643],[98.993209,18.746481],[98.992652,18.746516],[98.993486,18.745892],[98.993815,18.746301],[98.993925,18.746054],[98.993937,18.745498]]]}},{"type":"Feature","properties":{"k":"park"},"geometry":{"type":"Polygon","coordinates":[[[98.978025,18.749169],[98.977928,18.74893],[98.978567,18.748698],[98.978612,18.748809],[98.978247,18.748942],[98.978298,18.749069],[98.978025,18.749169]]]}},{"type":"Feature","properties":{"k":"park"},"geometry":{"type":"Polygon","coordinates":[[[98.977818,18.747944],[98.977622,18.747464],[98.978175,18.747264],[98.978456,18.747576],[98.978446,18.747734],[98.977818,18.747944]]]}},{"type":"Feature","properties":{"k":"park"},"geometry":{"type":"Polygon","coordinates":[[[98.990929,18.784591],[98.990915,18.784545],[98.990963,18.784532],[98.990978,18.784578],[98.990929,18.784591]]]}},{"type":"Feature","properties":{"k":"forest"},"geometry":{"type":"Polygon","coordinates":[[[98.952226,18.732789],[98.953153,18.734136],[98.952965,18.734248],[98.952806,18.734308],[98.952558,18.734323],[98.952204,18.734117],[98.951935,18.734115],[98.951712,18.733916],[98.951599,18.733861],[98.951294,18.73357],[98.951123,18.733471],[98.951426,18.733197],[98.951619,18.733303],[98.951749,18.73349],[98.952053,18.733395],[98.952092,18.733221],[98.952135,18.73318],[98.952157,18.732875],[98.952226,18.732789]]]}},{"type":"Feature","properties":{"k":"rural"},"geometry":{"type":"Polygon","coordinates":[[[98.95177,18.7316],[98.953337,18.731057],[98.953475,18.731058],[98.953711,18.731363],[98.953755,18.731504],[98.95345,18.731585],[98.953487,18.731753],[98.953577,18.731728],[98.953627,18.732047],[98.953722,18.732048],[98.953755,18.732256],[98.953995,18.732206],[98.954028,18.732501],[98.95436,18.732506],[98.954526,18.732434],[98.954667,18.732611],[98.95486,18.733028],[98.954848,18.733095],[98.954564,18.733151],[98.954543,18.733263],[98.953931,18.733125],[98.953861,18.73339],[98.953305,18.733526],[98.953149,18.733333],[98.953144,18.733094],[98.952987,18.73307],[98.952817,18.733145],[98.95177,18.7316]]]}},{"type":"Feature","properties":{"k":"rural"},"geometry":{"type":"Polygon","coordinates":[[[98.955885,18.732997],[98.955944,18.733211],[98.955905,18.733354],[98.955815,18.733378],[98.95576,18.733517],[98.955696,18.733537],[98.955644,18.733363],[98.955177,18.733902],[98.954893,18.734105],[98.954962,18.734206],[98.954639,18.734517],[98.954469,18.734435],[98.954408,18.734365],[98.954603,18.734079],[98.954746,18.733669],[98.954875,18.733649],[98.955011,18.73345],[98.955127,18.733186],[98.955288,18.733075],[98.955885,18.732997]]]}},{"type":"Feature","properties":{"k":"rural"},"geometry":{"type":"Polygon","coordinates":[[[98.956077,18.73293],[98.956536,18.732808],[98.956884,18.733481],[98.956541,18.733727],[98.956077,18.73293]]]}},{"type":"Feature","properties":{"k":"pitch"},"geometry":{"type":"Polygon","coordinates":[[[99.037937,18.769917],[99.038228,18.769826],[99.038297,18.770023],[99.038005,18.770113],[99.037937,18.769917]]]}},{"type":"Feature","properties":{"k":"rural"},"geometry":{"type":"Polygon","coordinates":[[[99.036073,18.770087],[99.036217,18.77048],[99.036328,18.770678],[99.036352,18.77067],[99.036442,18.770876],[99.036579,18.770965],[99.036745,18.771148],[99.036911,18.771466],[99.037054,18.773114],[99.036609,18.773124],[99.036569,18.773012],[99.035843,18.773124],[99.034694,18.773568],[99.03463,18.773551],[99.03446,18.773583],[99.034421,18.773477],[99.034436,18.773321],[99.034386,18.773176],[99.034833,18.773024],[99.034515,18.772175],[99.034956,18.772015],[99.03439,18.770672],[99.03455,18.770642],[99.034447,18.769678],[99.034619,18.769678],[99.034621,18.769365],[99.035131,18.769157],[99.035011,18.768828],[99.034962,18.76853],[99.035885,18.768298],[99.035678,18.767455],[99.035707,18.767389],[99.035644,18.767107],[99.03631,18.766951],[99.036543,18.767902],[99.036732,18.76785],[99.036777,18.767905],[99.037636,18.767657],[99.037589,18.767927],[99.037804,18.768212],[99.037857,18.768491],[99.037927,18.768633],[99.038109,18.768694],[99.038274,18.768925],[99.038416,18.769443],[99.037225,18.769825],[99.037128,18.769662],[99.036348,18.769912],[99.036373,18.769966],[99.036073,18.770087]]]}},{"type":"Feature","properties":{"k":"rural"},"geometry":{"type":"Polygon","coordinates":[[[99.040924,18.772233],[99.040992,18.772452],[99.041038,18.772441],[99.041175,18.772867],[99.041272,18.77284],[99.041313,18.772955],[99.040987,18.772885],[99.040659,18.772581],[99.040554,18.772444],[99.040924,18.772233]]]}},{"type":"Feature","properties":{"k":"rural"},"geometry":{"type":"Polygon","coordinates":[[[99.039778,18.77324],[99.03957,18.772888],[99.03862,18.773126],[99.038551,18.772856],[99.038545,18.772611],[99.038728,18.772563],[99.03875,18.772492],[99.03897,18.772381],[99.039124,18.772342],[99.03914,18.772269],[99.039187,18.772275],[99.039191,18.772229],[99.039777,18.772469],[99.04021,18.772733],[99.039778,18.77324]]]}},{"type":"Feature","properties":{"k":"rural"},"geometry":{"type":"Polygon","coordinates":[[[99.040093,18.745276],[99.040066,18.74586],[99.039976,18.746034],[99.039846,18.746099],[99.039316,18.746222],[99.038746,18.746145],[99.038705,18.74578],[99.038882,18.74579],[99.038876,18.745237],[99.040093,18.745276]]]}},{"type":"Feature","properties":{"k":"cemetery"},"geometry":{"type":"Polygon","coordinates":[[[99.003498,18.757784],[99.003536,18.75733],[99.003989,18.757454],[99.003912,18.757786],[99.003498,18.757784]]]}},{"type":"Feature","properties":{"k":"pitch"},"geometry":{"type":"Polygon","coordinates":[[[98.954384,18.737761],[98.954553,18.738017],[98.954125,18.73827],[98.953957,18.738013],[98.954384,18.737761]]]}},{"type":"Feature","properties":{"k":"pitch"},"geometry":{"type":"Polygon","coordinates":[[[98.953673,18.795846],[98.953681,18.795714],[98.954001,18.795738],[98.953986,18.795869],[98.953673,18.795846]]]}},{"type":"Feature","properties":{"k":"pitch"},"geometry":{"type":"Polygon","coordinates":[[[98.953607,18.795407],[98.953631,18.795221],[98.954007,18.795264],[98.953984,18.795449],[98.953607,18.795407]]]}},{"type":"Feature","properties":{"k":"pitch"},"geometry":{"type":"Polygon","coordinates":[[[98.953456,18.796211],[98.953482,18.79588],[98.953963,18.795914],[98.953937,18.796245],[98.953456,18.796211]]]}},{"type":"Feature","properties":{"k":"pitch"},"geometry":{"type":"Polygon","coordinates":[[[98.953483,18.795834],[98.95349,18.7957],[98.953681,18.795714],[98.953673,18.795846],[98.953483,18.795834]]]}},{"type":"Feature","properties":{"k":"pitch"},"geometry":{"type":"Polygon","coordinates":[[[98.951105,18.75114],[98.951183,18.750482],[98.951531,18.750519],[98.951453,18.751177],[98.951105,18.75114]]]}},{"type":"Feature","properties":{"k":"forest"},"geometry":{"type":"Polygon","coordinates":[[[98.943716,18.748794],[98.943665,18.748608],[98.943531,18.748344],[98.943665,18.748278],[98.944539,18.748314],[98.944577,18.748656],[98.943716,18.748794]]]}},{"type":"Feature","properties":{"k":"rural"},"geometry":{"type":"Polygon","coordinates":[[[98.948639,18.748364],[98.948674,18.748456],[98.948954,18.748665],[98.949189,18.749568],[98.948979,18.749646],[98.947624,18.749755],[98.947486,18.749801],[98.94725,18.749937],[98.947114,18.750065],[98.94622,18.750141],[98.94545,18.750248],[98.945477,18.750584],[98.944919,18.750733],[98.944482,18.75035],[98.944618,18.750313],[98.944392,18.749434],[98.94609,18.749154],[98.946042,18.748745],[98.947841,18.748522],[98.948639,18.748364]]]}},{"type":"Feature","properties":{"k":"rural"},"geometry":{"type":"Polygon","coordinates":[[[98.943738,18.746774],[98.943995,18.746007],[98.944153,18.745832],[98.944615,18.745542],[98.944684,18.745555],[98.944891,18.74586],[98.9451,18.746038],[98.945036,18.74618],[98.945205,18.746289],[98.945438,18.74605],[98.945266,18.745842],[98.94547,18.745644],[98.945784,18.745527],[98.94621,18.745786],[98.946457,18.745657],[98.946522,18.745586],[98.946921,18.745572],[98.947043,18.745506],[98.947114,18.745614],[98.947198,18.745992],[98.946959,18.746068],[98.946945,18.74618],[98.947176,18.746386],[98.946846,18.746739],[98.947023,18.746909],[98.947278,18.746911],[98.947358,18.747559],[98.946675,18.747628],[98.946704,18.747927],[98.946523,18.747925],[98.946026,18.748022],[98.945985,18.747712],[98.945002,18.747884],[98.944837,18.747239],[98.944998,18.747181],[98.944977,18.74698],[98.945038,18.746962],[98.944987,18.746767],[98.943738,18.746774]]]}},{"type":"Feature","properties":{"k":"park","n":"STeP - Science and Technology Park"},"geometry":{"type":"Polygon","coordinates":[[[98.936131,18.765668],[98.936132,18.763696],[98.937932,18.763734],[98.937811,18.765674],[98.936131,18.765668]]]}},{"type":"Feature","properties":{"k":"park","n":"สวนหย่อมน้อยๆๆ กับ วงเวียนน้ำพุ หน้า วิทยาลัย สื่อ"},"geometry":{"type":"Polygon","coordinates":[[[98.950528,18.800495],[98.950939,18.800442],[98.950853,18.800568],[98.950708,18.800681],[98.950535,18.800599],[98.950528,18.800495]]]}},{"type":"Feature","properties":{"k":"park","n":"Paradon Farm"},"geometry":{"type":"Polygon","coordinates":[[[98.932401,18.739422],[98.932139,18.739559],[98.931708,18.739258],[98.932172,18.738394],[98.932505,18.738862],[98.932726,18.739056],[98.932401,18.739422]]]}},{"type":"Feature","properties":{"k":"pitch"},"geometry":{"type":"Polygon","coordinates":[[[98.936803,18.765546],[98.936807,18.765471],[98.93709,18.765478],[98.937087,18.765553],[98.936803,18.765546]]]}},{"type":"Feature","properties":{"k":"pitch"},"geometry":{"type":"Polygon","coordinates":[[[99.04018,18.802267],[99.04017,18.801705],[99.040816,18.801695],[99.040825,18.802257],[99.04018,18.802267]]]}},{"type":"Feature","properties":{"k":"forest"},"geometry":{"type":"Polygon","coordinates":[[[99.038969,18.800762],[99.039546,18.800782],[99.039556,18.800872],[99.039374,18.800854],[99.03935,18.800967],[99.039246,18.800962],[99.039248,18.801405],[99.038881,18.801313],[99.038969,18.800762]]]}},{"type":"Feature","properties":{"k":"forest"},"geometry":{"type":"Polygon","coordinates":[[[99.016981,18.826245],[99.016911,18.825041],[99.016675,18.824732],[99.0169,18.824569],[99.017512,18.824503],[99.017893,18.8246],[99.017989,18.824833],[99.017512,18.825057],[99.017249,18.825341],[99.017201,18.825686],[99.017238,18.826204],[99.016981,18.826245]]]}},{"type":"Feature","properties":{"k":"forest"},"geometry":{"type":"Polygon","coordinates":[[[99.019464,18.82559],[99.019395,18.825747],[99.0191,18.825696],[99.018563,18.825488],[99.01867,18.825275],[99.019083,18.825321],[99.019464,18.82559]]]}},{"type":"Feature","properties":{"k":"forest"},"geometry":{"type":"Polygon","coordinates":[[[99.01844,18.82659],[99.018408,18.826118],[99.018445,18.825996],[99.019502,18.825971],[99.01955,18.826712],[99.019652,18.827103],[99.019604,18.827154],[99.019309,18.826976],[99.019266,18.826549],[99.01844,18.82659]]]}},{"type":"Feature","properties":{"k":"forest"},"geometry":{"type":"Polygon","coordinates":[[[99.013671,18.815892],[99.013284,18.815871],[99.012829,18.815287],[99.012845,18.814328],[99.013163,18.81432],[99.013467,18.813982],[99.013523,18.813342],[99.013818,18.81337],[99.014105,18.813543],[99.014475,18.813475],[99.014703,18.813467],[99.01502,18.81365],[99.015637,18.813789],[99.015623,18.814124],[99.017565,18.814683],[99.017646,18.814363],[99.018134,18.814315],[99.018568,18.814439],[99.018813,18.814363],[99.019121,18.813865],[99.019561,18.81414],[99.019711,18.814396],[99.020218,18.814262],[99.020371,18.814901],[99.020186,18.815493],[99.019561,18.815724],[99.019319,18.815876],[99.018778,18.816039],[99.017919,18.816214],[99.017938,18.816981],[99.017909,18.817311],[99.017707,18.817587],[99.017367,18.817885],[99.01672,18.818123],[99.016366,18.818402],[99.01609,18.818103],[99.01612,18.81774],[99.016417,18.817255],[99.016822,18.817235],[99.017214,18.817057],[99.017431,18.81674],[99.017429,18.816541],[99.017257,18.81642],[99.016951,18.816409],[99.016782,18.816374],[99.016621,18.816201],[99.016589,18.815676],[99.015894,18.815597],[99.015851,18.815719],[99.013765,18.816196],[99.013671,18.815892]]]}},{"type":"Feature","properties":{"k":"rural"},"geometry":{"type":"Polygon","coordinates":[[[98.989432,18.845819],[98.989461,18.845597],[98.99007,18.845669],[98.990041,18.845891],[98.989432,18.845819]]]}},{"type":"Feature","properties":{"k":"rural"},"geometry":{"type":"Polygon","coordinates":[[[98.965663,18.834794],[98.967593,18.8334],[98.967839,18.833364],[98.969375,18.833823],[98.969436,18.833984],[98.967967,18.838014],[98.967071,18.837766],[98.967236,18.837323],[98.967075,18.836691],[98.967601,18.835333],[98.965663,18.834794]]]}},{"type":"Feature","properties":{"k":"rural"},"geometry":{"type":"Polygon","coordinates":[[[98.968424,18.837344],[98.9691,18.835484],[98.970431,18.835928],[98.969701,18.8378],[98.968424,18.837344]]]}},{"type":"Feature","properties":{"k":"rural"},"geometry":{"type":"Polygon","coordinates":[[[98.968121,18.838096],[98.968361,18.837462],[98.971141,18.83848],[98.971012,18.838826],[98.968121,18.838096]]]}},{"type":"Feature","properties":{"k":"rural"},"geometry":{"type":"Polygon","coordinates":[[[98.969485,18.834353],[98.969712,18.833748],[98.967659,18.833208],[98.96816,18.833037],[98.968029,18.832622],[98.967525,18.832758],[98.967357,18.832618],[98.967109,18.832584],[98.966796,18.832445],[98.96691,18.832309],[98.967178,18.831662],[98.967172,18.831519],[98.966756,18.83054],[98.966518,18.830425],[98.966944,18.829599],[98.967328,18.829937],[98.969625,18.830657],[98.970509,18.831326],[98.972551,18.833094],[98.973899,18.834526],[98.972262,18.834267],[98.971911,18.83508],[98.969485,18.834353]]]}},{"type":"Feature","properties":{"k":"rural"},"geometry":{"type":"Polygon","coordinates":[[[98.971324,18.838384],[98.972075,18.836501],[98.972917,18.83681],[98.972708,18.837323],[98.972477,18.837305],[98.972327,18.837356],[98.972203,18.837503],[98.972134,18.837638],[98.972096,18.837772],[98.972107,18.837902],[98.972209,18.838044],[98.97237,18.838128],[98.972161,18.838689],[98.971324,18.838384]]]}},{"type":"Feature","properties":{"k":"rural"},"geometry":{"type":"Polygon","coordinates":[[[98.972874,18.838059],[98.973003,18.837902],[98.973019,18.837696],[98.974135,18.838092],[98.973993,18.83845],[98.972874,18.838059]]]}},{"type":"Feature","properties":{"k":"rural"},"geometry":{"type":"Polygon","coordinates":[[[98.969881,18.840395],[98.970101,18.839844],[98.970455,18.839955],[98.970588,18.840034],[98.970959,18.840417],[98.970905,18.840557],[98.970315,18.840654],[98.970192,18.840641],[98.970024,18.840571],[98.970022,18.840435],[98.969881,18.840395]]]}},{"type":"Feature","properties":{"k":"rural"},"geometry":{"type":"Polygon","coordinates":[[[98.972866,18.84669],[98.973886,18.846835],[98.973665,18.847606],[98.973344,18.847569],[98.973335,18.847703],[98.972947,18.847685],[98.972933,18.84785],[98.972796,18.84785],[98.972866,18.84669]]]}},{"type":"Feature","properties":{"k":"forest"},"geometry":{"type":"Polygon","coordinates":[[[98.994217,18.810956],[98.994123,18.810674],[98.994317,18.810616],[98.994564,18.810614],[98.994521,18.810754],[98.994549,18.810887],[98.994217,18.810956]]]}},{"type":"Feature","properties":{"k":"rural"},"geometry":{"type":"Polygon","coordinates":[[[98.966279,18.807721],[98.966277,18.807406],[98.966467,18.806817],[98.966569,18.80663],[98.966752,18.806436],[98.966992,18.806315],[98.967274,18.807125],[98.966713,18.807295],[98.966639,18.807363],[98.966626,18.807465],[98.966668,18.807617],[98.966279,18.807721]]]}},{"type":"Feature","properties":{"k":"forest"},"geometry":{"type":"Polygon","coordinates":[[[98.991783,18.736743],[98.99154,18.736734],[98.991221,18.736602],[98.991259,18.736426],[98.992354,18.736231],[98.992568,18.736271],[98.992869,18.736238],[98.992884,18.736338],[98.993243,18.736296],[98.993281,18.73589],[98.993586,18.735849],[98.993649,18.735739],[98.993761,18.735761],[98.993558,18.73614],[98.993514,18.736404],[98.993475,18.736462],[98.992618,18.73664],[98.992344,18.736736],[98.991783,18.736743]]]}},{"type":"Feature","properties":{"k":"rural"},"geometry":{"type":"Polygon","coordinates":[[[99.055098,18.737633],[99.054922,18.737925],[99.055475,18.73822],[99.055333,18.738468],[99.054494,18.737843],[99.054115,18.738397],[99.054029,18.738663],[99.054096,18.738737],[99.05397,18.738934],[99.053813,18.738851],[99.053367,18.738973],[99.053225,18.738936],[99.053371,18.738654],[99.052886,18.738449],[99.053132,18.738265],[99.054361,18.737013],[99.054552,18.737295],[99.055098,18.737633]]]}},{"type":"Feature","properties":{"k":"rural"},"geometry":{"type":"Polygon","coordinates":[[[98.933443,18.760578],[98.934943,18.760578],[98.935133,18.760921],[98.935146,18.761096],[98.934299,18.76149],[98.933851,18.760964],[98.933443,18.760578]]]}},{"type":"Feature","properties":{"k":"rural"},"geometry":{"type":"Polygon","coordinates":[[[98.935007,18.760403],[98.934604,18.759462],[98.934849,18.759358],[98.935224,18.75911],[98.935597,18.759283],[98.935734,18.75942],[98.935747,18.759506],[98.935651,18.759986],[98.935007,18.760403]]]}},{"type":"Feature","properties":{"k":"rural"},"geometry":{"type":"Polygon","coordinates":[[[98.924694,18.767562],[98.923943,18.766957],[98.924029,18.766845],[98.924275,18.766717],[98.924409,18.766717],[98.924919,18.767114],[98.924817,18.767531],[98.924786,18.767566],[98.924694,18.767562]]]}},{"type":"Feature","properties":{"k":"rural"},"geometry":{"type":"Polygon","coordinates":[[[98.934202,18.768459],[98.934161,18.76857],[98.933921,18.768525],[98.933976,18.768342],[98.933869,18.768301],[98.93402,18.76824],[98.934079,18.767974],[98.933962,18.767569],[98.933904,18.767463],[98.935337,18.767491],[98.934865,18.768017],[98.934645,18.768449],[98.934285,18.768408],[98.934202,18.768459]]]}},{"type":"Feature","properties":{"k":"rural"},"geometry":{"type":"Polygon","coordinates":[[[98.935337,18.769012],[98.934747,18.768565],[98.934916,18.768108],[98.935463,18.767489],[98.936439,18.767514],[98.936557,18.769276],[98.938338,18.769256],[98.938445,18.769713],[98.938539,18.769916],[98.938754,18.770117],[98.939089,18.7703],[98.939242,18.770422],[98.939462,18.770691],[98.939387,18.77079],[98.938765,18.770582],[98.938421,18.770523],[98.936654,18.770054],[98.934366,18.769536],[98.934251,18.769482],[98.934232,18.769411],[98.93428,18.769312],[98.934395,18.769157],[98.934449,18.769147],[98.934468,18.769208],[98.934344,18.769355],[98.934371,18.769442],[98.935259,18.769668],[98.935465,18.769314],[98.935235,18.76917],[98.935337,18.769012]]]}},{"type":"Feature","properties":{"k":"rural"},"geometry":{"type":"Polygon","coordinates":[[[98.935934,18.760219],[98.936109,18.760064],[98.936245,18.759862],[98.93644,18.759743],[98.936324,18.759673],[98.936258,18.759586],[98.936072,18.759247],[98.935855,18.759174],[98.935703,18.759087],[98.935694,18.75916],[98.935521,18.759244],[98.935224,18.75911],[98.934987,18.758703],[98.935077,18.75867],[98.935173,18.758863],[98.935252,18.758888],[98.935413,18.758804],[98.936147,18.75918],[98.936281,18.759517],[98.936474,18.759674],[98.936647,18.75974],[98.936866,18.759759],[98.936996,18.759738],[98.937169,18.75967],[98.937434,18.759503],[98.93741,18.759839],[98.937287,18.760044],[98.937143,18.760157],[98.93605,18.760657],[98.935986,18.760532],[98.935814,18.760614],[98.935873,18.760739],[98.935298,18.760999],[98.935007,18.760403],[98.935651,18.759986],[98.935683,18.760073],[98.935211,18.760367],[98.935238,18.760454],[98.935396,18.760433],[98.935495,18.760317],[98.93564,18.760365],[98.935934,18.760219]]]}},{"type":"Feature","properties":{"k":"park","n":"สวนสาธารณะป้อมหายยา"},"geometry":{"type":"Polygon","coordinates":[[[98.976906,18.776697],[98.976738,18.775685],[98.976998,18.775637],[98.977053,18.775835],[98.977048,18.775976],[98.977134,18.77627],[98.977123,18.776664],[98.976906,18.776697]]]}},{"type":"Feature","properties":{"k":"rural"},"geometry":{"type":"Polygon","coordinates":[[[98.971048,18.840561],[98.971077,18.84049],[98.971456,18.840627],[98.971428,18.840698],[98.971048,18.840561]]]}},{"type":"Feature","properties":{"k":"rural"},"geometry":{"type":"Polygon","coordinates":[[[99.014829,18.832534],[99.014627,18.8329],[99.014562,18.833428],[99.014615,18.83384],[99.0163,18.833814],[99.016494,18.83443],[99.016831,18.83441],[99.016912,18.835134],[99.01704,18.835313],[99.016826,18.835611],[99.016689,18.835729],[99.016383,18.836701],[99.016234,18.837438],[99.015949,18.837395],[99.015909,18.837654],[99.016211,18.837745],[99.016273,18.837896],[99.015379,18.837811],[99.015347,18.837937],[99.014358,18.837835],[99.014501,18.836636],[99.013934,18.836671],[99.013076,18.836447],[99.012761,18.83229],[99.014961,18.832206],[99.014829,18.832534]]]}},{"type":"Feature","properties":{"k":"rural"},"geometry":{"type":"Polygon","coordinates":[[[98.981774,18.843243],[98.98216,18.84298],[98.982353,18.843086],[98.982379,18.84328],[98.983748,18.843832],[98.984616,18.844305],[98.984225,18.84494],[98.984043,18.844847],[98.982514,18.843711],[98.982332,18.843827],[98.981774,18.843243]]]}},{"type":"Feature","properties":{"k":"rural"},"geometry":{"type":"Polygon","coordinates":[[[98.991762,18.829865],[98.992251,18.828728],[98.993844,18.82887],[98.993795,18.829612],[98.993521,18.830404],[98.991762,18.829865]]]}},{"type":"Feature","properties":{"k":"rural"},"geometry":{"type":"Polygon","coordinates":[[[98.982761,18.842619],[98.983589,18.842351],[98.983626,18.842504],[98.983595,18.843149],[98.982975,18.842804],[98.982761,18.842619]]]}},{"type":"Feature","properties":{"k":"forest"},"geometry":{"type":"Polygon","coordinates":[[[98.973336,18.839872],[98.972276,18.839542],[98.972348,18.839396],[98.972348,18.83901],[98.972627,18.838198],[98.972719,18.838146],[98.974103,18.838653],[98.973728,18.839567],[98.973336,18.839872]]]}},{"type":"Feature","properties":{"k":"forest"},"geometry":{"type":"Polygon","coordinates":[[[98.938829,18.765645],[98.937904,18.765632],[98.938,18.763773],[98.938676,18.763786],[98.938915,18.763819],[98.93906,18.763923],[98.939097,18.764088],[98.93892,18.76423],[98.938593,18.764063],[98.93847,18.764372],[98.938593,18.764482],[98.938542,18.764776],[98.939154,18.7652],[98.938829,18.765645]]]}},{"type":"Feature","properties":{"k":"forest"},"geometry":{"type":"Polygon","coordinates":[[[98.935468,18.767318],[98.934194,18.767298],[98.934232,18.766651],[98.934621,18.766851],[98.935136,18.766912],[98.935503,18.767031],[98.935468,18.767318]]]}},{"type":"Feature","properties":{"k":"forest"},"geometry":{"type":"Polygon","coordinates":[[[98.935822,18.766285],[98.935077,18.766023],[98.935248,18.765551],[98.936013,18.765812],[98.935822,18.766285]]]}},{"type":"Feature","properties":{"k":"pitch"},"geometry":{"type":"Polygon","coordinates":[[[99.005729,18.797173],[99.005854,18.79688],[99.006265,18.797036],[99.00614,18.79733],[99.005729,18.797173]]]}},{"type":"Feature","properties":{"k":"pitch"},"geometry":{"type":"Polygon","coordinates":[[[99.005734,18.798245],[99.005779,18.798102],[99.006104,18.798194],[99.006059,18.798337],[99.005734,18.798245]]]}},{"type":"Feature","properties":{"k":"pitch"},"geometry":{"type":"Polygon","coordinates":[[[99.004607,18.79686],[99.004601,18.796692],[99.004909,18.796682],[99.004915,18.796851],[99.004607,18.79686]]]}},{"type":"Feature","properties":{"k":"pitch"},"geometry":{"type":"Polygon","coordinates":[[[99.004554,18.796664],[99.004555,18.79639],[99.004755,18.796391],[99.004754,18.796665],[99.004554,18.796664]]]}},{"type":"Feature","properties":{"k":"pitch"},"geometry":{"type":"Polygon","coordinates":[[[99.004791,18.79655],[99.004804,18.796324],[99.004961,18.796332],[99.004948,18.796558],[99.004791,18.79655]]]}},{"type":"Feature","properties":{"k":"pitch"},"geometry":{"type":"Polygon","coordinates":[[[99.006178,18.797278],[99.006259,18.797076],[99.00642,18.797135],[99.006339,18.797336],[99.006178,18.797278]]]}},{"type":"Feature","properties":{"k":"park"},"geometry":{"type":"Polygon","coordinates":[[[98.950616,18.803025],[98.950608,18.802439],[98.950676,18.802201],[98.950896,18.802007],[98.951187,18.801925],[98.951368,18.802431],[98.951257,18.802676],[98.950743,18.802981],[98.950616,18.803025]]]}},{"type":"Feature","properties":{"k":"park"},"geometry":{"type":"Polygon","coordinates":[[[98.954034,18.807278],[98.953574,18.806455],[98.953587,18.806403],[98.953641,18.806395],[98.95367,18.806425],[98.954108,18.807229],[98.9541,18.807258],[98.954034,18.807278]]]}},{"type":"Feature","properties":{"k":"park"},"geometry":{"type":"Polygon","coordinates":[[[98.953536,18.80636],[98.953346,18.806033],[98.953363,18.805978],[98.953432,18.805979],[98.953617,18.806313],[98.953536,18.80636]]]}},{"type":"Feature","properties":{"k":"rural"},"geometry":{"type":"Polygon","coordinates":[[[98.933124,18.761203],[98.933322,18.76183],[98.933376,18.761912],[98.933502,18.761889],[98.93355,18.76181],[98.933583,18.761713],[98.933596,18.761459],[98.933666,18.761434],[98.934232,18.761592],[98.934143,18.761726],[98.933837,18.762018],[98.933679,18.762125],[98.933556,18.762186],[98.933419,18.762199],[98.933317,18.762166],[98.933076,18.762026],[98.932486,18.761576],[98.932703,18.761381],[98.932636,18.760977],[98.932644,18.760893],[98.932746,18.760771],[98.932432,18.760748],[98.932424,18.7607],[98.933011,18.760667],[98.933124,18.761203]]]}},{"type":"Feature","properties":{"k":"forest"},"geometry":{"type":"Polygon","coordinates":[[[98.931775,18.763382],[98.931654,18.763321],[98.931496,18.763334],[98.931799,18.762849],[98.932177,18.762397],[98.932333,18.762519],[98.932003,18.762836],[98.932094,18.762915],[98.931775,18.763382]]]}},{"type":"Feature","properties":{"k":"rural"},"geometry":{"type":"Polygon","coordinates":[[[98.932392,18.763481],[98.932011,18.763534],[98.931751,18.763527],[98.931938,18.763159],[98.932094,18.762968],[98.932303,18.762833],[98.932539,18.762785],[98.932751,18.762788],[98.932899,18.762851],[98.933025,18.762955],[98.933137,18.763164],[98.933027,18.763237],[98.932909,18.763159],[98.93273,18.763128],[98.932601,18.763153],[98.932507,18.763245],[98.932392,18.763481]]]}},{"type":"Feature","properties":{"k":"pitch"},"geometry":{"type":"Polygon","coordinates":[[[98.97048,18.793157],[98.970447,18.792911],[98.970645,18.792887],[98.970678,18.793133],[98.97048,18.793157]]]}},{"type":"Feature","properties":{"k":"rural"},"geometry":{"type":"Polygon","coordinates":[[[98.935369,18.761105],[98.935339,18.761046],[98.937048,18.760289],[98.937037,18.76036],[98.935369,18.761105]]]}},{"type":"Feature","properties":{"k":"rural"},"geometry":{"type":"Polygon","coordinates":[[[98.937174,18.760223],[98.937338,18.760088],[98.937493,18.759859],[98.937603,18.759433],[98.938421,18.759059],[98.93888,18.758879],[98.939419,18.758737],[98.939921,18.758521],[98.939948,18.758597],[98.938631,18.759164],[98.937955,18.759486],[98.937772,18.759636],[98.937515,18.760091],[98.937153,18.760291],[98.937142,18.760253],[98.937174,18.760223]]]}},{"type":"Feature","properties":{"k":"rural"},"geometry":{"type":"Polygon","coordinates":[[[98.930141,18.767687],[98.929326,18.767445],[98.929178,18.767364],[98.929718,18.766752],[98.929801,18.766724],[98.930227,18.767339],[98.930396,18.767458],[98.930141,18.767687]]]}},{"type":"Feature","properties":{"k":"rural"},"geometry":{"type":"Polygon","coordinates":[[[98.929342,18.768289],[98.929347,18.768154],[98.929251,18.768096],[98.929149,18.768131],[98.929082,18.768235],[98.928967,18.768235],[98.928873,18.768187],[98.928873,18.768073],[98.929063,18.767654],[98.929613,18.767773],[98.92979,18.768027],[98.929712,18.768149],[98.929624,18.768207],[98.929342,18.768289]]]}},{"type":"Feature","properties":{"k":"rural"},"geometry":{"type":"Polygon","coordinates":[[[98.92906,18.768817],[98.928712,18.768791],[98.928572,18.768741],[98.928733,18.768332],[98.928886,18.768322],[98.929007,18.768362],[98.92909,18.768438],[98.929146,18.768642],[98.92906,18.768817]]]}},{"type":"Feature","properties":{"k":"rural"},"geometry":{"type":"Polygon","coordinates":[[[98.937601,18.757522],[98.937247,18.756776],[98.937375,18.75672],[98.937488,18.756924],[98.938877,18.7563],[98.939202,18.756945],[98.937601,18.757522]]]}},{"type":"Feature","properties":{"k":"pitch"},"geometry":{"type":"Polygon","coordinates":[[[98.94243,18.75947],[98.942503,18.759713],[98.942076,18.759832],[98.942001,18.759589],[98.94243,18.75947]]]}},{"type":"Feature","properties":{"k":"rural"},"geometry":{"type":"Polygon","coordinates":[[[98.9621,18.812918],[98.96214,18.812423],[98.96247,18.812414],[98.962529,18.812213],[98.962508,18.811816],[98.96302,18.811712],[98.963157,18.812578],[98.963122,18.813025],[98.963036,18.813358],[98.9621,18.812918]]]}},{"type":"Feature","properties":{"k":"park","n":"Faculty of Pharmacy Lawn"},"geometry":{"type":"Polygon","coordinates":[[[98.96587,18.790416],[98.965842,18.790192],[98.966276,18.790144],[98.966304,18.790368],[98.96587,18.790416]]]}},{"type":"Feature","properties":{"k":"rural"},"geometry":{"type":"Polygon","coordinates":[[[98.934457,18.765317],[98.933875,18.765122],[98.933898,18.765043],[98.934646,18.765278],[98.934508,18.76565],[98.934371,18.765602],[98.934457,18.765317]]]}},{"type":"Feature","properties":{"k":"park","n":"Park Punna"},"geometry":{"type":"Polygon","coordinates":[[[98.958483,18.806322],[98.958511,18.806167],[98.958574,18.806132],[98.958751,18.806114],[98.95881,18.80615],[98.958483,18.806322]]]}},{"type":"Feature","properties":{"k":"park"},"geometry":{"type":"Polygon","coordinates":[[[98.968073,18.767387],[98.968062,18.76614],[98.968221,18.766135],[98.968218,18.76623],[98.968189,18.766262],[98.968178,18.766778],[98.968203,18.766786],[98.968202,18.766835],[98.968135,18.766838],[98.96813,18.767081],[98.968199,18.767073],[98.968198,18.767414],[98.968073,18.767387]]]}},{"type":"Feature","properties":{"k":"park"},"geometry":{"type":"Polygon","coordinates":[[[99.016806,18.806796],[99.017101,18.806406],[99.01721,18.80635],[99.017229,18.80637],[99.017206,18.806579],[99.017148,18.806575],[99.01701,18.806713],[99.017095,18.806768],[99.016806,18.806796]]]}},{"type":"Feature","properties":{"k":"park"},"geometry":{"type":"Polygon","coordinates":[[[99.017875,18.805985],[99.017861,18.805941],[99.017918,18.805847],[99.017985,18.805799],[99.018107,18.805625],[99.018201,18.805601],[99.018283,18.805646],[99.018306,18.805719],[99.018279,18.805743],[99.018119,18.805759],[99.018019,18.805885],[99.017875,18.805985]]]}},{"type":"Feature","properties":{"k":"park"},"geometry":{"type":"Polygon","coordinates":[[[99.017454,18.806172],[99.017472,18.806053],[99.017529,18.805982],[99.017638,18.805967],[99.017714,18.806018],[99.017786,18.806023],[99.01758,18.806077],[99.017454,18.806172]]]}},{"type":"Feature","properties":{"k":"park"},"geometry":{"type":"Polygon","coordinates":[[[99.017487,18.805906],[99.018091,18.804935],[99.018137,18.804952],[99.018202,18.805012],[99.018138,18.805083],[99.018092,18.804978],[99.0181,18.805088],[99.017972,18.805296],[99.017958,18.805408],[99.017914,18.805484],[99.01785,18.805524],[99.017801,18.805628],[99.017597,18.805877],[99.017513,18.805927],[99.017487,18.805906]]]}},{"type":"Feature","properties":{"k":"pitch"},"geometry":{"type":"Polygon","coordinates":[[[99.006922,18.797553],[99.006996,18.797295],[99.007176,18.797341],[99.007102,18.797599],[99.006922,18.797553]]]}},{"type":"Feature","properties":{"k":"pitch"},"geometry":{"type":"Polygon","coordinates":[[[99.004593,18.796242],[99.004753,18.796243],[99.004752,18.796333],[99.004592,18.796332],[99.004593,18.796242]]]}},{"type":"Feature","properties":{"k":"park"},"geometry":{"type":"Polygon","coordinates":[[[99.003592,18.795762],[99.003688,18.795612],[99.003712,18.795788],[99.003592,18.795762]]]}},{"type":"Feature","properties":{"k":"rural"},"geometry":{"type":"Polygon","coordinates":[[[99.003859,18.795764],[99.003968,18.795503],[99.003868,18.795815],[99.003859,18.795764]]]}},{"type":"Feature","properties":{"k":"pitch"},"geometry":{"type":"Polygon","coordinates":[[[99.003564,18.795363],[99.003432,18.795314],[99.003441,18.795137],[99.003628,18.795211],[99.003564,18.795363]]]}},{"type":"Feature","properties":{"k":"park"},"geometry":{"type":"Polygon","coordinates":[[[99.008005,18.797882],[99.00798,18.797871],[99.007984,18.797749],[99.008039,18.797532],[99.008026,18.797503],[99.007935,18.79748],[99.007923,18.797513],[99.007889,18.797497],[99.007893,18.797423],[99.00774,18.797346],[99.00777,18.797293],[99.008014,18.797407],[99.008095,18.79749],[99.00808,18.797651],[99.008005,18.797882]]]}},{"type":"Feature","properties":{"k":"park"},"geometry":{"type":"Polygon","coordinates":[[[99.004401,18.795926],[99.00451,18.795741],[99.004392,18.795677],[99.004469,18.795529],[99.004699,18.795621],[99.004628,18.795777],[99.004992,18.795956],[99.005101,18.795836],[99.0052,18.795912],[99.004995,18.796236],[99.004401,18.795926]]]}},{"type":"Feature","properties":{"k":"park"},"geometry":{"type":"Polygon","coordinates":[[[99.005463,18.796218],[99.00543,18.7962],[99.005454,18.79616],[99.005352,18.796106],[99.005328,18.796146],[99.005301,18.796131],[99.005256,18.796208],[99.005284,18.796224],[99.005215,18.796339],[99.005084,18.796273],[99.005296,18.795931],[99.006623,18.796645],[99.006516,18.796804],[99.006391,18.79678],[99.006234,18.796843],[99.005858,18.796622],[99.005954,18.79647],[99.005926,18.796454],[99.005943,18.796426],[99.005832,18.796363],[99.005689,18.796588],[99.005669,18.796577],[99.005838,18.796301],[99.005512,18.796136],[99.005463,18.796218]]]}},{"type":"Feature","properties":{"k":"park"},"geometry":{"type":"Polygon","coordinates":[[[99.005209,18.796688],[99.00509,18.796895],[99.005033,18.796883],[99.005044,18.796616],[99.005209,18.796688]]]}},{"type":"Feature","properties":{"k":"park"},"geometry":{"type":"Polygon","coordinates":[[[99.005059,18.796379],[99.005309,18.796513],[99.005242,18.796631],[99.005047,18.796554],[99.005059,18.796379]]]}},{"type":"Feature","properties":{"k":"park"},"geometry":{"type":"Polygon","coordinates":[[[99.003682,18.795443],[99.003644,18.795577],[99.003555,18.795671],[99.003515,18.795786],[99.003465,18.795776],[99.003479,18.795665],[99.00353,18.795684],[99.003569,18.795593],[99.003623,18.795577],[99.003682,18.795443]]]}},{"type":"Feature","properties":{"k":"rural"},"geometry":{"type":"Polygon","coordinates":[[[99.003435,18.795345],[99.003432,18.795314],[99.003564,18.795363],[99.003628,18.795211],[99.003441,18.795137],[99.003442,18.795112],[99.00377,18.795247],[99.003697,18.795447],[99.003435,18.795345]]]}},{"type":"Feature","properties":{"k":"park"},"geometry":{"type":"Polygon","coordinates":[[[99.005608,18.797406],[99.005634,18.797355],[99.005778,18.797424],[99.005742,18.79748],[99.005608,18.797406]]]}},{"type":"Feature","properties":{"k":"pitch"},"geometry":{"type":"Polygon","coordinates":[[[99.005643,18.797357],[99.005677,18.797296],[99.005795,18.797355],[99.005762,18.797416],[99.005643,18.797357]]]}},{"type":"Feature","properties":{"k":"park"},"geometry":{"type":"Polygon","coordinates":[[[99.005446,18.797354],[99.00537,18.79731],[99.005406,18.797254],[99.005585,18.797356],[99.005568,18.797384],[99.005467,18.797329],[99.005446,18.797354]]]}},{"type":"Feature","properties":{"k":"park"},"geometry":{"type":"Polygon","coordinates":[[[99.004715,18.796988],[99.004713,18.796879],[99.004579,18.796882],[99.004567,18.796984],[99.004565,18.796873],[99.00473,18.796883],[99.004715,18.796988]]]}},{"type":"Feature","properties":{"k":"park"},"geometry":{"type":"Polygon","coordinates":[[[99.005179,18.797159],[99.005045,18.797091],[99.005071,18.797051],[99.005337,18.797191],[99.005314,18.797229],[99.005179,18.797159]]]}},{"type":"Feature","properties":{"k":"park"},"geometry":{"type":"Polygon","coordinates":[[[99.007731,18.79758],[99.007787,18.797575],[99.007834,18.797614],[99.007804,18.797692],[99.007723,18.797709],[99.007676,18.79767],[99.007685,18.797611],[99.007731,18.79758]]]}},{"type":"Feature","properties":{"k":"park"},"geometry":{"type":"Polygon","coordinates":[[[99.00671,18.79763],[99.006682,18.797722],[99.006454,18.797659],[99.006472,18.797601],[99.005898,18.797441],[99.005908,18.797408],[99.00671,18.79763]]]}},{"type":"Feature","properties":{"k":"park"},"geometry":{"type":"Polygon","coordinates":[[[99.007557,18.797594],[99.007621,18.797572],[99.007566,18.797646],[99.007619,18.797737],[99.007397,18.797661],[99.007331,18.797664],[99.00727,18.797617],[99.007311,18.797474],[99.007392,18.7974],[99.007496,18.797407],[99.007557,18.797594]]]}},{"type":"Feature","properties":{"k":"park"},"geometry":{"type":"Polygon","coordinates":[[[98.968721,18.771872],[98.968552,18.771874],[98.968526,18.771749],[98.968716,18.771759],[98.968721,18.771872]]]}},{"type":"Feature","properties":{"k":"park"},"geometry":{"type":"Polygon","coordinates":[[[98.968779,18.771864],[98.968784,18.771765],[98.968973,18.771755],[98.968893,18.771864],[98.968779,18.771864]]]}},{"type":"Feature","properties":{"k":"park"},"geometry":{"type":"Polygon","coordinates":[[[98.955131,18.796495],[98.955093,18.796444],[98.9554,18.796436],[98.955397,18.79655],[98.955358,18.79655],[98.955355,18.796497],[98.955131,18.796495]]]}},{"type":"Feature","properties":{"k":"park"},"geometry":{"type":"Polygon","coordinates":[[[98.954964,18.796445],[98.954936,18.796502],[98.954906,18.796476],[98.954845,18.79654],[98.954824,18.796529],[98.954855,18.796438],[98.954964,18.796445]]]}},{"type":"Feature","properties":{"k":"pitch"},"geometry":{"type":"Polygon","coordinates":[[[98.954908,18.79701],[98.954908,18.796892],[98.954967,18.796831],[98.954967,18.797058],[98.954908,18.79701]]]}},{"type":"Feature","properties":{"k":"pitch"},"geometry":{"type":"Polygon","coordinates":[[[98.955353,18.797011],[98.955346,18.796551],[98.955397,18.79655],[98.955404,18.797011],[98.955353,18.797011]]]}},{"type":"Feature","properties":{"k":"park"},"geometry":{"type":"Polygon","coordinates":[[[98.954093,18.795124],[98.954118,18.794848],[98.954166,18.794852],[98.954142,18.795128],[98.954093,18.795124]]]}},{"type":"Feature","properties":{"k":"park"},"geometry":{"type":"Polygon","coordinates":[[[98.953768,18.795483],[98.953762,18.795434],[98.953799,18.795431],[98.953805,18.795479],[98.953768,18.795483]]]}},{"type":"Feature","properties":{"k":"park"},"geometry":{"type":"Polygon","coordinates":[[[98.95386,18.795567],[98.953922,18.795476],[98.954025,18.795488],[98.954017,18.795577],[98.95386,18.795567]]]}},{"type":"Feature","properties":{"k":"park"},"geometry":{"type":"Polygon","coordinates":[[[98.95369,18.795555],[98.953587,18.795548],[98.953595,18.795446],[98.953639,18.795445],[98.953694,18.795507],[98.95369,18.795555]]]}},{"type":"Feature","properties":{"k":"park"},"geometry":{"type":"Polygon","coordinates":[[[98.954684,18.796141],[98.954677,18.796178],[98.954139,18.796254],[98.954161,18.796081],[98.954213,18.796086],[98.954207,18.79615],[98.954411,18.79617],[98.954418,18.796106],[98.954684,18.796141]]]}},{"type":"Feature","properties":{"k":"park"},"geometry":{"type":"Polygon","coordinates":[[[98.954547,18.796067],[98.954575,18.795986],[98.954703,18.796004],[98.954693,18.796079],[98.954547,18.796067]]]}},{"type":"Feature","properties":{"k":"park"},"geometry":{"type":"Polygon","coordinates":[[[98.954465,18.796056],[98.954168,18.79602],[98.954181,18.795931],[98.954441,18.795964],[98.954438,18.795986],[98.954475,18.795991],[98.954465,18.796056]]]}},{"type":"Feature","properties":{"k":"forest"},"geometry":{"type":"Polygon","coordinates":[[[98.954195,18.79319],[98.954153,18.793439],[98.954103,18.793432],[98.954087,18.793536],[98.953812,18.793528],[98.953809,18.793479],[98.953705,18.79349],[98.953643,18.793449],[98.953611,18.793891],[98.953404,18.793848],[98.953448,18.793523],[98.953565,18.79336],[98.954195,18.79319]]]}},{"type":"Feature","properties":{"k":"pitch"},"geometry":{"type":"Polygon","coordinates":[[[98.954673,18.793383],[98.954643,18.793093],[98.955223,18.792964],[98.955231,18.793393],[98.954673,18.793383]]]}},{"type":"Feature","properties":{"k":"pitch"},"geometry":{"type":"Polygon","coordinates":[[[98.955252,18.793312],[98.955247,18.79313],[98.955284,18.793129],[98.95529,18.793311],[98.955252,18.793312]]]}},{"type":"Feature","properties":{"k":"park"},"geometry":{"type":"Polygon","coordinates":[[[98.956233,18.793346],[98.956272,18.79312],[98.95661,18.793172],[98.956571,18.793398],[98.956233,18.793346]]]}},{"type":"Feature","properties":{"k":"park"},"geometry":{"type":"Polygon","coordinates":[[[98.954651,18.794613],[98.954678,18.794689],[98.954647,18.794694],[98.954618,18.794793],[98.954701,18.794958],[98.954346,18.794913],[98.954389,18.794594],[98.954651,18.794613]]]}},{"type":"Feature","properties":{"k":"park"},"geometry":{"type":"Polygon","coordinates":[[[98.954418,18.794371],[98.954449,18.794048],[98.954741,18.794083],[98.954682,18.794302],[98.954702,18.794369],[98.954739,18.794374],[98.95469,18.79444],[98.954533,18.794406],[98.954539,18.794381],[98.954418,18.794371]]]}},{"type":"Feature","properties":{"k":"pitch"},"geometry":{"type":"Polygon","coordinates":[[[98.955504,18.795123],[98.95546,18.795354],[98.955071,18.795289],[98.955114,18.795058],[98.955504,18.795123]]]}},{"type":"Feature","properties":{"k":"park"},"geometry":{"type":"Polygon","coordinates":[[[98.955969,18.79634],[98.957206,18.796276],[98.957225,18.796531],[98.957147,18.796534],[98.957134,18.796416],[98.956966,18.796421],[98.956963,18.796512],[98.956919,18.796511],[98.956767,18.796415],[98.956615,18.796377],[98.956458,18.796386],[98.956311,18.79644],[98.95619,18.796536],[98.955973,18.796534],[98.955969,18.79634]]]}},{"type":"Feature","properties":{"k":"park"},"geometry":{"type":"Polygon","coordinates":[[[98.955561,18.796114],[98.955524,18.795682],[98.956465,18.7958],[98.956454,18.795831],[98.957146,18.79573],[98.95715,18.795886],[98.955561,18.796114]]]}},{"type":"Feature","properties":{"k":"forest"},"geometry":{"type":"Polygon","coordinates":[[[98.958938,18.792966],[98.958935,18.79221],[98.960086,18.792169],[98.960086,18.792344],[98.960171,18.792339],[98.960171,18.792944],[98.958938,18.792966]]]}},{"type":"Feature","properties":{"k":"forest"},"geometry":{"type":"Polygon","coordinates":[[[98.958862,18.792144],[98.958838,18.791776],[98.959976,18.791377],[98.959965,18.792019],[98.959874,18.792113],[98.958862,18.792144]]]}},{"type":"Feature","properties":{"k":"park"},"geometry":{"type":"Polygon","coordinates":[[[98.956179,18.793106],[98.9561,18.793091],[98.956127,18.792939],[98.956213,18.792909],[98.956179,18.793106]]]}},{"type":"Feature","properties":{"k":"park"},"geometry":{"type":"Polygon","coordinates":[[[98.955616,18.792991],[98.95559,18.792787],[98.955971,18.79268],[98.955964,18.792945],[98.955616,18.792991]]]}},{"type":"Feature","properties":{"k":"park"},"geometry":{"type":"Polygon","coordinates":[[[98.956086,18.793443],[98.956037,18.793432],[98.95607,18.79329],[98.956119,18.7933],[98.956086,18.793443]]]}},{"type":"Feature","properties":{"k":"park"},"geometry":{"type":"Polygon","coordinates":[[[98.95612,18.79352],[98.956156,18.793302],[98.956203,18.793311],[98.956171,18.793496],[98.956524,18.793552],[98.956592,18.793578],[98.956583,18.793633],[98.956471,18.793618],[98.956479,18.793573],[98.95612,18.79352]]]}},{"type":"Feature","properties":{"k":"park"},"geometry":{"type":"Polygon","coordinates":[[[98.954466,18.794015],[98.954488,18.793811],[98.954909,18.793876],[98.954898,18.793945],[98.955231,18.793991],[98.955221,18.794107],[98.954466,18.794015]]]}},{"type":"Feature","properties":{"k":"park"},"geometry":{"type":"Polygon","coordinates":[[[98.955994,18.793771],[98.956017,18.793639],[98.956127,18.793657],[98.95612,18.793707],[98.956353,18.793743],[98.956308,18.793986],[98.956151,18.793953],[98.956172,18.793794],[98.955994,18.793771]]]}},{"type":"Feature","properties":{"k":"park"},"geometry":{"type":"Polygon","coordinates":[[[98.955405,18.793685],[98.95542,18.793597],[98.955714,18.793622],[98.955704,18.793669],[98.955751,18.793677],[98.955739,18.793735],[98.955405,18.793685]]]}},{"type":"Feature","properties":{"k":"pitch"},"geometry":{"type":"Polygon","coordinates":[[[98.94963,18.796294],[98.949653,18.796212],[98.949746,18.796235],[98.949719,18.79634],[98.949609,18.796335],[98.94963,18.796294]]]}},{"type":"Feature","properties":{"k":"park"},"geometry":{"type":"Polygon","coordinates":[[[98.95298,18.795142],[98.952911,18.795142],[98.952912,18.79508],[98.953065,18.79508],[98.953064,18.795017],[98.953145,18.795012],[98.953149,18.795315],[98.95305,18.795309],[98.95305,18.795277],[98.95298,18.795272],[98.95298,18.795142]]]}},{"type":"Feature","properties":{"k":"park"},"geometry":{"type":"Polygon","coordinates":[[[98.959735,18.79402],[98.959733,18.793896],[98.959867,18.793894],[98.959869,18.794018],[98.959735,18.79402]]]}},{"type":"Feature","properties":{"k":"rural"},"geometry":{"type":"Polygon","coordinates":[[[98.959429,18.794752],[98.959427,18.794641],[98.959781,18.794634],[98.959783,18.794745],[98.959429,18.794752]]]}},{"type":"Feature","properties":{"k":"rural"},"geometry":{"type":"Polygon","coordinates":[[[98.959434,18.794946],[98.959431,18.794792],[98.959784,18.794785],[98.959787,18.794939],[98.959434,18.794946]]]}},{"type":"Feature","properties":{"k":"rural"},"geometry":{"type":"Polygon","coordinates":[[[98.959439,18.795139],[98.959435,18.794983],[98.959788,18.794975],[98.959791,18.795132],[98.959439,18.795139]]]}},{"type":"Feature","properties":{"k":"rural"},"geometry":{"type":"Polygon","coordinates":[[[98.959841,18.794748],[98.959839,18.794634],[98.9601,18.79463],[98.960102,18.794744],[98.959841,18.794748]]]}},{"type":"Feature","properties":{"k":"rural"},"geometry":{"type":"Polygon","coordinates":[[[98.959845,18.795133],[98.959841,18.794777],[98.960098,18.794775],[98.960101,18.795131],[98.959845,18.795133]]]}},{"type":"Feature","properties":{"k":"rural"},"geometry":{"type":"Polygon","coordinates":[[[98.95903,18.794755],[98.959027,18.794647],[98.959371,18.79464],[98.959373,18.794748],[98.95903,18.794755]]]}},{"type":"Feature","properties":{"k":"rural"},"geometry":{"type":"Polygon","coordinates":[[[98.959033,18.794956],[98.959028,18.794798],[98.959375,18.794788],[98.95938,18.794946],[98.959033,18.794956]]]}},{"type":"Feature","properties":{"k":"rural"},"geometry":{"type":"Polygon","coordinates":[[[98.959035,18.795144],[98.95903,18.794994],[98.959381,18.794984],[98.959386,18.795135],[98.959035,18.795144]]]}},{"type":"Feature","properties":{"k":"rural"},"geometry":{"type":"Polygon","coordinates":[[[98.959039,18.795347],[98.959035,18.7952],[98.959387,18.795191],[98.959391,18.795337],[98.959039,18.795347]]]}},{"type":"Feature","properties":{"k":"rural"},"geometry":{"type":"Polygon","coordinates":[[[98.959038,18.795536],[98.959035,18.795401],[98.959393,18.795394],[98.959396,18.795529],[98.959038,18.795536]]]}},{"type":"Feature","properties":{"k":"rural"},"geometry":{"type":"Polygon","coordinates":[[[98.959443,18.79534],[98.959439,18.795187],[98.959792,18.79518],[98.959795,18.795333],[98.959443,18.79534]]]}},{"type":"Feature","properties":{"k":"rural"},"geometry":{"type":"Polygon","coordinates":[[[98.959447,18.795528],[98.959445,18.795377],[98.959796,18.795372],[98.959799,18.795523],[98.959447,18.795528]]]}},{"type":"Feature","properties":{"k":"rural"},"geometry":{"type":"Polygon","coordinates":[[[98.959847,18.795519],[98.959847,18.795183],[98.960097,18.795183],[98.960097,18.795519],[98.959847,18.795519]]]}},{"type":"Feature","properties":{"k":"rural"},"geometry":{"type":"Polygon","coordinates":[[[98.959451,18.795669],[98.959449,18.795573],[98.9598,18.795567],[98.959802,18.795662],[98.959451,18.795669]]]}},{"type":"Feature","properties":{"k":"rural"},"geometry":{"type":"Polygon","coordinates":[[[98.959041,18.795673],[98.959039,18.795585],[98.959401,18.795576],[98.959403,18.795665],[98.959041,18.795673]]]}},{"type":"Feature","properties":{"k":"rural"},"geometry":{"type":"Polygon","coordinates":[[[98.959854,18.795665],[98.959852,18.795564],[98.960099,18.795558],[98.960102,18.795659],[98.959854,18.795665]]]}},{"type":"Feature","properties":{"k":"park"},"geometry":{"type":"Polygon","coordinates":[[[98.976902,18.790629],[98.9769,18.790516],[98.977225,18.790513],[98.977226,18.790626],[98.976902,18.790629]]]}},{"type":"Feature","properties":{"k":"park"},"geometry":{"type":"Polygon","coordinates":[[[98.977272,18.789599],[98.977272,18.789348],[98.977421,18.789347],[98.977433,18.789597],[98.977272,18.789599]]]}},{"type":"Feature","properties":{"k":"park"},"geometry":{"type":"Polygon","coordinates":[[[98.976593,18.789267],[98.976541,18.789259],[98.976532,18.789167],[98.976464,18.789108],[98.97646,18.789015],[98.976578,18.789012],[98.976593,18.789267]]]}},{"type":"Feature","properties":{"k":"rural"},"geometry":{"type":"Polygon","coordinates":[[[98.976132,18.790035],[98.976027,18.790037],[98.976024,18.789806],[98.976202,18.789803],[98.976237,18.789864],[98.976132,18.790035]]]}},{"type":"Feature","properties":{"k":"park"},"geometry":{"type":"Polygon","coordinates":[[[98.977081,18.79069],[98.97708,18.790655],[98.977266,18.790658],[98.977267,18.790687],[98.977081,18.79069]]]}},{"type":"Feature","properties":{"k":"park"},"geometry":{"type":"Polygon","coordinates":[[[98.97685,18.790694],[98.976849,18.790655],[98.97704,18.790656],[98.977041,18.790691],[98.97685,18.790694]]]}},{"type":"Feature","properties":{"k":"forest"},"geometry":{"type":"Polygon","coordinates":[[[98.976723,18.791799],[98.976702,18.791067],[98.977128,18.791062],[98.977123,18.790834],[98.977547,18.790831],[98.977536,18.790742],[98.977751,18.790737],[98.977729,18.790498],[98.977852,18.790488],[98.977974,18.791858],[98.976723,18.791799]]]}},{"type":"Feature","properties":{"k":"park"},"geometry":{"type":"Polygon","coordinates":[[[98.975795,18.791692],[98.975799,18.791644],[98.975874,18.791649],[98.97587,18.791697],[98.975795,18.791692]]]}},{"type":"Feature","properties":{"k":"park"},"geometry":{"type":"Polygon","coordinates":[[[98.975696,18.791544],[98.975684,18.791704],[98.97554,18.791693],[98.9755,18.791593],[98.975465,18.791592],[98.975468,18.791538],[98.975696,18.791544]]]}},{"type":"Feature","properties":{"k":"park"},"geometry":{"type":"Polygon","coordinates":[[[98.975123,18.79168],[98.975129,18.791638],[98.975476,18.791621],[98.975473,18.791692],[98.975123,18.79168]]]}},{"type":"Feature","properties":{"k":"park"},"geometry":{"type":"Polygon","coordinates":[[[98.974773,18.791694],[98.974772,18.791665],[98.974859,18.791663],[98.974859,18.791643],[98.975076,18.791639],[98.975077,18.791688],[98.974773,18.791694]]]}},{"type":"Feature","properties":{"k":"pitch"},"geometry":{"type":"Polygon","coordinates":[[[98.975501,18.791196],[98.975499,18.790996],[98.975589,18.790995],[98.975592,18.791195],[98.975501,18.791196]]]}},{"type":"Feature","properties":{"k":"park"},"geometry":{"type":"Polygon","coordinates":[[[98.975565,18.790787],[98.975564,18.790717],[98.97591,18.79071],[98.975911,18.79078],[98.975565,18.790787]]]}},{"type":"Feature","properties":{"k":"park"},"geometry":{"type":"Polygon","coordinates":[[[98.975483,18.790681],[98.975497,18.790724],[98.975451,18.790737],[98.975437,18.790694],[98.975483,18.790681]]]}},{"type":"Feature","properties":{"k":"park"},"geometry":{"type":"Polygon","coordinates":[[[98.977091,18.790346],[98.977422,18.790342],[98.977423,18.790375],[98.977091,18.790379],[98.977091,18.790346]]]}},{"type":"Feature","properties":{"k":"park"},"geometry":{"type":"Polygon","coordinates":[[[98.976918,18.789672],[98.976912,18.789571],[98.977226,18.789566],[98.977228,18.789668],[98.976918,18.789672]]]}},{"type":"Feature","properties":{"k":"park"},"geometry":{"type":"Polygon","coordinates":[[[98.975477,18.790054],[98.975445,18.790032],[98.975428,18.789667],[98.975539,18.78966],[98.975549,18.790053],[98.975477,18.790054]]]}},{"type":"Feature","properties":{"k":"park"},"geometry":{"type":"Polygon","coordinates":[[[98.976086,18.789384],[98.976131,18.789383],[98.976129,18.789308],[98.976344,18.789302],[98.976349,18.789381],[98.976399,18.78944],[98.976479,18.789464],[98.976505,18.789633],[98.976322,18.789637],[98.97632,18.789568],[98.976194,18.789571],[98.976196,18.789641],[98.976116,18.789644],[98.976086,18.789384]]]}},{"type":"Feature","properties":{"k":"park"},"geometry":{"type":"Polygon","coordinates":[[[98.977089,18.79024],[98.977086,18.790021],[98.977324,18.790018],[98.977326,18.790127],[98.977486,18.790124],[98.977487,18.790196],[98.97744,18.790216],[98.977089,18.79024]]]}},{"type":"Feature","properties":{"k":"park"},"geometry":{"type":"Polygon","coordinates":[[[98.976872,18.79002],[98.976871,18.789964],[98.977036,18.789962],[98.977037,18.790021],[98.976872,18.79002]]]}},{"type":"Feature","properties":{"k":"park"},"geometry":{"type":"Polygon","coordinates":[[[98.976655,18.790023],[98.976654,18.789966],[98.976817,18.789963],[98.976818,18.790021],[98.976655,18.790023]]]}},{"type":"Feature","properties":{"k":"park"},"geometry":{"type":"Polygon","coordinates":[[[98.977389,18.789937],[98.977145,18.789941],[98.977144,18.789879],[98.977199,18.789879],[98.977198,18.789789],[98.977076,18.789774],[98.977544,18.789768],[98.977546,18.789876],[98.977411,18.789878],[98.977389,18.789937]]]}},{"type":"Feature","properties":{"k":"park"},"geometry":{"type":"Polygon","coordinates":[[[98.976724,18.789922],[98.976723,18.789867],[98.976782,18.789882],[98.976783,18.789921],[98.976724,18.789922]]]}},{"type":"Feature","properties":{"k":"park"},"geometry":{"type":"Polygon","coordinates":[[[98.976982,18.789918],[98.976951,18.789864],[98.977044,18.789863],[98.977045,18.789917],[98.976982,18.789918]]]}},{"type":"Feature","properties":{"k":"park"},"geometry":{"type":"Polygon","coordinates":[[[98.976747,18.789763],[98.976746,18.789711],[98.976819,18.78971],[98.97682,18.789762],[98.976747,18.789763]]]}},{"type":"Feature","properties":{"k":"park"},"geometry":{"type":"Polygon","coordinates":[[[98.976961,18.789798],[98.97696,18.78976],[98.976862,18.789761],[98.976862,18.789712],[98.977042,18.78971],[98.977043,18.789797],[98.976961,18.789798]]]}},{"type":"Feature","properties":{"k":"park"},"geometry":{"type":"Polygon","coordinates":[[[98.974546,18.789504],[98.974546,18.789578],[98.974642,18.789578],[98.974642,18.789504],[98.974666,18.789502],[98.974657,18.789594],[98.9745,18.789589],[98.974502,18.789545],[98.974546,18.789504]]]}},{"type":"Feature","properties":{"k":"park"},"geometry":{"type":"Polygon","coordinates":[[[98.957273,18.796385],[98.957273,18.796337],[98.957643,18.796341],[98.957647,18.796381],[98.957564,18.796443],[98.957531,18.796506],[98.957436,18.796502],[98.957438,18.796383],[98.957273,18.796385]]]}},{"type":"Feature","properties":{"k":"park"},"geometry":{"type":"Polygon","coordinates":[[[98.958571,18.796676],[98.958558,18.796082],[98.959235,18.796083],[98.959243,18.796667],[98.958571,18.796676]]]}},{"type":"Feature","properties":{"k":"park"},"geometry":{"type":"Polygon","coordinates":[[[98.955968,18.796285],[98.955966,18.796204],[98.956878,18.79612],[98.956921,18.796222],[98.955968,18.796285]]]}},{"type":"Feature","properties":{"k":"park"},"geometry":{"type":"Polygon","coordinates":[[[98.95551,18.796303],[98.955641,18.796283],[98.955671,18.797405],[98.955419,18.797385],[98.9554,18.796436],[98.955475,18.796427],[98.95551,18.796303]]]}},{"type":"Feature","properties":{"k":"pitch"},"geometry":{"type":"Polygon","coordinates":[[[98.972138,18.792364],[98.972135,18.792146],[98.972249,18.792145],[98.972252,18.792362],[98.972138,18.792364]]]}},{"type":"Feature","properties":{"k":"pitch"},"geometry":{"type":"Polygon","coordinates":[[[98.971943,18.792367],[98.97194,18.792149],[98.972054,18.792148],[98.972057,18.792366],[98.971943,18.792367]]]}},{"type":"Feature","properties":{"k":"park"},"geometry":{"type":"Polygon","coordinates":[[[98.971943,18.790881],[98.971918,18.79088],[98.971913,18.790666],[98.972375,18.790656],[98.972382,18.790874],[98.971943,18.790881]]]}},{"type":"Feature","properties":{"k":"park"},"geometry":{"type":"Polygon","coordinates":[[[98.971852,18.790906],[98.971048,18.790923],[98.971046,18.790881],[98.971105,18.790879],[98.9711,18.790789],[98.971053,18.79079],[98.971048,18.79068],[98.971848,18.790658],[98.971852,18.790906]]]}},{"type":"Feature","properties":{"k":"park"},"geometry":{"type":"Polygon","coordinates":[[[98.974345,18.791275],[98.974512,18.791268],[98.974513,18.791338],[98.974456,18.791356],[98.974432,18.791326],[98.974421,18.791368],[98.974347,18.791392],[98.974345,18.791275]]]}},{"type":"Feature","properties":{"k":"park"},"geometry":{"type":"Polygon","coordinates":[[[98.974348,18.791455],[98.974348,18.791428],[98.974422,18.791402],[98.974446,18.791434],[98.974457,18.79139],[98.974514,18.79137],[98.974515,18.791453],[98.974348,18.791455]]]}},{"type":"Feature","properties":{"k":"pitch"},"geometry":{"type":"Polygon","coordinates":[[[98.975613,18.791144],[98.975612,18.790993],[98.975677,18.790992],[98.975678,18.791144],[98.975613,18.791144]]]}},{"type":"Feature","properties":{"k":"park"},"geometry":{"type":"Polygon","coordinates":[[[98.95039,18.79766],[98.950387,18.797491],[98.950558,18.797459],[98.950542,18.7973],[98.950447,18.797307],[98.950399,18.79727],[98.950396,18.797031],[98.951044,18.796942],[98.951132,18.796964],[98.951169,18.797178],[98.951086,18.797225],[98.951042,18.797197],[98.95103,18.797137],[98.950927,18.797147],[98.950949,18.797363],[98.951115,18.797348],[98.951181,18.79737],[98.95123,18.797616],[98.95039,18.79766]]]}},{"type":"Feature","properties":{"k":"park"},"geometry":{"type":"Polygon","coordinates":[[[98.947817,18.79902],[98.948028,18.798311],[98.948045,18.797882],[98.948219,18.797842],[98.948217,18.797889],[98.948089,18.797953],[98.948109,18.798195],[98.948154,18.798215],[98.948262,18.798178],[98.948289,18.79815],[98.948263,18.797852],[98.948303,18.797804],[98.949185,18.797438],[98.949228,18.797446],[98.949325,18.797683],[98.949614,18.797631],[98.949696,18.79782],[98.949745,18.797845],[98.949775,18.797831],[98.949783,18.797776],[98.949612,18.797266],[98.950157,18.797063],[98.950262,18.797102],[98.950269,18.79869],[98.950196,18.798812],[98.949936,18.798954],[98.949708,18.799124],[98.949649,18.799104],[98.94963,18.799009],[98.949826,18.798726],[98.949767,18.798685],[98.949735,18.798715],[98.949553,18.798979],[98.949397,18.799048],[98.949341,18.799129],[98.949357,18.799213],[98.949448,18.799253],[98.949585,18.799129],[98.949665,18.799177],[98.949491,18.799444],[98.94919,18.799523],[98.948421,18.799556],[98.947455,18.799497],[98.94742,18.799469],[98.947417,18.799365],[98.947737,18.799134],[98.947817,18.79902]]]}},{"type":"Feature","properties":{"k":"park"},"geometry":{"type":"Polygon","coordinates":[[[98.951317,18.798667],[98.951301,18.798784],[98.951242,18.798804],[98.950427,18.798718],[98.950365,18.798636],[98.950381,18.79853],[98.951317,18.798667]]]}},{"type":"Feature","properties":{"k":"park"},"geometry":{"type":"Polygon","coordinates":[[[98.973643,18.79177],[98.973588,18.791723],[98.973589,18.791686],[98.973646,18.791641],[98.973684,18.791647],[98.973713,18.791671],[98.973711,18.791742],[98.973643,18.79177]]]}},{"type":"Feature","properties":{"k":"rural"},"geometry":{"type":"Polygon","coordinates":[[[98.977648,18.772188],[98.977639,18.772147],[98.977684,18.772145],[98.97768,18.772187],[98.977648,18.772188]]]}},{"type":"Feature","properties":{"k":"rural"},"geometry":{"type":"Polygon","coordinates":[[[98.976904,18.771717],[98.976678,18.771611],[98.976687,18.771593],[98.976913,18.771699],[98.976904,18.771717]]]}},{"type":"Feature","properties":{"k":"rural"},"geometry":{"type":"Polygon","coordinates":[[[98.977892,18.771871],[98.978178,18.77204],[98.978101,18.772181],[98.977953,18.77213],[98.977808,18.772173],[98.977761,18.772146],[98.977892,18.771871]]]}},{"type":"Feature","properties":{"k":"rural"},"geometry":{"type":"Polygon","coordinates":[[[98.976608,18.771443],[98.976571,18.771524],[98.976139,18.771328],[98.976079,18.77098],[98.976393,18.771142],[98.976353,18.771201],[98.976361,18.771329],[98.976608,18.771443]]]}},{"type":"Feature","properties":{"k":"rural"},"geometry":{"type":"Polygon","coordinates":[[[98.978036,18.772665],[98.97796,18.772603],[98.978012,18.772526],[98.978053,18.772537],[98.978018,18.772612],[98.978036,18.772665]]]}},{"type":"Feature","properties":{"k":"rural"},"geometry":{"type":"Polygon","coordinates":[[[98.954024,18.764243],[98.95308,18.763796],[98.953144,18.763588],[98.954,18.763793],[98.954161,18.763867],[98.954024,18.764243]]]}},{"type":"Feature","properties":{"k":"park"},"geometry":{"type":"Polygon","coordinates":[[[98.950372,18.763777],[98.950246,18.763853],[98.95016,18.763727],[98.95027,18.763661],[98.950329,18.763729],[98.95028,18.763767],[98.950309,18.7638],[98.950358,18.763762],[98.950372,18.763777]]]}},{"type":"Feature","properties":{"k":"rural"},"geometry":{"type":"Polygon","coordinates":[[[98.962514,18.791062],[98.962462,18.791129],[98.962398,18.791363],[98.96203,18.791443],[98.961629,18.791319],[98.961553,18.791346],[98.961415,18.79156],[98.96122,18.791646],[98.961024,18.791099],[98.961046,18.791037],[98.962224,18.790628],[98.962398,18.791015],[98.962514,18.791062]]]}},{"type":"Feature","properties":{"k":"rural"},"geometry":{"type":"Polygon","coordinates":[[[98.962939,18.791366],[98.962961,18.791358],[98.963018,18.791518],[98.963251,18.791471],[98.963391,18.79187],[98.963244,18.791917],[98.963197,18.791799],[98.963229,18.791863],[98.963307,18.791838],[98.96329,18.791791],[98.963335,18.791776],[98.963324,18.791747],[98.963202,18.791786],[98.963183,18.791736],[98.962945,18.791808],[98.962882,18.791656],[98.962949,18.79163],[98.962852,18.791399],[98.962939,18.791366]]]}},{"type":"Feature","properties":{"k":"rural"},"geometry":{"type":"Polygon","coordinates":[[[99.0039,18.79714],[99.004504,18.797276],[99.004486,18.797328],[99.00389,18.797172],[99.0039,18.79714]]]}},{"type":"Feature","properties":{"k":"rural"},"geometry":{"type":"Polygon","coordinates":[[[99.004934,18.799086],[99.004767,18.798563],[99.004817,18.798549],[99.004796,18.798482],[99.004882,18.798458],[99.004905,18.798534],[99.005025,18.798503],[99.00519,18.798965],[99.005074,18.798989],[99.005088,18.799061],[99.004934,18.799086]]]}},{"type":"Feature","properties":{"k":"rural"},"geometry":{"type":"Polygon","coordinates":[[[99.004703,18.797637],[99.004787,18.797612],[99.004861,18.797659],[99.004868,18.797743],[99.004843,18.797779],[99.004803,18.7978],[99.004716,18.797788],[99.004671,18.797716],[99.004703,18.797637]]]}},{"type":"Feature","properties":{"k":"rural"},"geometry":{"type":"Polygon","coordinates":[[[99.00487,18.798461],[99.004824,18.798314],[99.004962,18.798274],[99.005003,18.798426],[99.00487,18.798461]]]}},{"type":"Feature","properties":{"k":"pitch"},"geometry":{"type":"Polygon","coordinates":[[[99.005122,18.798704],[99.005066,18.798515],[99.005215,18.798476],[99.005271,18.798665],[99.005122,18.798704]]]}},{"type":"Feature","properties":{"k":"rural"},"geometry":{"type":"Polygon","coordinates":[[[99.006532,18.798213],[99.006284,18.798146],[99.006313,18.798061],[99.006264,18.798048],[99.0063,18.797931],[99.006592,18.798011],[99.006532,18.798213]]]}},{"type":"Feature","properties":{"k":"pitch"},"geometry":{"type":"Polygon","coordinates":[[[99.003519,18.795943],[99.004208,18.796078],[99.004211,18.796155],[99.004247,18.796187],[99.004316,18.796171],[99.004334,18.7961],[99.004425,18.796118],[99.004447,18.796908],[99.003521,18.796722],[99.003519,18.795943]]]}},{"type":"Feature","properties":{"k":"rural"},"geometry":{"type":"Polygon","coordinates":[[[99.004135,18.79551],[99.004392,18.795677],[99.004281,18.795854],[99.004064,18.795751],[99.004135,18.79551]]]}},{"type":"Feature","properties":{"k":"rural"},"geometry":{"type":"Polygon","coordinates":[[[99.004443,18.798099],[99.004578,18.798007],[99.004716,18.798173],[99.004797,18.798198],[99.004819,18.798248],[99.004669,18.798293],[99.004443,18.798099]]]}},{"type":"Feature","properties":{"k":"rural"},"geometry":{"type":"Polygon","coordinates":[[[99.006633,18.799755],[99.006855,18.799783],[99.007017,18.799878],[99.007139,18.7999],[99.007377,18.799843],[99.007545,18.799673],[99.00775,18.798725],[99.007736,18.798609],[99.007689,18.798501],[99.007511,18.798341],[99.007265,18.798296],[99.007084,18.798352],[99.00713,18.798171],[99.007858,18.798357],[99.007488,18.800039],[99.007424,18.800067],[99.006592,18.799998],[99.006594,18.799887],[99.006681,18.799888],[99.006686,18.799797],[99.006626,18.799792],[99.006633,18.799755]]]}},{"type":"Feature","properties":{"k":"pitch"},"geometry":{"type":"Polygon","coordinates":[[[98.970418,18.768248],[98.970418,18.768085],[98.970592,18.768085],[98.970592,18.768248],[98.970418,18.768248]]]}},{"type":"Feature","properties":{"k":"rural"},"geometry":{"type":"Polygon","coordinates":[[[98.970289,18.771842],[98.970309,18.771736],[98.970365,18.771643],[98.970451,18.771573],[98.970558,18.771536],[98.970671,18.771535],[98.970778,18.771572],[98.970865,18.77164],[98.970922,18.771733],[98.970289,18.771842]]]}},{"type":"Feature","properties":{"k":"rural"},"geometry":{"type":"Polygon","coordinates":[[[98.972462,18.770002],[98.972514,18.769899],[98.972546,18.769899],[98.972556,18.770034],[98.972462,18.770002]]]}},{"type":"Feature","properties":{"k":"park"},"geometry":{"type":"Polygon","coordinates":[[[98.970432,18.770791],[98.970346,18.770697],[98.970391,18.770661],[98.970438,18.770713],[98.970463,18.770692],[98.970509,18.770728],[98.970432,18.770791]]]}},{"type":"Feature","properties":{"k":"rural"},"geometry":{"type":"Polygon","coordinates":[[[98.972443,18.771452],[98.972425,18.771238],[98.972597,18.771224],[98.972638,18.771418],[98.972443,18.771452]]]}},{"type":"Feature","properties":{"k":"rural"},"geometry":{"type":"Polygon","coordinates":[[[98.972399,18.77146],[98.972298,18.771478],[98.972266,18.771297],[98.972367,18.771289],[98.972399,18.77146]]]}},{"type":"Feature","properties":{"k":"rural"},"geometry":{"type":"Polygon","coordinates":[[[98.982632,18.73881],[98.982662,18.738672],[98.983059,18.738725],[98.983031,18.738899],[98.982674,18.738857],[98.982632,18.73881]]]}},{"type":"Feature","properties":{"k":"rural"},"geometry":{"type":"Polygon","coordinates":[[[98.982335,18.738797],[98.982365,18.738638],[98.982572,18.738674],[98.982542,18.738832],[98.982335,18.738797]]]}},{"type":"Feature","properties":{"k":"rural"},"geometry":{"type":"Polygon","coordinates":[[[99.02603,18.730431],[99.026011,18.730404],[99.027397,18.731031],[99.02821,18.731544],[99.027678,18.731209],[99.02603,18.730431]]]}},{"type":"Feature","properties":{"k":"forest"},"geometry":{"type":"Polygon","coordinates":[[[99.023745,18.730706],[99.02375,18.730427],[99.023565,18.730399],[99.023587,18.730328],[99.023474,18.730284],[99.023581,18.729957],[99.023893,18.729992],[99.023941,18.729792],[99.024544,18.730058],[99.024346,18.730399],[99.024504,18.731135],[99.024834,18.731133],[99.024904,18.731885],[99.025448,18.731783],[99.025564,18.731692],[99.025717,18.73172],[99.025754,18.732027],[99.026323,18.731991],[99.026336,18.732499],[99.024708,18.73251],[99.024579,18.731582],[99.024177,18.731626],[99.024142,18.731534],[99.023518,18.731535],[99.023423,18.73128],[99.024142,18.731186],[99.024024,18.730681],[99.023745,18.730706]]]}},{"type":"Feature","properties":{"k":"rural"},"geometry":{"type":"Polygon","coordinates":[[[99.025753,18.730235],[99.025781,18.730266],[99.023563,18.729308],[99.023942,18.729418],[99.025753,18.730235]]]}},{"type":"Feature","properties":{"k":"forest"},"geometry":{"type":"Polygon","coordinates":[[[99.036043,18.734758],[99.036086,18.734415],[99.037022,18.73457],[99.037623,18.733823],[99.037373,18.734577],[99.03729,18.734742],[99.037017,18.734943],[99.03688,18.734991],[99.036569,18.734984],[99.036043,18.734758]]]}},{"type":"Feature","properties":{"k":"park"},"geometry":{"type":"Polygon","coordinates":[[[99.034509,18.734542],[99.036381,18.735324],[99.036357,18.735358],[99.036011,18.735418],[99.035874,18.735499],[99.035677,18.735753],[99.03563,18.735923],[99.035621,18.736104],[99.035669,18.736278],[99.035771,18.73643],[99.03591,18.73655],[99.03609,18.736635],[99.03625,18.736663],[99.036437,18.73665],[99.036612,18.736592],[99.036785,18.736465],[99.036963,18.736231],[99.036325,18.738269],[99.036314,18.738023],[99.036354,18.737935],[99.036346,18.737796],[99.036278,18.737785],[99.034766,18.734914],[99.034611,18.734678],[99.034495,18.734576],[99.034509,18.734542]]]}},{"type":"Feature","properties":{"k":"rural"},"geometry":{"type":"Polygon","coordinates":[[[98.971378,18.771801],[98.971368,18.771777],[98.972521,18.771555],[98.97254,18.771572],[98.972528,18.771593],[98.971378,18.771801]]]}},{"type":"Feature","properties":{"k":"rural"},"geometry":{"type":"Polygon","coordinates":[[[98.969996,18.772012],[98.971334,18.771777],[98.971341,18.771812],[98.970165,18.772005],[98.969996,18.772012]]]}},{"type":"Feature","properties":{"k":"rural"},"geometry":{"type":"Polygon","coordinates":[[[98.969092,18.769923],[98.969334,18.769796],[98.969865,18.770333],[98.970613,18.771201],[98.970105,18.771398],[98.969901,18.77092],[98.969459,18.771181],[98.969071,18.770712],[98.969092,18.769923]]]}},{"type":"Feature","properties":{"k":"rural"},"geometry":{"type":"Polygon","coordinates":[[[98.969095,18.771766],[98.969095,18.771393],[98.96913,18.77139],[98.969131,18.771747],[98.969095,18.771766]]]}},{"type":"Feature","properties":{"k":"rural"},"geometry":{"type":"Polygon","coordinates":[[[98.969191,18.771692],[98.969243,18.771706],[98.969245,18.771811],[98.969333,18.77181],[98.969331,18.771729],[98.969395,18.77173],[98.969398,18.77188],[98.969095,18.771885],[98.969095,18.771827],[98.969184,18.771781],[98.969191,18.771692]]]}},{"type":"Feature","properties":{"k":"rural"},"geometry":{"type":"Polygon","coordinates":[[[98.960277,18.744153],[98.959859,18.743462],[98.959852,18.743387],[98.959886,18.743278],[98.960358,18.74298],[98.960534,18.743085],[98.960431,18.743103],[98.960608,18.743994],[98.960277,18.744153]]]}},{"type":"Feature","properties":{"k":"forest"},"geometry":{"type":"Polygon","coordinates":[[[98.956231,18.74489],[98.956234,18.744585],[98.955231,18.74459],[98.955247,18.74445],[98.955443,18.744405],[98.955335,18.743765],[98.955416,18.743765],[98.95541,18.743671],[98.956057,18.743495],[98.9561,18.743965],[98.956331,18.744019],[98.956336,18.744692],[98.95644,18.744687],[98.956451,18.744925],[98.956333,18.744989],[98.956231,18.74489]]]}},{"type":"Feature","properties":{"k":"forest"},"geometry":{"type":"Polygon","coordinates":[[[98.960238,18.741752],[98.960492,18.741738],[98.960502,18.742011],[98.960249,18.74202],[98.960238,18.741752]]]}},{"type":"Feature","properties":{"k":"forest"},"geometry":{"type":"Polygon","coordinates":[[[98.956547,18.741771],[98.956309,18.741365],[98.956666,18.741219],[98.956829,18.741034],[98.956685,18.740917],[98.956427,18.74109],[98.956172,18.740511],[98.956325,18.740381],[98.956494,18.740427],[98.956778,18.740249],[98.956703,18.740104],[98.956979,18.739822],[98.957188,18.740133],[98.956701,18.740391],[98.956942,18.740737],[98.957079,18.740648],[98.957277,18.74096],[98.956548,18.741537],[98.95665,18.741712],[98.956547,18.741771]]]}},{"type":"Feature","properties":{"k":"rural"},"geometry":{"type":"Polygon","coordinates":[[[98.956979,18.739822],[98.956703,18.740104],[98.956778,18.740249],[98.956494,18.740427],[98.956325,18.740381],[98.956172,18.740511],[98.956427,18.74109],[98.956685,18.740917],[98.956829,18.741034],[98.956666,18.741219],[98.956309,18.741365],[98.956194,18.741169],[98.955966,18.741293],[98.955786,18.741075],[98.955641,18.741192],[98.955593,18.740892],[98.955805,18.740882],[98.955885,18.741037],[98.955987,18.740988],[98.956143,18.741123],[98.95622,18.741105],[98.956094,18.740826],[98.95614,18.740772],[98.956084,18.740686],[98.955942,18.740783],[98.955885,18.740516],[98.956033,18.740483],[98.955987,18.74017],[98.956076,18.740143],[98.956009,18.739955],[98.956218,18.739883],[98.956207,18.739761],[98.956333,18.739759],[98.956325,18.739563],[98.956803,18.739558],[98.956979,18.739822]]]}},{"type":"Feature","properties":{"k":"rural"},"geometry":{"type":"Polygon","coordinates":[[[98.958424,18.743499],[98.95847,18.743584],[98.958385,18.74363],[98.958373,18.743606],[98.958252,18.74361],[98.958424,18.743499]]]}},{"type":"Feature","properties":{"k":"rural"},"geometry":{"type":"Polygon","coordinates":[[[98.958539,18.743542],[98.958496,18.74344],[98.958842,18.743345],[98.958539,18.743542]]]}},{"type":"Feature","properties":{"k":"rural"},"geometry":{"type":"Polygon","coordinates":[[[98.959004,18.743223],[98.959093,18.743022],[98.959094,18.742944],[98.95912,18.743104],[98.959074,18.743188],[98.959004,18.743223]]]}},{"type":"Feature","properties":{"k":"forest"},"geometry":{"type":"Polygon","coordinates":[[[98.960287,18.740259],[98.960303,18.740454],[98.959927,18.740464],[98.959359,18.740396],[98.959086,18.740429],[98.959075,18.740313],[98.959721,18.740295],[98.959734,18.740107],[98.959573,18.739952],[98.95906,18.739957],[98.957967,18.740093],[98.957921,18.740079],[98.957959,18.739767],[98.959579,18.739756],[98.960287,18.740259]]]}},{"type":"Feature","properties":{"k":"forest"},"geometry":{"type":"Polygon","coordinates":[[[98.959711,18.739752],[98.96023,18.739748],[98.960327,18.740113],[98.960292,18.740118],[98.959976,18.739944],[98.959711,18.739752]]]}},{"type":"Feature","properties":{"k":"rural"},"geometry":{"type":"Polygon","coordinates":[[[98.960395,18.739923],[98.960616,18.739922],[98.960598,18.739972],[98.960468,18.739995],[98.960419,18.739981],[98.960395,18.739923]]]}},{"type":"Feature","properties":{"k":"forest"},"geometry":{"type":"Polygon","coordinates":[[[98.960961,18.740421],[98.96094,18.740438],[98.960399,18.740221],[98.960398,18.74017],[98.960438,18.740117],[98.960641,18.740024],[98.960697,18.739796],[98.960674,18.739297],[98.960951,18.739342],[98.961266,18.739323],[98.96144,18.739375],[98.961299,18.739502],[98.961215,18.739694],[98.961212,18.740343],[98.960961,18.740421]]]}},{"type":"Feature","properties":{"k":"rural"},"geometry":{"type":"Polygon","coordinates":[[[98.961879,18.738564],[98.962151,18.738662],[98.96277,18.738659],[98.963337,18.738731],[98.96438,18.739081],[98.964377,18.739196],[98.964535,18.739199],[98.96452,18.739399],[98.964165,18.739408],[98.964028,18.740465],[98.963817,18.740468],[98.96379,18.740734],[98.96354,18.740732],[98.963462,18.740678],[98.963524,18.740272],[98.963521,18.739993],[98.963481,18.739822],[98.963272,18.739782],[98.963065,18.739868],[98.963006,18.740041],[98.96302,18.740272],[98.962942,18.740536],[98.963177,18.740695],[98.962615,18.74064],[98.962741,18.739731],[98.96229,18.739734],[98.96218,18.740595],[98.961003,18.740465],[98.96101,18.740441],[98.961238,18.740412],[98.961239,18.740463],[98.961773,18.740412],[98.961773,18.740188],[98.961706,18.740201],[98.961614,18.73937],[98.96144,18.739375],[98.961266,18.739323],[98.961011,18.739339],[98.961006,18.738789],[98.96032,18.738701],[98.959534,18.73869],[98.959506,18.738523],[98.95943,18.738518],[98.95943,18.738419],[98.96006,18.738282],[98.960182,18.738169],[98.960517,18.738239],[98.960681,18.738367],[98.960948,18.738475],[98.961181,18.738521],[98.961749,18.738516],[98.961879,18.738564]]]}},{"type":"Feature","properties":{"k":"forest"},"geometry":{"type":"Polygon","coordinates":[[[98.964461,18.740125],[98.964088,18.74013],[98.964165,18.739408],[98.96452,18.739399],[98.964461,18.740125]]]}},{"type":"Feature","properties":{"k":"rural"},"geometry":{"type":"Polygon","coordinates":[[[98.960287,18.740259],[98.960963,18.740531],[98.961931,18.740625],[98.961947,18.740704],[98.961664,18.740754],[98.961659,18.740696],[98.961025,18.740646],[98.960434,18.740456],[98.960303,18.740454],[98.960287,18.740259]]]}},{"type":"Feature","properties":{"k":"rural"},"geometry":{"type":"Polygon","coordinates":[[[98.962041,18.740833],[98.962025,18.740638],[98.96317,18.740755],[98.963162,18.740798],[98.963103,18.740788],[98.963092,18.740833],[98.962717,18.740798],[98.962679,18.740981],[98.962816,18.740991],[98.962875,18.741095],[98.963119,18.741026],[98.963149,18.74108],[98.962717,18.741202],[98.962634,18.741057],[98.962041,18.740833]]]}},{"type":"Feature","properties":{"k":"rural"},"geometry":{"type":"Polygon","coordinates":[[[98.963248,18.741032],[98.963243,18.74076],[98.964034,18.740844],[98.964036,18.740879],[98.963248,18.741032]]]}},{"type":"Feature","properties":{"k":"rural"},"geometry":{"type":"Polygon","coordinates":[[[98.9605,18.741962],[98.96128,18.741782],[98.961267,18.741429],[98.961301,18.741423],[98.961334,18.741866],[98.960517,18.742357],[98.9605,18.741962]]]}},{"type":"Feature","properties":{"k":"rural"},"geometry":{"type":"Polygon","coordinates":[[[98.961422,18.741813],[98.961368,18.741283],[98.961466,18.741244],[98.961462,18.741183],[98.961696,18.741151],[98.961734,18.741626],[98.961422,18.741813]]]}},{"type":"Feature","properties":{"k":"rural"},"geometry":{"type":"Polygon","coordinates":[[[98.958983,18.742073],[98.959072,18.742029],[98.959075,18.742069],[98.958983,18.742073]]]}},{"type":"Feature","properties":{"k":"rural"},"geometry":{"type":"Polygon","coordinates":[[[98.958777,18.74193],[98.95886,18.741914],[98.958867,18.742041],[98.958777,18.74193]]]}},{"type":"Feature","properties":{"k":"rural"},"geometry":{"type":"Polygon","coordinates":[[[98.960198,18.742532],[98.960126,18.742408],[98.960175,18.742392],[98.960151,18.742298],[98.960291,18.742242],[98.96028,18.742172],[98.960509,18.74216],[98.960517,18.742357],[98.960198,18.742532]]]}},{"type":"Feature","properties":{"k":"rural"},"geometry":{"type":"Polygon","coordinates":[[[98.959546,18.742172],[98.959554,18.742122],[98.959607,18.74213],[98.959718,18.742332],[98.959666,18.742336],[98.959546,18.742172]]]}},{"type":"Feature","properties":{"k":"park"},"geometry":{"type":"Polygon","coordinates":[[[98.975034,18.789675],[98.974827,18.789678],[98.974826,18.789626],[98.975032,18.789623],[98.975034,18.789675]]]}},{"type":"Feature","properties":{"k":"park"},"geometry":{"type":"Polygon","coordinates":[[[98.975095,18.789673],[98.975094,18.789623],[98.975314,18.78962],[98.975315,18.78967],[98.975095,18.789673]]]}},{"type":"Feature","properties":{"k":"rural"},"geometry":{"type":"Polygon","coordinates":[[[99.03684,18.738143],[99.037502,18.736103],[99.03758,18.736081],[99.037737,18.736129],[99.037516,18.736768],[99.037478,18.736928],[99.037499,18.737016],[99.037601,18.73703],[99.037731,18.736873],[99.038312,18.736724],[99.038736,18.736757],[99.038729,18.737025],[99.038006,18.73731],[99.037682,18.737474],[99.037399,18.737655],[99.037182,18.737864],[99.036964,18.738168],[99.03684,18.738143]]]}},{"type":"Feature","properties":{"k":"forest"},"geometry":{"type":"Polygon","coordinates":[[[99.035625,18.739539],[99.035708,18.739134],[99.03589,18.739141],[99.035771,18.739545],[99.035625,18.739539]]]}},{"type":"Feature","properties":{"k":"park"},"geometry":{"type":"Polygon","coordinates":[[[99.03511,18.739179],[99.035296,18.739039],[99.035415,18.738851],[99.03565,18.73885],[99.035603,18.739271],[99.035374,18.739278],[99.035371,18.739226],[99.035505,18.739226],[99.035507,18.739165],[99.03511,18.739179]]]}},{"type":"Feature","properties":{"k":"park"},"geometry":{"type":"Polygon","coordinates":[[[99.034958,18.738274],[99.035685,18.73829],[99.035666,18.73868],[99.035422,18.738659],[99.035216,18.738409],[99.034961,18.738328],[99.034958,18.738274]]]}},{"type":"Feature","properties":{"k":"rural"},"geometry":{"type":"Polygon","coordinates":[[[99.035874,18.739374],[99.035942,18.739151],[99.035994,18.739166],[99.036007,18.739206],[99.035945,18.739388],[99.035874,18.739374]]]}},{"type":"Feature","properties":{"k":"rural"},"geometry":{"type":"Polygon","coordinates":[[[99.036033,18.73851],[99.036125,18.738001],[99.036074,18.737862],[99.036185,18.737844],[99.036239,18.738037],[99.036252,18.738291],[99.036221,18.738465],[99.03617,18.738537],[99.036033,18.73851]]]}},{"type":"Feature","properties":{"k":"rural"},"geometry":{"type":"Polygon","coordinates":[[[99.035955,18.739059],[99.036043,18.73858],[99.036181,18.73864],[99.036044,18.739071],[99.035955,18.739059]]]}},{"type":"Feature","properties":{"k":"rural"},"geometry":{"type":"Polygon","coordinates":[[[99.034759,18.739096],[99.034695,18.73901],[99.034698,18.738521],[99.034729,18.738468],[99.034851,18.738402],[99.035019,18.738409],[99.035176,18.738501],[99.035248,18.738596],[99.03529,18.738766],[99.03527,18.738882],[99.035173,18.739031],[99.035072,18.739099],[99.034892,18.739139],[99.034759,18.739096]]]}},{"type":"Feature","properties":{"k":"forest"},"geometry":{"type":"Polygon","coordinates":[[[98.950265,18.747793],[98.95092,18.747523],[98.952248,18.749891],[98.952146,18.749893],[98.952093,18.749728],[98.951921,18.749416],[98.951763,18.749263],[98.951344,18.74905],[98.95092,18.749017],[98.950843,18.748921],[98.950902,18.748872],[98.950904,18.74873],[98.950947,18.748654],[98.950926,18.748626],[98.950861,18.748667],[98.950843,18.748834],[98.950776,18.748862],[98.950585,18.748562],[98.950824,18.748499],[98.950751,18.748281],[98.950558,18.748273],[98.95054,18.748187],[98.950577,18.748131],[98.950738,18.748207],[98.950768,18.748159],[98.950542,18.748054],[98.950486,18.747945],[98.950499,18.747864],[98.9504,18.747811],[98.950314,18.747856],[98.950265,18.747793]]]}},{"type":"Feature","properties":{"k":"forest"},"geometry":{"type":"Polygon","coordinates":[[[98.949489,18.749479],[98.949249,18.748552],[98.949351,18.748456],[98.949394,18.748298],[98.949384,18.748189],[98.949453,18.748166],[98.949464,18.748098],[98.950194,18.747841],[98.950427,18.748418],[98.950306,18.748441],[98.950255,18.748347],[98.950151,18.748382],[98.950175,18.748524],[98.950121,18.748565],[98.950116,18.748628],[98.950467,18.748481],[98.950625,18.748834],[98.950306,18.748951],[98.950371,18.749185],[98.950191,18.749233],[98.950105,18.748964],[98.949861,18.74902],[98.949931,18.749299],[98.949489,18.749479]]]}},{"type":"Feature","properties":{"k":"park"},"geometry":{"type":"Polygon","coordinates":[[[98.949056,18.748802],[98.949225,18.749459],[98.949198,18.749548],[98.949003,18.748815],[98.949056,18.748802]]]}},{"type":"Feature","properties":{"k":"park"},"geometry":{"type":"Polygon","coordinates":[[[98.949283,18.748745],[98.949489,18.749479],[98.949398,18.74946],[98.949228,18.748763],[98.949283,18.748745]]]}},{"type":"Feature","properties":{"k":"park"},"geometry":{"type":"Polygon","coordinates":[[[98.949287,18.749471],[98.949125,18.748816],[98.949149,18.748789],[98.949331,18.749459],[98.949322,18.749483],[98.949287,18.749471]]]}},{"type":"Feature","properties":{"k":"rural"},"geometry":{"type":"Polygon","coordinates":[[[98.9491,18.748744],[98.949056,18.748592],[98.949076,18.748555],[98.949113,18.748573],[98.949161,18.748731],[98.949138,18.748757],[98.9491,18.748744]]]}},{"type":"Feature","properties":{"k":"park"},"geometry":{"type":"Polygon","coordinates":[[[98.949334,18.748175],[98.949314,18.748103],[98.949422,18.748068],[98.949418,18.748159],[98.949334,18.748175]]]}},{"type":"Feature","properties":{"k":"rural"},"geometry":{"type":"Polygon","coordinates":[[[98.949145,18.748488],[98.949078,18.748179],[98.949296,18.748112],[98.949313,18.748164],[98.94926,18.748177],[98.949266,18.748338],[98.949145,18.748488]]]}},{"type":"Feature","properties":{"k":"rural"},"geometry":{"type":"Polygon","coordinates":[[[98.948984,18.748523],[98.948815,18.748454],[98.948754,18.748377],[98.948725,18.748277],[98.94889,18.748235],[98.948984,18.748523]]]}},{"type":"Feature","properties":{"k":"rural"},"geometry":{"type":"Polygon","coordinates":[[[98.949044,18.748514],[98.948979,18.748208],[98.949005,18.748213],[98.949083,18.748504],[98.949044,18.748514]]]}},{"type":"Feature","properties":{"k":"rural"},"geometry":{"type":"Polygon","coordinates":[[[99.038097,18.737543],[99.038241,18.737455],[99.038504,18.737367],[99.038555,18.737797],[99.038354,18.737868],[99.037835,18.737867],[99.037807,18.737801],[99.038119,18.737605],[99.038097,18.737543]]]}},{"type":"Feature","properties":{"k":"rural"},"geometry":{"type":"Polygon","coordinates":[[[99.037082,18.738489],[99.037254,18.738544],[99.037198,18.738817],[99.037151,18.73881],[99.037132,18.738919],[99.036875,18.738879],[99.036912,18.738751],[99.037082,18.738489]]]}},{"type":"Feature","properties":{"k":"rural"},"geometry":{"type":"Polygon","coordinates":[[[99.037473,18.738625],[99.037516,18.738222],[99.03761,18.738222],[99.037638,18.738285],[99.037892,18.738284],[99.03787,18.738641],[99.037473,18.738625]]]}},{"type":"Feature","properties":{"k":"rural"},"geometry":{"type":"Polygon","coordinates":[[[99.02175,18.810789],[99.02176,18.810981],[99.022474,18.811901],[99.022636,18.811888],[99.023434,18.812344],[99.022721,18.812825],[99.023,18.813404],[99.02272,18.813729],[99.02257,18.813652],[99.022377,18.813612],[99.022393,18.813277],[99.02183,18.813175],[99.02138,18.813211],[99.021379,18.813734],[99.021841,18.813708],[99.022157,18.814409],[99.021878,18.81477],[99.021058,18.81479],[99.020998,18.814394],[99.021095,18.814363],[99.021052,18.81415],[99.020419,18.814302],[99.020334,18.814109],[99.020001,18.813703],[99.019899,18.813505],[99.019953,18.812088],[99.020006,18.811926],[99.020189,18.811626],[99.020183,18.811423],[99.021181,18.81151],[99.021251,18.811444],[99.021314,18.810927],[99.02175,18.810789]]]}},{"type":"Feature","properties":{"k":"rural"},"geometry":{"type":"Polygon","coordinates":[[[99.050679,18.824762],[99.051263,18.824983],[99.051202,18.825359],[99.051617,18.825425],[99.051561,18.825608],[99.05133,18.825577],[99.051304,18.825722],[99.050518,18.825628],[99.050553,18.825248],[99.050641,18.82526],[99.050679,18.824762]]]}},{"type":"Feature","properties":{"k":"rural"},"geometry":{"type":"Polygon","coordinates":[[[98.993506,18.819393],[98.995025,18.819265],[98.995188,18.820111],[98.99492,18.820131],[98.994584,18.820236],[98.993531,18.820276],[98.993506,18.819393]]]}},{"type":"Feature","properties":{"k":"rural"},"geometry":{"type":"Polygon","coordinates":[[[98.942124,18.750234],[98.94198,18.749938],[98.942207,18.74977],[98.942383,18.749734],[98.942742,18.749911],[98.942124,18.750234]]]}},{"type":"Feature","properties":{"k":"pitch"},"geometry":{"type":"Polygon","coordinates":[[[99.012437,18.798661],[99.012259,18.798614],[99.012331,18.798372],[99.012509,18.798419],[99.012437,18.798661]]]}},{"type":"Feature","properties":{"k":"pitch"},"geometry":{"type":"Polygon","coordinates":[[[99.012616,18.798708],[99.012437,18.798661],[99.012509,18.798419],[99.012687,18.798466],[99.012616,18.798708]]]}},{"type":"Feature","properties":{"k":"pitch"},"geometry":{"type":"Polygon","coordinates":[[[99.01436,18.795864],[99.014077,18.795764],[99.014132,18.795622],[99.014416,18.795722],[99.01436,18.795864]]]}},{"type":"Feature","properties":{"k":"forest"},"geometry":{"type":"Polygon","coordinates":[[[99.003674,18.79506],[99.003819,18.794881],[99.003853,18.79466],[99.004075,18.794712],[99.004094,18.794875],[99.004363,18.794995],[99.004291,18.795341],[99.003674,18.79506]]]}},{"type":"Feature","properties":{"k":"forest"},"geometry":{"type":"Polygon","coordinates":[[[99.006093,18.799296],[99.005486,18.799238],[99.005466,18.798869],[99.005828,18.79902],[99.006093,18.799296]]]}},{"type":"Feature","properties":{"k":"rural"},"geometry":{"type":"Polygon","coordinates":[[[99.005904,18.792347],[99.005438,18.792457],[99.00514,18.792447],[99.00527,18.792055],[99.005843,18.792095],[99.005904,18.792347]]]}},{"type":"Feature","properties":{"k":"rural"},"geometry":{"type":"Polygon","coordinates":[[[99.047871,18.731543],[99.048735,18.731746],[99.048593,18.732546],[99.048448,18.732523],[99.048424,18.732701],[99.04859,18.732721],[99.048465,18.733363],[99.048372,18.733626],[99.047887,18.733684],[99.047904,18.733476],[99.047772,18.733478],[99.047871,18.731543]]]}},{"type":"Feature","properties":{"k":"rural"},"geometry":{"type":"Polygon","coordinates":[[[99.055749,18.729078],[99.056866,18.729875],[99.056335,18.730515],[99.05613,18.731024],[99.055674,18.731197],[99.056267,18.732456],[99.056067,18.732593],[99.056168,18.732802],[99.05561,18.732998],[99.054484,18.730419],[99.054463,18.730231],[99.05449,18.729967],[99.054709,18.729763],[99.055749,18.729078]]]}},{"type":"Feature","properties":{"k":"park"},"geometry":{"type":"Polygon","coordinates":[[[98.970292,18.769084],[98.970252,18.769046],[98.970255,18.768972],[98.970273,18.76894],[98.970341,18.768922],[98.970292,18.769084]]]}},{"type":"Feature","properties":{"k":"park"},"geometry":{"type":"Polygon","coordinates":[[[98.970497,18.769152],[98.970421,18.769132],[98.970434,18.768887],[98.970481,18.768896],[98.970477,18.769105],[98.970531,18.769112],[98.970531,18.769149],[98.970497,18.769152]]]}},{"type":"Feature","properties":{"k":"park"},"geometry":{"type":"Polygon","coordinates":[[[98.970579,18.769506],[98.970577,18.769436],[98.97061,18.769406],[98.970722,18.769455],[98.970722,18.769544],[98.970578,18.769549],[98.970579,18.769506]]]}},{"type":"Feature","properties":{"k":"park"},"geometry":{"type":"Polygon","coordinates":[[[98.970065,18.769604],[98.970383,18.769605],[98.970383,18.769675],[98.970065,18.769675],[98.970065,18.769604]]]}},{"type":"Feature","properties":{"k":"park"},"geometry":{"type":"Polygon","coordinates":[[[98.970041,18.769475],[98.970064,18.769332],[98.970238,18.769338],[98.970292,18.769459],[98.970284,18.769479],[98.970041,18.769475]]]}},{"type":"Feature","properties":{"k":"park"},"geometry":{"type":"Polygon","coordinates":[[[98.97017,18.769918],[98.970467,18.769925],[98.9704,18.770042],[98.97038,18.770178],[98.970463,18.770402],[98.970343,18.770446],[98.97023,18.770427],[98.970129,18.770192],[98.97017,18.769918]]]}},{"type":"Feature","properties":{"k":"park"},"geometry":{"type":"Polygon","coordinates":[[[98.970761,18.768511],[98.970899,18.768541],[98.970979,18.768636],[98.970972,18.768716],[98.970832,18.768754],[98.970642,18.76866],[98.970656,18.768581],[98.970761,18.768511]]]}},{"type":"Feature","properties":{"k":"park"},"geometry":{"type":"Polygon","coordinates":[[[98.970937,18.769365],[98.970941,18.76949],[98.970811,18.769438],[98.970814,18.769395],[98.970937,18.769365]]]}},{"type":"Feature","properties":{"k":"park"},"geometry":{"type":"Polygon","coordinates":[[[98.972707,18.770138],[98.972738,18.770216],[98.972712,18.770267],[98.972627,18.770291],[98.972575,18.770261],[98.972553,18.770207],[98.972571,18.770152],[98.972622,18.770119],[98.972707,18.770138]]]}},{"type":"Feature","properties":{"k":"rural"},"geometry":{"type":"Polygon","coordinates":[[[98.938049,18.769195],[98.938397,18.76919],[98.938526,18.769683],[98.938665,18.769924],[98.939065,18.770168],[98.939502,18.770605],[98.939564,18.770831],[98.939344,18.770823],[98.936176,18.770049],[98.93027,18.769327],[98.928363,18.76884],[98.929028,18.767435],[98.929825,18.766516],[98.930029,18.766892],[98.930426,18.767316],[98.930608,18.76741],[98.936482,18.767534],[98.936563,18.769261],[98.938049,18.769195]]]}},{"type":"Feature","properties":{"k":"rural"},"geometry":{"type":"Polygon","coordinates":[[[98.956145,18.771582],[98.955786,18.770559],[98.955798,18.770454],[98.956475,18.769768],[98.957398,18.768906],[98.957449,18.769596],[98.957218,18.76965],[98.95717,18.769419],[98.956872,18.76949],[98.957014,18.769812],[98.957181,18.769769],[98.95721,18.769878],[98.957323,18.769868],[98.957339,18.770224],[98.95695,18.770333],[98.956993,18.770765],[98.95717,18.770749],[98.957216,18.7711],[98.957473,18.771095],[98.957508,18.771445],[98.957478,18.771501],[98.956145,18.771582]]]}},{"type":"Feature","properties":{"k":"rural"},"geometry":{"type":"Polygon","coordinates":[[[98.960879,18.772217],[98.960841,18.775313],[98.960525,18.775318],[98.960517,18.775567],[98.960587,18.775625],[98.96078,18.775658],[98.960837,18.775823],[98.960745,18.77591],[98.960134,18.775559],[98.960037,18.775437],[98.96008,18.775244],[98.960483,18.775107],[98.960756,18.775087],[98.960745,18.774869],[98.959984,18.774985],[98.959603,18.77433],[98.959479,18.774361],[98.959356,18.773959],[98.959141,18.774259],[98.958911,18.773858],[98.959174,18.773705],[98.959372,18.772837],[98.959292,18.772431],[98.960048,18.772299],[98.960879,18.772217]]]}},{"type":"Feature","properties":{"k":"rural"},"geometry":{"type":"Polygon","coordinates":[[[98.955767,18.773553],[98.955325,18.773705],[98.95522,18.773576],[98.955078,18.773533],[98.954971,18.773533],[98.954783,18.773129],[98.954485,18.773243],[98.954638,18.77369],[98.954431,18.773769],[98.954378,18.773627],[98.954332,18.773589],[98.954217,18.773599],[98.954115,18.773416],[98.953909,18.773515],[98.953847,18.773401],[98.954509,18.77301],[98.954751,18.772349],[98.954847,18.77241],[98.954989,18.772111],[98.954983,18.771722],[98.955968,18.771412],[98.956129,18.771676],[98.955928,18.771935],[98.955908,18.772554],[98.955808,18.772593],[98.955648,18.772466],[98.955846,18.772112],[98.955846,18.771578],[98.955386,18.771977],[98.955321,18.772328],[98.955209,18.772695],[98.955225,18.772811],[98.9553,18.772866],[98.955631,18.772984],[98.955778,18.772968],[98.95589,18.773009],[98.955907,18.773135],[98.956174,18.773435],[98.955767,18.773553]]]}},{"type":"Feature","properties":{"k":"park"},"geometry":{"type":"Polygon","coordinates":[[[98.956129,18.771676],[98.957503,18.771595],[98.957516,18.771648],[98.956829,18.772679],[98.956819,18.773528],[98.956706,18.773548],[98.956706,18.773771],[98.956797,18.773797],[98.956717,18.774975],[98.95687,18.775539],[98.956663,18.775595],[98.956636,18.775483],[98.956086,18.775658],[98.955958,18.775356],[98.956084,18.775252],[98.956078,18.775199],[98.956446,18.775067],[98.956296,18.774673],[98.955947,18.774805],[98.955877,18.774734],[98.9557,18.774714],[98.955448,18.774147],[98.955936,18.773964],[98.955767,18.773553],[98.956174,18.773435],[98.95626,18.773522],[98.956385,18.773465],[98.956411,18.773351],[98.956579,18.773351],[98.95669,18.77296],[98.956639,18.772874],[98.956385,18.773033],[98.956182,18.772862],[98.956251,18.772662],[98.956217,18.772434],[98.955908,18.772554],[98.955928,18.771935],[98.956129,18.771676]]]}},{"type":"Feature","properties":{"k":"forest"},"geometry":{"type":"Polygon","coordinates":[[[98.955697,18.775541],[98.955714,18.77559],[98.955448,18.775684],[98.955571,18.776057],[98.955864,18.775963],[98.955923,18.776004],[98.9561,18.775971],[98.956344,18.776626],[98.955231,18.777019],[98.955145,18.776974],[98.95525,18.776872],[98.955215,18.776776],[98.955448,18.776692],[98.955384,18.776448],[98.955123,18.776532],[98.95507,18.776506],[98.954898,18.776539],[98.954614,18.775816],[98.954783,18.77576],[98.954818,18.775686],[98.954777,18.775602],[98.954978,18.775537],[98.95504,18.775729],[98.955697,18.775541]]]}},{"type":"Feature","properties":{"k":"forest"},"geometry":{"type":"Polygon","coordinates":[[[98.953316,18.776326],[98.953208,18.776364],[98.952755,18.77561],[98.952937,18.775508],[98.953074,18.775704],[98.95312,18.775674],[98.952916,18.775154],[98.953508,18.774827],[98.953203,18.774269],[98.95294,18.774356],[98.952846,18.774069],[98.953144,18.773881],[98.95309,18.773782],[98.953157,18.773703],[98.953039,18.773589],[98.953141,18.773507],[98.953356,18.773718],[98.953847,18.773401],[98.954016,18.773713],[98.953937,18.773832],[98.953908,18.773756],[98.953721,18.77385],[98.953688,18.774041],[98.953447,18.774117],[98.953503,18.774259],[98.953385,18.774335],[98.953723,18.775041],[98.953318,18.775222],[98.953455,18.775463],[98.9532,18.775615],[98.953477,18.776108],[98.953316,18.776326]]]}},{"type":"Feature","properties":{"k":"forest"},"geometry":{"type":"Polygon","coordinates":[[[98.953815,18.776473],[98.95471,18.777317],[98.954678,18.777398],[98.953792,18.776634],[98.953815,18.776473]]]}},{"type":"Feature","properties":{"k":"park"},"geometry":{"type":"Polygon","coordinates":[[[98.953723,18.775041],[98.953385,18.774335],[98.953503,18.774259],[98.953447,18.774117],[98.953688,18.774041],[98.953721,18.77385],[98.953908,18.773756],[98.953986,18.773959],[98.953906,18.77402],[98.953863,18.774119],[98.953876,18.774206],[98.954128,18.774815],[98.954013,18.774866],[98.953984,18.774957],[98.953723,18.775041]]]}},{"type":"Feature","properties":{"k":"park"},"geometry":{"type":"Polygon","coordinates":[[[98.957065,18.776517],[98.957524,18.776334],[98.958435,18.776319],[98.958441,18.776506],[98.957976,18.776587],[98.957656,18.776685],[98.957475,18.776796],[98.957132,18.776786],[98.957103,18.776857],[98.957055,18.77688],[98.957033,18.777047],[98.956955,18.777121],[98.956813,18.777116],[98.956564,18.777207],[98.956368,18.777126],[98.957065,18.776517]]]}},{"type":"Feature","properties":{"k":"park"},"geometry":{"type":"Polygon","coordinates":[[[98.954678,18.777398],[98.95471,18.777317],[98.953815,18.776473],[98.953903,18.775851],[98.953801,18.775846],[98.953477,18.776108],[98.9532,18.775615],[98.953455,18.775463],[98.953318,18.775222],[98.953723,18.775041],[98.953815,18.775267],[98.954043,18.775204],[98.954061,18.775252],[98.954158,18.775295],[98.954303,18.775272],[98.95459,18.775958],[98.954442,18.776032],[98.954437,18.776138],[98.954203,18.77622],[98.954297,18.776458],[98.95456,18.776372],[98.95459,18.776418],[98.954748,18.776385],[98.955008,18.777027],[98.955164,18.777116],[98.955295,18.777139],[98.956803,18.776575],[98.956776,18.776672],[98.955609,18.777642],[98.955322,18.777626],[98.955046,18.777576],[98.954796,18.777489],[98.954678,18.777398]]]}},{"type":"Feature","properties":{"k":"forest"},"geometry":{"type":"Polygon","coordinates":[[[98.926633,18.730554],[98.926708,18.728344],[98.926864,18.727724],[98.926998,18.727826],[98.927086,18.727744],[98.927734,18.728186],[98.927671,18.728273],[98.927749,18.728318],[98.927807,18.728247],[98.928709,18.728796],[98.928832,18.728704],[98.929101,18.728999],[98.92927,18.728936],[98.929318,18.72904],[98.929567,18.728928],[98.929538,18.728829],[98.929648,18.728786],[98.929176,18.730071],[98.92902,18.730051],[98.92814,18.730168],[98.927593,18.73029],[98.92696,18.730518],[98.926633,18.730554]]]}},{"type":"Feature","properties":{"k":"park"},"geometry":{"type":"Polygon","coordinates":[[[98.956903,18.776271],[98.956945,18.776011],[98.956969,18.775996],[98.957378,18.776237],[98.957385,18.776264],[98.957346,18.776321],[98.956993,18.776414],[98.956934,18.776391],[98.956903,18.776271]]]}},{"type":"Feature","properties":{"k":"rural"},"geometry":{"type":"Polygon","coordinates":[[[98.966115,18.783563],[98.966121,18.783327],[98.966204,18.783353],[98.966327,18.783211],[98.966627,18.783358],[98.966995,18.783434],[98.968795,18.783297],[98.969881,18.7835],[98.970195,18.783497],[98.970259,18.783439],[98.97067,18.78188],[98.970707,18.781819],[98.970704,18.781893],[98.970739,18.7819],[98.970401,18.783269],[98.970302,18.783574],[98.970251,18.783619],[98.969339,18.783579],[98.966115,18.783563]]]}},{"type":"Feature","properties":{"k":"forest"},"geometry":{"type":"Polygon","coordinates":[[[98.966437,18.78089],[98.966471,18.780788],[98.966815,18.780841],[98.966901,18.780582],[98.966992,18.78059],[98.967102,18.780097],[98.967628,18.780142],[98.967542,18.78039],[98.967528,18.780808],[98.967642,18.780896],[98.967945,18.780873],[98.968202,18.780793],[98.968411,18.780623],[98.968813,18.780653],[98.96902,18.780792],[98.968682,18.781006],[98.968553,18.780999],[98.968317,18.780902],[98.967639,18.780917],[98.966437,18.78089]]]}},{"type":"Feature","properties":{"k":"rural"},"geometry":{"type":"Polygon","coordinates":[[[98.96744,18.782215],[98.967395,18.781941],[98.967995,18.781656],[98.968258,18.781782],[98.96802,18.782139],[98.96744,18.782215]]]}},{"type":"Feature","properties":{"k":"park"},"geometry":{"type":"Polygon","coordinates":[[[98.96921,18.783299],[98.968659,18.782903],[98.968797,18.782784],[98.968156,18.782147],[98.96828,18.781979],[98.968172,18.781918],[98.968258,18.781782],[98.96854,18.78194],[98.968934,18.78138],[98.968999,18.781776],[98.969197,18.781918],[98.969379,18.781875],[98.969487,18.781669],[98.969455,18.781568],[98.969267,18.781425],[98.969599,18.781027],[98.969978,18.781146],[98.970605,18.781601],[98.970222,18.783249],[98.96921,18.783299]]]}},{"type":"Feature","properties":{"k":"park"},"geometry":{"type":"Polygon","coordinates":[[[98.967976,18.781171],[98.967783,18.781179],[98.967767,18.780991],[98.968282,18.780996],[98.968277,18.781092],[98.967974,18.781085],[98.967976,18.781171]]]}},{"type":"Feature","properties":{"k":"park"},"geometry":{"type":"Polygon","coordinates":[[[98.966751,18.781504],[98.966745,18.781006],[98.967684,18.780984],[98.96769,18.781138],[98.967521,18.781156],[98.967536,18.781546],[98.967338,18.781618],[98.967322,18.781499],[98.967065,18.781532],[98.967061,18.781421],[98.966751,18.781504]]]}},{"type":"Feature","properties":{"k":"rural"},"geometry":{"type":"Polygon","coordinates":[[[98.966852,18.781941],[98.96696,18.781921],[98.966944,18.78175],[98.966866,18.78175],[98.966853,18.781595],[98.966933,18.781593],[98.966925,18.781469],[98.967061,18.781421],[98.967081,18.781984],[98.966866,18.78203],[98.966852,18.781941]]]}},{"type":"Feature","properties":{"k":"rural"},"geometry":{"type":"Polygon","coordinates":[[[98.967083,18.783208],[98.967285,18.783251],[98.967913,18.783038],[98.967872,18.782621],[98.967719,18.782422],[98.967816,18.782304],[98.96921,18.783299],[98.968905,18.783155],[98.968274,18.783211],[98.96828,18.783282],[98.966949,18.783383],[98.966941,18.783299],[98.9671,18.783299],[98.967083,18.783208]]]}},{"type":"Feature","properties":{"k":"forest"},"geometry":{"type":"Polygon","coordinates":[[[98.966252,18.782934],[98.966174,18.783033],[98.966024,18.783002],[98.966064,18.782685],[98.965788,18.782639],[98.965777,18.782492],[98.966255,18.782538],[98.966252,18.782934]]]}},{"type":"Feature","properties":{"k":"rural"},"geometry":{"type":"Polygon","coordinates":[[[98.966367,18.781998],[98.966332,18.782946],[98.966252,18.782934],[98.966259,18.782022],[98.966367,18.781998]]]}},{"type":"Feature","properties":{"k":"rural"},"geometry":{"type":"Polygon","coordinates":[[[98.966609,18.782703],[98.966426,18.782687],[98.966442,18.781981],[98.966665,18.781931],[98.966727,18.782017],[98.966609,18.782703]]]}},{"type":"Feature","properties":{"k":"forest"},"geometry":{"type":"Polygon","coordinates":[[[98.966609,18.782703],[98.966727,18.782017],[98.966665,18.781931],[98.96618,18.78204],[98.966083,18.781928],[98.966399,18.780984],[98.966745,18.781006],[98.966751,18.781504],[98.966488,18.781542],[98.966496,18.781192],[98.966405,18.781197],[98.966228,18.781692],[98.966354,18.781844],[98.966681,18.781766],[98.966719,18.781921],[98.966845,18.78189],[98.966866,18.78203],[98.967081,18.781984],[98.967065,18.781532],[98.967322,18.781499],[98.967338,18.781618],[98.967982,18.781385],[98.967974,18.781085],[98.968416,18.781095],[98.968787,18.781357],[98.968875,18.781235],[98.968934,18.78138],[98.968795,18.781578],[98.96862,18.781419],[98.968357,18.781829],[98.967995,18.781656],[98.967395,18.781941],[98.96744,18.782215],[98.96802,18.782139],[98.968172,18.781918],[98.96828,18.781979],[98.968156,18.782147],[98.968797,18.782784],[98.968659,18.782903],[98.967816,18.782304],[98.967719,18.782422],[98.967366,18.782462],[98.967194,18.782405],[98.967154,18.782734],[98.967216,18.782808],[98.967214,18.783026],[98.967365,18.783077],[98.96751,18.782995],[98.967834,18.783062],[98.967285,18.783251],[98.967083,18.783208],[98.967054,18.782873],[98.966692,18.782847],[98.966609,18.782703]]]}},{"type":"Feature","properties":{"k":"rural"},"geometry":{"type":"Polygon","coordinates":[[[98.970739,18.784594],[98.970822,18.784021],[98.971254,18.784087],[98.971286,18.783835],[98.971514,18.783871],[98.971498,18.784043],[98.97167,18.784031],[98.971791,18.783871],[98.971984,18.783762],[98.971997,18.783627],[98.972113,18.783635],[98.972204,18.783591],[98.971981,18.782982],[98.97193,18.782969],[98.971689,18.782367],[98.971458,18.782114],[98.971421,18.782426],[98.971158,18.782355],[98.971176,18.78223],[98.971085,18.782223],[98.971099,18.782101],[98.97097,18.782075],[98.970989,18.781954],[98.970704,18.781893],[98.970707,18.781819],[98.971163,18.781855],[98.971158,18.781811],[98.971541,18.781804],[98.971555,18.781867],[98.971635,18.781849],[98.971598,18.781631],[98.971689,18.781641],[98.972177,18.783264],[98.972265,18.783353],[98.972375,18.783365],[98.972856,18.783271],[98.972848,18.783536],[98.972563,18.783655],[98.972657,18.784399],[98.972547,18.784424],[98.97259,18.784625],[98.972499,18.784635],[98.97248,18.784473],[98.972247,18.784495],[98.972236,18.784315],[98.972013,18.784351],[98.972013,18.784145],[98.971402,18.784115],[98.971139,18.784335],[98.971115,18.784605],[98.971045,18.784605],[98.971042,18.784506],[98.970804,18.7846],[98.970739,18.784594]]]}},{"type":"Feature","properties":{"k":"rural"},"geometry":{"type":"Polygon","coordinates":[[[98.970696,18.785212],[98.970251,18.785272],[98.970182,18.784742],[98.970404,18.784706],[98.970425,18.784894],[98.970659,18.784869],[98.970696,18.785212]]]}},{"type":"Feature","properties":{"k":"park"},"geometry":{"type":"Polygon","coordinates":[[[98.963407,18.790238],[98.963458,18.790224],[98.96356,18.790253],[98.963708,18.790345],[98.963721,18.790384],[98.963407,18.790238]]]}},{"type":"Feature","properties":{"k":"park"},"geometry":{"type":"Polygon","coordinates":[[[98.963654,18.789846],[98.963633,18.789853],[98.963098,18.788652],[98.963129,18.788651],[98.963654,18.789846]]]}},{"type":"Feature","properties":{"k":"forest"},"geometry":{"type":"Polygon","coordinates":[[[98.963155,18.789334],[98.963106,18.789335],[98.963105,18.789265],[98.963067,18.789265],[98.963064,18.78917],[98.963028,18.789171],[98.963026,18.789105],[98.96293,18.789107],[98.962927,18.788949],[98.963094,18.788949],[98.96326,18.789328],[98.963155,18.789334]]]}},{"type":"Feature","properties":{"k":"rural"},"geometry":{"type":"Polygon","coordinates":[[[98.963868,18.789659],[98.963725,18.789693],[98.96347,18.789084],[98.963614,18.789076],[98.963647,18.789485],[98.963805,18.789458],[98.963868,18.789659]]]}},{"type":"Feature","properties":{"k":"park"},"geometry":{"type":"Polygon","coordinates":[[[98.963389,18.789979],[98.96337,18.789578],[98.963485,18.789858],[98.963457,18.78995],[98.963389,18.789979]]]}},{"type":"Feature","properties":{"k":"rural"},"geometry":{"type":"Polygon","coordinates":[[[98.902086,18.837506],[98.902175,18.83727],[98.902645,18.837025],[98.903115,18.836579],[98.903326,18.836709],[98.902827,18.837489],[98.902326,18.837851],[98.902086,18.837506]]]}},{"type":"Feature","properties":{"k":"park"},"geometry":{"type":"Polygon","coordinates":[[[98.979816,18.784331],[98.979797,18.784245],[98.97974,18.784256],[98.979692,18.784037],[98.97976,18.784023],[98.979802,18.784217],[98.979987,18.784181],[98.980011,18.784293],[98.979816,18.784331]]]}},{"type":"Feature","properties":{"k":"forest"},"geometry":{"type":"Polygon","coordinates":[[[98.979415,18.782822],[98.979416,18.78272],[98.979675,18.782788],[98.979709,18.782658],[98.97995,18.782732],[98.979896,18.782852],[98.979781,18.782839],[98.979769,18.78287],[98.979415,18.782822]]]}},{"type":"Feature","properties":{"k":"park"},"geometry":{"type":"Polygon","coordinates":[[[98.978408,18.782426],[98.97813,18.78233],[98.978163,18.782187],[98.978464,18.782291],[98.978408,18.782426]]]}},{"type":"Feature","properties":{"k":"forest"},"geometry":{"type":"Polygon","coordinates":[[[98.978685,18.782911],[98.978709,18.782855],[98.97876,18.782874],[98.978847,18.782666],[98.978996,18.782722],[98.978965,18.782798],[98.979395,18.782959],[98.979316,18.783148],[98.978685,18.782911]]]}},{"type":"Feature","properties":{"k":"forest"},"geometry":{"type":"Polygon","coordinates":[[[98.980488,18.782814],[98.980494,18.782355],[98.98063,18.78236],[98.98068,18.78197],[98.98052,18.781959],[98.980527,18.781837],[98.980822,18.781839],[98.980828,18.781877],[98.980996,18.781875],[98.980997,18.781702],[98.981058,18.781696],[98.981062,18.781879],[98.981176,18.781884],[98.981188,18.782027],[98.981056,18.782054],[98.981048,18.781921],[98.980921,18.781938],[98.980917,18.781896],[98.980768,18.781921],[98.980807,18.782265],[98.980706,18.782295],[98.980706,18.782454],[98.98085,18.782444],[98.980867,18.782739],[98.980488,18.782814]]]}},{"type":"Feature","properties":{"k":"rural"},"geometry":{"type":"Polygon","coordinates":[[[98.980515,18.783654],[98.980597,18.783569],[98.980653,18.783572],[98.980655,18.783609],[98.980733,18.783613],[98.98072,18.783637],[98.980637,18.783633],[98.980634,18.783674],[98.980515,18.783654]]]}},{"type":"Feature","properties":{"k":"forest"},"geometry":{"type":"Polygon","coordinates":[[[98.980635,18.783821],[98.980633,18.783739],[98.980721,18.783727],[98.98072,18.783637],[98.980764,18.783594],[98.980854,18.783635],[98.980983,18.78363],[98.980981,18.783478],[98.981067,18.783343],[98.981524,18.783277],[98.981558,18.783378],[98.981372,18.78341],[98.981347,18.783355],[98.981168,18.783363],[98.98118,18.783443],[98.981062,18.783482],[98.981189,18.783723],[98.981007,18.783754],[98.980929,18.78385],[98.980635,18.783821]]]}},{"type":"Feature","properties":{"k":"rural"},"geometry":{"type":"Polygon","coordinates":[[[98.98046,18.78387],[98.980889,18.783885],[98.981291,18.783953],[98.981382,18.784304],[98.981184,18.784325],[98.981052,18.784371],[98.981078,18.784468],[98.981003,18.78449],[98.981011,18.784709],[98.980957,18.78471],[98.980948,18.784435],[98.98085,18.784417],[98.980832,18.784282],[98.980608,18.784301],[98.980418,18.784352],[98.980409,18.784311],[98.980492,18.784215],[98.98046,18.78387]]]}},{"type":"Feature","properties":{"k":"park"},"geometry":{"type":"Polygon","coordinates":[[[98.980356,18.783533],[98.980358,18.783411],[98.980489,18.783363],[98.980461,18.783624],[98.980393,18.783597],[98.980394,18.783532],[98.980356,18.783533]]]}},{"type":"Feature","properties":{"k":"park"},"geometry":{"type":"Polygon","coordinates":[[[98.979488,18.783987],[98.97947,18.783916],[98.97963,18.783881],[98.979613,18.783815],[98.979798,18.783774],[98.979831,18.783911],[98.979488,18.783987]]]}},{"type":"Feature","properties":{"k":"park"},"geometry":{"type":"Polygon","coordinates":[[[98.97884,18.783782],[98.978826,18.783638],[98.978911,18.783607],[98.978959,18.78363],[98.978994,18.783683],[98.978995,18.783763],[98.97884,18.783782]]]}},{"type":"Feature","properties":{"k":"forest"},"geometry":{"type":"Polygon","coordinates":[[[98.97848,18.783741],[98.978486,18.783599],[98.978616,18.783585],[98.978612,18.783378],[98.979198,18.783453],[98.979198,18.783579],[98.979281,18.783581],[98.979337,18.783839],[98.979257,18.783862],[98.979304,18.784028],[98.979191,18.784043],[98.979207,18.783823],[98.979022,18.783824],[98.979031,18.783674],[98.978984,18.783597],[98.978829,18.783557],[98.978821,18.783518],[98.97876,18.783527],[98.978763,18.78356],[98.978728,18.783574],[98.978739,18.783721],[98.97848,18.783741]]]}},{"type":"Feature","properties":{"k":"park"},"geometry":{"type":"Polygon","coordinates":[[[98.978733,18.783728],[98.97875,18.784078],[98.978463,18.784097],[98.978455,18.783758],[98.978733,18.783728]]]}},{"type":"Feature","properties":{"k":"rural"},"geometry":{"type":"Polygon","coordinates":[[[98.979336,18.783547],[98.979312,18.783388],[98.979329,18.783275],[98.979419,18.78327],[98.979442,18.78353],[98.979336,18.783547]]]}},{"type":"Feature","properties":{"k":"rural"},"geometry":{"type":"Polygon","coordinates":[[[98.979655,18.783252],[98.979562,18.783247],[98.979562,18.783199],[98.979422,18.783186],[98.979423,18.782952],[98.979663,18.782967],[98.979655,18.783252]]]}},{"type":"Feature","properties":{"k":"forest"},"geometry":{"type":"Polygon","coordinates":[[[98.978954,18.78489],[98.978869,18.784255],[98.979168,18.784268],[98.979174,18.784113],[98.979279,18.784096],[98.979379,18.784403],[98.979304,18.784414],[98.979262,18.784851],[98.9792,18.784852],[98.979199,18.78477],[98.979098,18.784774],[98.9791,18.784871],[98.978954,18.78489]]]}},{"type":"Feature","properties":{"k":"forest"},"geometry":{"type":"Polygon","coordinates":[[[98.978129,18.784468],[98.978115,18.784208],[98.978427,18.784167],[98.978441,18.78425],[98.97839,18.784258],[98.978422,18.784393],[98.978471,18.784386],[98.978483,18.784454],[98.978129,18.784468]]]}},{"type":"Feature","properties":{"k":"park"},"geometry":{"type":"Polygon","coordinates":[[[98.952669,18.799378],[98.952688,18.798899],[98.953151,18.798889],[98.953144,18.799412],[98.952669,18.799378]]]}},{"type":"Feature","properties":{"k":"forest"},"geometry":{"type":"Polygon","coordinates":[[[98.951924,18.799312],[98.951441,18.798873],[98.951422,18.79819],[98.951621,18.798174],[98.951634,18.798314],[98.952272,18.798256],[98.952262,18.798065],[98.952441,18.798108],[98.952441,18.798225],[98.952347,18.798253],[98.952337,18.798479],[98.952465,18.798477],[98.952481,18.798819],[98.952673,18.798826],[98.952673,18.798932],[98.951929,18.798918],[98.951924,18.799312]]]}},{"type":"Feature","properties":{"k":"park"},"geometry":{"type":"Polygon","coordinates":[[[98.952398,18.798459],[98.952398,18.798251],[98.952623,18.798251],[98.952623,18.798459],[98.952398,18.798459]]]}},{"type":"Feature","properties":{"k":"park"},"geometry":{"type":"Polygon","coordinates":[[[98.952397,18.798089],[98.952397,18.797827],[98.952792,18.797828],[98.952792,18.797974],[98.953119,18.797975],[98.953119,18.79809],[98.952397,18.798089]]]}},{"type":"Feature","properties":{"k":"rural"},"geometry":{"type":"Polygon","coordinates":[[[98.98535,18.781911],[98.98515,18.781924],[98.985163,18.782099],[98.98528,18.782091],[98.985282,18.782126],[98.984965,18.782147],[98.984984,18.781946],[98.98502,18.781943],[98.985008,18.781784],[98.985056,18.781781],[98.985063,18.781868],[98.985344,18.781829],[98.98535,18.781911]]]}},{"type":"Feature","properties":{"k":"forest"},"geometry":{"type":"Polygon","coordinates":[[[98.984838,18.782915],[98.984836,18.782713],[98.98505,18.782689],[98.985014,18.782898],[98.985077,18.78291],[98.985065,18.782954],[98.984838,18.782915]]]}},{"type":"Feature","properties":{"k":"rural"},"geometry":{"type":"Polygon","coordinates":[[[98.985309,18.78433],[98.985491,18.783881],[98.985607,18.783911],[98.985639,18.783729],[98.985701,18.783746],[98.985784,18.7835],[98.985827,18.7838],[98.986017,18.78381],[98.986012,18.783845],[98.985942,18.78384],[98.985921,18.784005],[98.986014,18.78401],[98.986023,18.784122],[98.985752,18.78414],[98.985529,18.784401],[98.985309,18.78433]]]}},{"type":"Feature","properties":{"k":"park"},"geometry":{"type":"Polygon","coordinates":[[[98.984099,18.785714],[98.984004,18.785717],[98.984007,18.785491],[98.98411,18.785507],[98.984099,18.785714]]]}},{"type":"Feature","properties":{"k":"forest"},"geometry":{"type":"Polygon","coordinates":[[[98.982302,18.785731],[98.982297,18.785432],[98.982494,18.785416],[98.982523,18.785722],[98.982302,18.785731]]]}},{"type":"Feature","properties":{"k":"park"},"geometry":{"type":"Polygon","coordinates":[[[98.984452,18.783962],[98.984493,18.783865],[98.984693,18.783939],[98.984734,18.78384],[98.984646,18.783807],[98.984669,18.783752],[98.984808,18.783804],[98.984795,18.783835],[98.984863,18.78386],[98.984876,18.783829],[98.984964,18.783862],[98.984859,18.784114],[98.984452,18.783962]]]}},{"type":"Feature","properties":{"k":"forest"},"geometry":{"type":"Polygon","coordinates":[[[98.983367,18.784652],[98.983523,18.784565],[98.98374,18.784545],[98.983867,18.784569],[98.98382,18.784809],[98.983739,18.7848],[98.983701,18.784657],[98.983595,18.784649],[98.983397,18.784721],[98.983367,18.784652]]]}},{"type":"Feature","properties":{"k":"rural"},"geometry":{"type":"Polygon","coordinates":[[[98.983254,18.785022],[98.983162,18.784751],[98.983367,18.784652],[98.983397,18.784721],[98.983595,18.784649],[98.983701,18.784657],[98.983739,18.7848],[98.983477,18.784833],[98.983496,18.784917],[98.983322,18.784956],[98.98333,18.784992],[98.983254,18.785022]]]}},{"type":"Feature","properties":{"k":"forest"},"geometry":{"type":"Polygon","coordinates":[[[98.983471,18.784089],[98.983409,18.783899],[98.983512,18.783867],[98.983537,18.783947],[98.983669,18.783916],[98.983689,18.783993],[98.983653,18.784027],[98.983471,18.784089]]]}},{"type":"Feature","properties":{"k":"park"},"geometry":{"type":"Polygon","coordinates":[[[98.983311,18.784228],[98.983274,18.784099],[98.98339,18.78407],[98.983401,18.784107],[98.983557,18.784068],[98.983583,18.784159],[98.983311,18.784228]]]}},{"type":"Feature","properties":{"k":"park"},"geometry":{"type":"Polygon","coordinates":[[[98.98194,18.784631],[98.981927,18.784507],[98.982274,18.784461],[98.982305,18.784627],[98.98194,18.784631]]]}},{"type":"Feature","properties":{"k":"pitch"},"geometry":{"type":"Polygon","coordinates":[[[98.952792,18.797828],[98.953119,18.797829],[98.953119,18.797975],[98.952792,18.797974],[98.952792,18.797828]]]}},{"type":"Feature","properties":{"k":"park"},"geometry":{"type":"Polygon","coordinates":[[[99.019015,18.808794],[99.018855,18.807249],[99.01899,18.807253],[99.019019,18.807393],[99.019154,18.807436],[99.019087,18.80756],[99.018965,18.807663],[99.019006,18.807968],[99.019015,18.808794]]]}},{"type":"Feature","properties":{"k":"park"},"geometry":{"type":"Polygon","coordinates":[[[99.019804,18.805458],[99.019868,18.805387],[99.019956,18.805457],[99.019807,18.805643],[99.019804,18.805458]]]}},{"type":"Feature","properties":{"k":"park"},"geometry":{"type":"Polygon","coordinates":[[[99.018202,18.805131],[99.018252,18.805086],[99.018344,18.805187],[99.018485,18.805159],[99.018441,18.805294],[99.018413,18.805304],[99.018414,18.805227],[99.018294,18.805266],[99.018202,18.805131]]]}},{"type":"Feature","properties":{"k":"park"},"geometry":{"type":"Polygon","coordinates":[[[99.018577,18.80583],[99.018571,18.805781],[99.018536,18.805787],[99.018529,18.805748],[99.018491,18.805757],[99.018468,18.80561],[99.018692,18.805544],[99.018729,18.805813],[99.018577,18.80583]]]}},{"type":"Feature","properties":{"k":"rural"},"geometry":{"type":"Polygon","coordinates":[[[99.018703,18.804908],[99.018729,18.805071],[99.01889,18.805035],[99.018944,18.805195],[99.019015,18.805185],[99.019038,18.805384],[99.018566,18.805388],[99.018405,18.805343],[99.018485,18.805159],[99.018598,18.805114],[99.01864,18.804913],[99.018703,18.804908]]]}},{"type":"Feature","properties":{"k":"forest"},"geometry":{"type":"Polygon","coordinates":[[[99.02191,18.808044],[99.021902,18.80799],[99.022015,18.80794],[99.021988,18.807693],[99.022101,18.807665],[99.022176,18.807886],[99.022238,18.807879],[99.022246,18.807935],[99.02191,18.808044]]]}},{"type":"Feature","properties":{"k":"forest"},"geometry":{"type":"Polygon","coordinates":[[[99.021538,18.807366],[99.021876,18.806924],[99.021927,18.806965],[99.021792,18.807168],[99.021978,18.807295],[99.021769,18.807562],[99.021795,18.807716],[99.021629,18.807749],[99.02161,18.80763],[99.021293,18.807667],[99.02134,18.807606],[99.021581,18.807564],[99.021538,18.807366]]]}},{"type":"Feature","properties":{"k":"forest"},"geometry":{"type":"Polygon","coordinates":[[[99.022568,18.808808],[99.022493,18.808529],[99.022573,18.808516],[99.022562,18.808475],[99.02268,18.808427],[99.022608,18.808318],[99.022643,18.808219],[99.022627,18.807985],[99.022804,18.807998],[99.022973,18.807945],[99.023136,18.808125],[99.022997,18.808262],[99.022696,18.808742],[99.022568,18.808808]]]}},{"type":"Feature","properties":{"k":"pitch"},"geometry":{"type":"Polygon","coordinates":[[[99.019179,18.809276],[99.019112,18.809171],[99.019281,18.809075],[99.019348,18.80918],[99.019179,18.809276]]]}},{"type":"Feature","properties":{"k":"rural"},"geometry":{"type":"Polygon","coordinates":[[[99.019192,18.806014],[99.019315,18.806014],[99.019311,18.806302],[99.01927,18.806303],[99.019266,18.806244],[99.019181,18.806251],[99.019165,18.806558],[99.019029,18.806553],[99.01894,18.806065],[99.018984,18.805988],[99.019024,18.806223],[99.019183,18.806211],[99.019192,18.806014]]]}},{"type":"Feature","properties":{"k":"park"},"geometry":{"type":"Polygon","coordinates":[[[99.017665,18.812914],[99.017597,18.812896],[99.017625,18.812802],[99.017694,18.812819],[99.017665,18.812914]]]}},{"type":"Feature","properties":{"k":"park"},"geometry":{"type":"Polygon","coordinates":[[[99.011841,18.797989],[99.011978,18.797639],[99.012131,18.797679],[99.012013,18.797997],[99.01193,18.798012],[99.011841,18.797989]]]}},{"type":"Feature","properties":{"k":"park"},"geometry":{"type":"Polygon","coordinates":[[[98.998334,18.794628],[98.998393,18.794409],[98.998319,18.794401],[98.998327,18.794331],[98.998276,18.79432],[98.998287,18.79419],[98.998532,18.794215],[98.998524,18.794268],[98.998668,18.794289],[98.998642,18.794518],[98.998681,18.794519],[98.998668,18.794642],[98.998334,18.794628]]]}},{"type":"Feature","properties":{"k":"park"},"geometry":{"type":"Polygon","coordinates":[[[98.998711,18.794457],[98.998774,18.794086],[98.998825,18.794053],[98.999118,18.794057],[98.999034,18.79451],[98.998988,18.794571],[98.998932,18.794551],[98.998949,18.794406],[98.998784,18.79439],[98.998772,18.79446],[98.998711,18.794457]]]}},{"type":"Feature","properties":{"k":"park"},"geometry":{"type":"Polygon","coordinates":[[[98.998556,18.793923],[98.998552,18.793858],[98.998695,18.793856],[98.998703,18.793808],[98.998968,18.793815],[98.998964,18.793862],[98.999101,18.793862],[98.999101,18.793897],[98.999053,18.7939],[98.999037,18.793995],[98.998556,18.793923]]]}},{"type":"Feature","properties":{"k":"pitch"},"geometry":{"type":"Polygon","coordinates":[[[98.976342,18.785585],[98.976337,18.785246],[98.9769,18.785239],[98.976904,18.785578],[98.976342,18.785585]]]}},{"type":"Feature","properties":{"k":"rural"},"geometry":{"type":"Polygon","coordinates":[[[98.986092,18.782373],[98.986081,18.782334],[98.986136,18.78232],[98.986117,18.78225],[98.986265,18.782213],[98.986295,18.782322],[98.986092,18.782373]]]}},{"type":"Feature","properties":{"k":"forest"},"geometry":{"type":"Polygon","coordinates":[[[98.986434,18.78167],[98.986423,18.781607],[98.986323,18.781622],[98.986313,18.78156],[98.986573,18.781522],[98.986593,18.781647],[98.986434,18.78167]]]}},{"type":"Feature","properties":{"k":"forest"},"geometry":{"type":"Polygon","coordinates":[[[98.987549,18.783294],[98.987538,18.783063],[98.98759,18.783061],[98.987588,18.783016],[98.987631,18.783015],[98.987644,18.78329],[98.987549,18.783294]]]}},{"type":"Feature","properties":{"k":"park"},"geometry":{"type":"Polygon","coordinates":[[[98.98722,18.783263],[98.987231,18.783117],[98.987474,18.783134],[98.987463,18.78328],[98.98722,18.783263]]]}},{"type":"Feature","properties":{"k":"forest"},"geometry":{"type":"Polygon","coordinates":[[[98.986964,18.783308],[98.98711,18.783313],[98.987127,18.783548],[98.987177,18.783543],[98.987207,18.783775],[98.987133,18.783784],[98.987119,18.783678],[98.987067,18.783684],[98.987048,18.783532],[98.986909,18.783548],[98.986902,18.783494],[98.986952,18.783488],[98.986964,18.783308]]]}},{"type":"Feature","properties":{"k":"forest"},"geometry":{"type":"Polygon","coordinates":[[[98.989744,18.782912],[98.989703,18.782852],[98.989964,18.782691],[98.990005,18.782751],[98.989744,18.782912]]]}},{"type":"Feature","properties":{"k":"forest"},"geometry":{"type":"Polygon","coordinates":[[[98.98933,18.784975],[98.989327,18.78462],[98.989421,18.784617],[98.989421,18.784564],[98.989593,18.784551],[98.989609,18.78478],[98.989729,18.784793],[98.989719,18.784739],[98.989791,18.784696],[98.989775,18.784516],[98.989668,18.784508],[98.989668,18.784462],[98.990199,18.784483],[98.990188,18.784567],[98.990252,18.784574],[98.990252,18.78478],[98.990201,18.784793],[98.990196,18.784963],[98.990057,18.784978],[98.990067,18.78482],[98.989896,18.784813],[98.989901,18.784935],[98.989432,18.784925],[98.98933,18.784975]]]}},{"type":"Feature","properties":{"k":"park"},"geometry":{"type":"Polygon","coordinates":[[[98.988995,18.785497],[98.988909,18.785412],[98.988836,18.785173],[98.988753,18.785185],[98.988753,18.785115],[98.988703,18.785118],[98.988699,18.785044],[98.98888,18.78505],[98.988876,18.785111],[98.989005,18.785105],[98.989011,18.785055],[98.989123,18.785045],[98.989122,18.784829],[98.989213,18.78482],[98.989226,18.785015],[98.989112,18.785072],[98.98911,18.785488],[98.988995,18.785497]]]}},{"type":"Feature","properties":{"k":"forest"},"geometry":{"type":"Polygon","coordinates":[[[98.988802,18.785531],[98.988753,18.785185],[98.988836,18.785173],[98.988909,18.785412],[98.988995,18.785497],[98.988802,18.785531]]]}},{"type":"Feature","properties":{"k":"park"},"geometry":{"type":"Polygon","coordinates":[[[98.98781,18.783548],[98.987841,18.78366],[98.987365,18.783765],[98.987353,18.783572],[98.98781,18.783548]]]}},{"type":"Feature","properties":{"k":"forest"},"geometry":{"type":"Polygon","coordinates":[[[98.990881,18.793504],[98.990832,18.793319],[98.99103,18.793309],[98.991084,18.793292],[98.991088,18.793253],[98.991223,18.793231],[98.991235,18.793316],[98.9911,18.793398],[98.991091,18.793352],[98.990999,18.793375],[98.990999,18.793484],[98.990881,18.793504]]]}},{"type":"Feature","properties":{"k":"forest"},"geometry":{"type":"Polygon","coordinates":[[[98.991802,18.791507],[98.99178,18.791412],[98.991916,18.791384],[98.991938,18.791479],[98.991802,18.791507]]]}},{"type":"Feature","properties":{"k":"forest"},"geometry":{"type":"Polygon","coordinates":[[[98.990782,18.791072],[98.990731,18.790881],[98.991363,18.790764],[98.991364,18.79095],[98.990923,18.790985],[98.990934,18.791047],[98.990782,18.791072]]]}},{"type":"Feature","properties":{"k":"forest"},"geometry":{"type":"Polygon","coordinates":[[[98.991453,18.791561],[98.991422,18.791355],[98.991634,18.791306],[98.991671,18.791416],[98.991643,18.791428],[98.991659,18.791479],[98.991453,18.791561]]]}},{"type":"Feature","properties":{"k":"forest"},"geometry":{"type":"Polygon","coordinates":[[[98.990793,18.791532],[98.990814,18.791308],[98.99104,18.791298],[98.991152,18.791514],[98.990793,18.791532]]]}},{"type":"Feature","properties":{"k":"rural"},"geometry":{"type":"Polygon","coordinates":[[[98.992393,18.791496],[98.992656,18.79139],[98.99275,18.791578],[98.992471,18.79168],[98.992454,18.791525],[98.992395,18.791531],[98.992393,18.791496]]]}},{"type":"Feature","properties":{"k":"park"},"geometry":{"type":"Polygon","coordinates":[[[98.993658,18.794705],[98.993708,18.794703],[98.99374,18.795184],[98.993678,18.795166],[98.993658,18.794705]]]}},{"type":"Feature","properties":{"k":"park"},"geometry":{"type":"Polygon","coordinates":[[[98.957743,18.796189],[98.957707,18.796233],[98.957655,18.796207],[98.957654,18.796177],[98.957703,18.796148],[98.957743,18.796189]]]}},{"type":"Feature","properties":{"k":"park"},"geometry":{"type":"Polygon","coordinates":[[[98.95419,18.794569],[98.954207,18.794445],[98.95426,18.7944],[98.954238,18.794579],[98.95419,18.794569]]]}},{"type":"Feature","properties":{"k":"forest"},"geometry":{"type":"Polygon","coordinates":[[[98.974384,18.781519],[98.97402,18.781301],[98.973647,18.780958],[98.973672,18.780911],[98.973863,18.781064],[98.973902,18.781019],[98.97391,18.780936],[98.973987,18.780855],[98.973874,18.780769],[98.973712,18.780816],[98.97353,18.780681],[98.973464,18.78048],[98.973483,18.780275],[98.973371,18.780262],[98.97334,18.780293],[98.973335,18.780475],[98.973191,18.780361],[98.972738,18.780285],[98.972078,18.780265],[98.972072,18.780223],[98.97359,18.7802],[98.973596,18.780575],[98.974428,18.780538],[98.974175,18.780689],[98.974205,18.781021],[98.9741,18.781026],[98.974095,18.781189],[98.974261,18.78134],[98.974368,18.78133],[98.974384,18.781519]]]}},{"type":"Feature","properties":{"k":"park"},"geometry":{"type":"Polygon","coordinates":[[[98.97439,18.780846],[98.974352,18.780804],[98.974358,18.780735],[98.974384,18.780684],[98.974437,18.780679],[98.97448,18.780718],[98.974478,18.780782],[98.97439,18.780846]]]}},{"type":"Feature","properties":{"k":"park"},"geometry":{"type":"Polygon","coordinates":[[[98.968225,18.779454],[98.968296,18.779476],[98.968274,18.779602],[98.968204,18.779617],[98.968109,18.779584],[98.968105,18.779516],[98.968146,18.779433],[98.968199,18.779422],[98.968225,18.779454]]]}},{"type":"Feature","properties":{"k":"park"},"geometry":{"type":"Polygon","coordinates":[[[98.968255,18.77944],[98.968207,18.779411],[98.968201,18.779338],[98.96822,18.779294],[98.968285,18.77929],[98.968323,18.779332],[98.968315,18.779408],[98.968255,18.77944]]]}},{"type":"Feature","properties":{"k":"park"},"geometry":{"type":"Polygon","coordinates":[[[98.971522,18.779928],[98.971535,18.779815],[98.971608,18.779796],[98.971654,18.779832],[98.971641,18.77997],[98.971522,18.779928]]]}},{"type":"Feature","properties":{"k":"park"},"geometry":{"type":"Polygon","coordinates":[[[98.96799,18.779769],[98.968003,18.779712],[98.968046,18.779706],[98.96805,18.779766],[98.968029,18.779786],[98.96799,18.779769]]]}},{"type":"Feature","properties":{"k":"park"},"geometry":{"type":"Polygon","coordinates":[[[98.968992,18.780658],[98.968981,18.780622],[98.969033,18.780601],[98.969084,18.780669],[98.96904,18.780686],[98.968992,18.780658]]]}},{"type":"Feature","properties":{"k":"park"},"geometry":{"type":"Polygon","coordinates":[[[98.968677,18.780554],[98.968702,18.780488],[98.968793,18.780519],[98.968765,18.780576],[98.968677,18.780554]]]}},{"type":"Feature","properties":{"k":"park"},"geometry":{"type":"Polygon","coordinates":[[[98.968394,18.780549],[98.968378,18.780472],[98.968407,18.780425],[98.968502,18.780434],[98.968501,18.780531],[98.968394,18.780549]]]}},{"type":"Feature","properties":{"k":"park"},"geometry":{"type":"Polygon","coordinates":[[[98.968402,18.780102],[98.968449,18.779982],[98.968565,18.780006],[98.968661,18.780074],[98.968643,18.780143],[98.968594,18.780166],[98.968478,18.780153],[98.968402,18.780102]]]}},{"type":"Feature","properties":{"k":"park"},"geometry":{"type":"Polygon","coordinates":[[[98.967708,18.780599],[98.967773,18.780424],[98.967876,18.780438],[98.967864,18.780616],[98.967835,18.78065],[98.967739,18.780635],[98.967708,18.780599]]]}},{"type":"Feature","properties":{"k":"park"},"geometry":{"type":"Polygon","coordinates":[[[98.970899,18.779681],[98.97093,18.779654],[98.97099,18.77966],[98.971014,18.779749],[98.970943,18.77976],[98.970899,18.779681]]]}},{"type":"Feature","properties":{"k":"park"},"geometry":{"type":"Polygon","coordinates":[[[98.971258,18.779809],[98.971343,18.779787],[98.97137,18.779822],[98.971301,18.779878],[98.971241,18.779848],[98.971258,18.779809]]]}},{"type":"Feature","properties":{"k":"park"},"geometry":{"type":"Polygon","coordinates":[[[98.971392,18.780242],[98.971497,18.78034],[98.971466,18.780406],[98.971403,18.780412],[98.971324,18.780359],[98.971317,18.780251],[98.971392,18.780242]]]}},{"type":"Feature","properties":{"k":"park"},"geometry":{"type":"Polygon","coordinates":[[[98.972741,18.781297],[98.972746,18.781189],[98.972831,18.78116],[98.972909,18.781183],[98.972926,18.781216],[98.9729,18.781303],[98.97285,18.781326],[98.972741,18.781297]]]}},{"type":"Feature","properties":{"k":"park"},"geometry":{"type":"Polygon","coordinates":[[[98.973978,18.781385],[98.973946,18.781375],[98.973958,18.781324],[98.974009,18.781342],[98.973978,18.781385]]]}},{"type":"Feature","properties":{"k":"park"},"geometry":{"type":"Polygon","coordinates":[[[98.974568,18.781415],[98.9746,18.781371],[98.974638,18.781369],[98.974734,18.781437],[98.974722,18.781505],[98.974655,18.78157],[98.974598,18.781562],[98.974568,18.781415]]]}},{"type":"Feature","properties":{"k":"park"},"geometry":{"type":"Polygon","coordinates":[[[98.9745,18.781357],[98.974533,18.781446],[98.974525,18.781562],[98.974449,18.781546],[98.974402,18.781466],[98.974414,18.781378],[98.9745,18.781357]]]}},{"type":"Feature","properties":{"k":"park"},"geometry":{"type":"Polygon","coordinates":[[[98.974359,18.781585],[98.974446,18.781623],[98.974442,18.781689],[98.974402,18.781696],[98.974312,18.781627],[98.974359,18.781585]]]}},{"type":"Feature","properties":{"k":"park"},"geometry":{"type":"Polygon","coordinates":[[[98.97415,18.781474],[98.974215,18.78147],[98.974264,18.781502],[98.974248,18.78157],[98.974146,18.781545],[98.97415,18.781474]]]}},{"type":"Feature","properties":{"k":"park"},"geometry":{"type":"Polygon","coordinates":[[[98.974339,18.782094],[98.974358,18.782195],[98.974309,18.782222],[98.974292,18.782112],[98.974339,18.782094]]]}},{"type":"Feature","properties":{"k":"park"},"geometry":{"type":"Polygon","coordinates":[[[98.973207,18.781635],[98.973239,18.781656],[98.973246,18.781728],[98.973175,18.781755],[98.973145,18.781688],[98.973207,18.781635]]]}},{"type":"Feature","properties":{"k":"park"},"geometry":{"type":"Polygon","coordinates":[[[98.973766,18.781946],[98.9738,18.782107],[98.973776,18.782151],[98.973707,18.782151],[98.973638,18.782075],[98.97365,18.781977],[98.973699,18.781936],[98.973766,18.781946]]]}},{"type":"Feature","properties":{"k":"park"},"geometry":{"type":"Polygon","coordinates":[[[98.972928,18.784772],[98.972932,18.784695],[98.97301,18.784705],[98.972984,18.78477],[98.972928,18.784772]]]}},{"type":"Feature","properties":{"k":"park"},"geometry":{"type":"Polygon","coordinates":[[[98.972932,18.784887],[98.972911,18.784826],[98.972955,18.784789],[98.973003,18.784838],[98.972978,18.784885],[98.972932,18.784887]]]}},{"type":"Feature","properties":{"k":"park"},"geometry":{"type":"Polygon","coordinates":[[[98.972928,18.785104],[98.972886,18.785046],[98.972902,18.784918],[98.972998,18.784916],[98.973019,18.785045],[98.972928,18.785104]]]}},{"type":"Feature","properties":{"k":"park"},"geometry":{"type":"Polygon","coordinates":[[[98.972897,18.785278],[98.97287,18.785269],[98.97288,18.785212],[98.972916,18.785228],[98.972897,18.785278]]]}},{"type":"Feature","properties":{"k":"park"},"geometry":{"type":"Polygon","coordinates":[[[98.973316,18.785198],[98.973342,18.785043],[98.973368,18.785011],[98.973427,18.78502],[98.97347,18.78506],[98.973444,18.785193],[98.973365,18.785219],[98.973316,18.785198]]]}},{"type":"Feature","properties":{"k":"park"},"geometry":{"type":"Polygon","coordinates":[[[98.975174,18.783723],[98.975126,18.783736],[98.975088,18.783713],[98.975063,18.783548],[98.975178,18.783529],[98.975209,18.783656],[98.975174,18.783723]]]}},{"type":"Feature","properties":{"k":"park"},"geometry":{"type":"Polygon","coordinates":[[[98.974972,18.785846],[98.974964,18.785789],[98.975034,18.785799],[98.975025,18.785831],[98.974972,18.785846]]]}},{"type":"Feature","properties":{"k":"park"},"geometry":{"type":"Polygon","coordinates":[[[98.974757,18.786104],[98.974729,18.786057],[98.974788,18.785967],[98.974822,18.785962],[98.974843,18.785973],[98.974827,18.786077],[98.974757,18.786104]]]}},{"type":"Feature","properties":{"k":"park"},"geometry":{"type":"Polygon","coordinates":[[[98.974422,18.785505],[98.974372,18.78544],[98.974405,18.785292],[98.974501,18.785279],[98.974535,18.785317],[98.974501,18.785479],[98.974422,18.785505]]]}},{"type":"Feature","properties":{"k":"park"},"geometry":{"type":"Polygon","coordinates":[[[98.973704,18.78638],[98.973774,18.786311],[98.973837,18.786307],[98.973821,18.786415],[98.973749,18.786423],[98.973704,18.78638]]]}},{"type":"Feature","properties":{"k":"park"},"geometry":{"type":"Polygon","coordinates":[[[98.973776,18.78618],[98.973743,18.786169],[98.973736,18.786117],[98.973806,18.786088],[98.97382,18.786138],[98.973776,18.78618]]]}},{"type":"Feature","properties":{"k":"park"},"geometry":{"type":"Polygon","coordinates":[[[98.973015,18.786231],[98.972992,18.786157],[98.973037,18.786116],[98.973187,18.786116],[98.973249,18.786156],[98.973235,18.786216],[98.973175,18.786246],[98.973015,18.786231]]]}},{"type":"Feature","properties":{"k":"park"},"geometry":{"type":"Polygon","coordinates":[[[98.973206,18.781972],[98.973206,18.782057],[98.973148,18.782079],[98.973112,18.782046],[98.973117,18.781961],[98.973186,18.781943],[98.973206,18.781972]]]}},{"type":"Feature","properties":{"k":"park"},"geometry":{"type":"Polygon","coordinates":[[[98.973211,18.782251],[98.973233,18.782316],[98.973194,18.782346],[98.973158,18.78233],[98.97314,18.782263],[98.973188,18.782234],[98.973211,18.782251]]]}},{"type":"Feature","properties":{"k":"forest"},"geometry":{"type":"Polygon","coordinates":[[[98.965439,18.792019],[98.965247,18.791314],[98.965394,18.791289],[98.96534,18.790995],[98.965088,18.791043],[98.964953,18.790089],[98.964879,18.789922],[98.965238,18.789866],[98.965268,18.790021],[98.965131,18.790105],[98.965254,18.790773],[98.967091,18.790623],[98.968929,18.790404],[98.968961,18.79074],[98.96722,18.790988],[98.967218,18.790933],[98.967008,18.790963],[98.967065,18.791298],[98.967236,18.791273],[98.96726,18.79143],[98.968186,18.791278],[98.968194,18.791321],[98.968872,18.791222],[98.968872,18.791181],[98.969103,18.791133],[98.969122,18.791278],[98.967282,18.791542],[98.96733,18.791694],[98.967277,18.791791],[98.967483,18.792964],[98.967505,18.793319],[98.966807,18.793472],[98.966684,18.792928],[98.967011,18.792852],[98.966936,18.792608],[98.966475,18.792715],[98.966453,18.792573],[98.966941,18.792456],[98.966877,18.792299],[98.966914,18.792238],[98.967086,18.792192],[98.967006,18.791908],[98.966754,18.791953],[98.966582,18.791583],[98.966298,18.791542],[98.966121,18.791781],[98.965863,18.791837],[98.965879,18.791933],[98.965734,18.792162],[98.965772,18.792334],[98.965648,18.79236],[98.965439,18.792019]]]}},{"type":"Feature","properties":{"k":"park"},"geometry":{"type":"Polygon","coordinates":[[[98.975538,18.772085],[98.975616,18.77188],[98.975455,18.771811],[98.975746,18.771246],[98.975965,18.772481],[98.975897,18.772479],[98.975768,18.7724],[98.975634,18.772255],[98.975538,18.772085]]]}},{"type":"Feature","properties":{"k":"park"},"geometry":{"type":"Polygon","coordinates":[[[98.974207,18.771998],[98.974037,18.771978],[98.973954,18.771836],[98.973987,18.77173],[98.974116,18.771623],[98.974191,18.771497],[98.974227,18.771309],[98.974307,18.771345],[98.974265,18.771356],[98.97426,18.771427],[98.974304,18.771586],[98.974297,18.771711],[98.974343,18.771759],[98.974504,18.771808],[98.974666,18.77198],[98.974608,18.7721],[98.974352,18.772],[98.974207,18.771998]]]}},{"type":"Feature","properties":{"k":"park"},"geometry":{"type":"Polygon","coordinates":[[[98.976281,18.775794],[98.976177,18.775767],[98.976179,18.775672],[98.976051,18.775638],[98.975986,18.775752],[98.975935,18.775736],[98.975963,18.775663],[98.976023,18.77563],[98.97627,18.77559],[98.97627,18.775616],[98.976356,18.775606],[98.976281,18.775794]]]}},{"type":"Feature","properties":{"k":"park"},"geometry":{"type":"Polygon","coordinates":[[[98.975539,18.775717],[98.975528,18.775632],[98.975616,18.775398],[98.975657,18.775378],[98.975939,18.775512],[98.975853,18.775737],[98.975755,18.775797],[98.975539,18.775717]]]}},{"type":"Feature","properties":{"k":"rural"},"geometry":{"type":"Polygon","coordinates":[[[98.980264,18.72952],[98.982495,18.730261],[98.982129,18.730715],[98.981908,18.730622],[98.98135,18.731463],[98.981288,18.731496],[98.981087,18.731862],[98.980767,18.732136],[98.980628,18.732052],[98.980518,18.732156],[98.98069,18.732258],[98.980596,18.732322],[98.979853,18.731918],[98.979231,18.731646],[98.979397,18.731394],[98.978992,18.731107],[98.979062,18.73081],[98.979188,18.730792],[98.979363,18.730836],[98.979536,18.73082],[98.979754,18.730787],[98.979931,18.730716],[98.980226,18.730264],[98.980264,18.730025],[98.980264,18.72952]]]}},{"type":"Feature","properties":{"k":"rural"},"geometry":{"type":"Polygon","coordinates":[[[98.978241,18.731867],[98.979037,18.732098],[98.978847,18.733038],[98.97806,18.732589],[98.977991,18.732432],[98.977999,18.732251],[98.978099,18.732034],[98.978241,18.731867]]]}},{"type":"Feature","properties":{"k":"park"},"geometry":{"type":"Polygon","coordinates":[[[98.975492,18.772584],[98.975575,18.772442],[98.97568,18.772459],[98.975738,18.772568],[98.975989,18.772613],[98.976049,18.772953],[98.975654,18.772863],[98.975718,18.772643],[98.975492,18.772584]]]}},{"type":"Feature","properties":{"k":"park"},"geometry":{"type":"Polygon","coordinates":[[[98.975236,18.7724],[98.975327,18.772268],[98.975492,18.772307],[98.975503,18.772362],[98.975451,18.772481],[98.975334,18.772474],[98.975236,18.7724]]]}},{"type":"Feature","properties":{"k":"park"},"geometry":{"type":"Polygon","coordinates":[[[98.975178,18.772406],[98.974964,18.772347],[98.975264,18.772252],[98.975178,18.772406]]]}},{"type":"Feature","properties":{"k":"forest"},"geometry":{"type":"Polygon","coordinates":[[[98.973684,18.771702],[98.97358,18.771676],[98.973621,18.771518],[98.97344,18.771551],[98.973361,18.771436],[98.974002,18.771133],[98.974109,18.771275],[98.97382,18.771377],[98.973684,18.771702]]]}},{"type":"Feature","properties":{"k":"park"},"geometry":{"type":"Polygon","coordinates":[[[98.974077,18.771083],[98.974387,18.770897],[98.974329,18.771242],[98.974182,18.771217],[98.974077,18.771083]]]}},{"type":"Feature","properties":{"k":"park"},"geometry":{"type":"Polygon","coordinates":[[[98.975209,18.770608],[98.9752,18.770572],[98.975294,18.770511],[98.97538,18.770544],[98.975343,18.770611],[98.97527,18.770638],[98.975209,18.770608]]]}},{"type":"Feature","properties":{"k":"park"},"geometry":{"type":"Polygon","coordinates":[[[98.975402,18.770546],[98.975487,18.77061],[98.975504,18.770724],[98.975387,18.770697],[98.975366,18.77062],[98.975402,18.770546]]]}},{"type":"Feature","properties":{"k":"park"},"geometry":{"type":"Polygon","coordinates":[[[98.973852,18.771779],[98.973814,18.771775],[98.973899,18.77152],[98.973848,18.771488],[98.973867,18.771448],[98.973934,18.771462],[98.974093,18.771374],[98.974091,18.771341],[98.974139,18.771342],[98.974127,18.771419],[98.973852,18.771779]]]}},{"type":"Feature","properties":{"k":"park"},"geometry":{"type":"Polygon","coordinates":[[[98.974099,18.772428],[98.974181,18.772099],[98.974214,18.772076],[98.974497,18.772139],[98.974488,18.772175],[98.974274,18.772128],[98.974215,18.772179],[98.974151,18.77244],[98.974099,18.772428]]]}},{"type":"Feature","properties":{"k":"park"},"geometry":{"type":"Polygon","coordinates":[[[98.973869,18.772348],[98.973949,18.772057],[98.974076,18.772088],[98.974006,18.772344],[98.973969,18.772373],[98.973869,18.772348]]]}},{"type":"Feature","properties":{"k":"rural"},"geometry":{"type":"Polygon","coordinates":[[[98.972928,18.773096],[98.972936,18.772705],[98.973135,18.77274],[98.973161,18.772654],[98.973303,18.772654],[98.973674,18.772733],[98.974468,18.773001],[98.974493,18.773176],[98.974336,18.774018],[98.974367,18.774135],[98.974278,18.774444],[98.974512,18.774504],[98.97449,18.774609],[98.974661,18.774904],[98.974616,18.775005],[98.974649,18.775018],[98.974577,18.775206],[98.974546,18.775194],[98.974448,18.775418],[98.974231,18.77607],[98.973731,18.775879],[98.973756,18.775223],[98.97341,18.77439],[98.973299,18.773482],[98.972992,18.773429],[98.972979,18.773314],[98.973049,18.773129],[98.972928,18.773096]]]}},{"type":"Feature","properties":{"k":"rural"},"geometry":{"type":"Polygon","coordinates":[[[98.978986,18.850543],[98.978859,18.84964],[98.97845,18.849655],[98.978115,18.849708],[98.97792,18.849703],[98.977847,18.849315],[98.978823,18.849216],[98.978799,18.849437],[98.978882,18.849495],[98.978982,18.849513],[98.97922,18.849434],[98.980216,18.849259],[98.980242,18.849279],[98.980454,18.850432],[98.980427,18.850511],[98.980111,18.850597],[98.978986,18.850543]]]}},{"type":"Feature","properties":{"k":"park"},"geometry":{"type":"Polygon","coordinates":[[[98.98054,18.785331],[98.980541,18.785562],[98.980574,18.785562],[98.980575,18.785715],[98.980311,18.785719],[98.980248,18.785329],[98.98054,18.785331]]]}},{"type":"Feature","properties":{"k":"forest"},"geometry":{"type":"Polygon","coordinates":[[[98.983077,18.787053],[98.983081,18.786758],[98.983413,18.786839],[98.983689,18.786799],[98.983719,18.786847],[98.983515,18.786898],[98.983515,18.78702],[98.983077,18.787053]]]}},{"type":"Feature","properties":{"k":"park"},"geometry":{"type":"Polygon","coordinates":[[[98.983134,18.786484],[98.983063,18.786487],[98.983068,18.786606],[98.983158,18.786619],[98.983009,18.786625],[98.983013,18.78672],[98.983079,18.786717],[98.983077,18.787053],[98.98312,18.787266],[98.982418,18.787337],[98.982408,18.787312],[98.982848,18.787216],[98.982815,18.786672],[98.982988,18.786656],[98.982988,18.786451],[98.983104,18.786447],[98.983134,18.786484]]]}},{"type":"Feature","properties":{"k":"forest"},"geometry":{"type":"Polygon","coordinates":[[[98.95294,18.789851],[98.953459,18.78998],[98.953416,18.79028],[98.953546,18.790307],[98.953644,18.790105],[98.954131,18.790234],[98.954173,18.790341],[98.954162,18.790456],[98.953479,18.790488],[98.953224,18.790465],[98.953144,18.790916],[98.953528,18.790976],[98.953526,18.79084],[98.953646,18.790901],[98.953605,18.791181],[98.953816,18.79124],[98.953648,18.791532],[98.953455,18.791476],[98.95345,18.791258],[98.953187,18.791217],[98.952978,18.791364],[98.952892,18.791197],[98.952425,18.791237],[98.952388,18.791044],[98.952023,18.791009],[98.951958,18.790602],[98.952152,18.790409],[98.952028,18.790267],[98.95257,18.790201],[98.952801,18.790684],[98.952913,18.790684],[98.953074,18.790349],[98.952854,18.790191],[98.95294,18.789851]]]}},{"type":"Feature","properties":{"k":"rural"},"geometry":{"type":"Polygon","coordinates":[[[98.953957,18.789917],[98.953876,18.789785],[98.954316,18.789701],[98.954335,18.789869],[98.953957,18.789917]]]}},{"type":"Feature","properties":{"k":"forest"},"geometry":{"type":"Polygon","coordinates":[[[98.989606,18.786608],[98.989566,18.786283],[98.989485,18.786283],[98.989466,18.786032],[98.990057,18.786083],[98.990046,18.786303],[98.989788,18.786293],[98.989812,18.786583],[98.989606,18.786608]]]}},{"type":"Feature","properties":{"k":"rural"},"geometry":{"type":"Polygon","coordinates":[[[98.990429,18.786161],[98.990467,18.785704],[98.99073,18.785699],[98.99077,18.786098],[98.990429,18.786161]]]}},{"type":"Feature","properties":{"k":"forest"},"geometry":{"type":"Polygon","coordinates":[[[98.991183,18.785956],[98.991408,18.785912],[98.991473,18.785808],[98.991827,18.78576],[98.991757,18.785938],[98.991628,18.785999],[98.991615,18.786108],[98.99125,18.786164],[98.991151,18.786032],[98.991183,18.785956]]]}},{"type":"Feature","properties":{"k":"rural"},"geometry":{"type":"Polygon","coordinates":[[[98.98939,18.787526],[98.989452,18.787454],[98.989554,18.787463],[98.989574,18.787258],[98.989779,18.78718],[98.989829,18.787551],[98.989644,18.787574],[98.989655,18.787652],[98.989417,18.787682],[98.98939,18.787526]]]}},{"type":"Feature","properties":{"k":"park"},"geometry":{"type":"Polygon","coordinates":[[[98.988294,18.788105],[98.988298,18.787998],[98.988407,18.787993],[98.988417,18.787768],[98.988562,18.787765],[98.988564,18.788096],[98.988294,18.788105]]]}},{"type":"Feature","properties":{"k":"park"},"geometry":{"type":"Polygon","coordinates":[[[98.988254,18.788107],[98.988022,18.788103],[98.988051,18.787765],[98.988203,18.787767],[98.988214,18.787991],[98.988254,18.787987],[98.988254,18.788107]]]}},{"type":"Feature","properties":{"k":"rural"},"geometry":{"type":"Polygon","coordinates":[[[98.979095,18.794902],[98.979029,18.794662],[98.979152,18.794637],[98.97916,18.794672],[98.979194,18.794665],[98.979203,18.794702],[98.979173,18.794709],[98.979212,18.794878],[98.979095,18.794902]]]}},{"type":"Feature","properties":{"k":"forest"},"geometry":{"type":"Polygon","coordinates":[[[98.978882,18.795506],[98.978774,18.795476],[98.978703,18.795369],[98.978679,18.795186],[98.978802,18.795117],[98.979338,18.795071],[98.979328,18.795165],[98.978869,18.795188],[98.978882,18.795506]]]}},{"type":"Feature","properties":{"k":"park"},"geometry":{"type":"Polygon","coordinates":[[[98.980835,18.793855],[98.980624,18.793843],[98.980644,18.793534],[98.980854,18.793546],[98.980835,18.793855]]]}},{"type":"Feature","properties":{"k":"forest"},"geometry":{"type":"Polygon","coordinates":[[[98.978561,18.793457],[98.978539,18.793132],[98.978826,18.793053],[98.978877,18.793081],[98.978915,18.793477],[98.978561,18.793457]]]}},{"type":"Feature","properties":{"k":"park"},"geometry":{"type":"Polygon","coordinates":[[[98.979813,18.794554],[98.979609,18.794495],[98.979604,18.794142],[98.980205,18.794096],[98.980199,18.793896],[98.980393,18.793896],[98.980396,18.794272],[98.980363,18.794272],[98.980361,18.794106],[98.980297,18.794107],[98.980299,18.794273],[98.97971,18.794278],[98.979711,18.794327],[98.980397,18.794321],[98.980394,18.794896],[98.980174,18.794895],[98.980116,18.794587],[98.979813,18.794554]]]}},{"type":"Feature","properties":{"k":"forest"},"geometry":{"type":"Polygon","coordinates":[[[98.980959,18.794188],[98.98072,18.794523],[98.980629,18.794345],[98.98061,18.794135],[98.981001,18.794089],[98.981007,18.79414],[98.980959,18.794188]]]}},{"type":"Feature","properties":{"k":"rural"},"geometry":{"type":"Polygon","coordinates":[[[98.981133,18.794894],[98.980725,18.794863],[98.98072,18.794523],[98.980959,18.794188],[98.980956,18.794231],[98.981149,18.794241],[98.981184,18.79432],[98.981186,18.794399],[98.981144,18.794411],[98.981133,18.794894]]]}},{"type":"Feature","properties":{"k":"park"},"geometry":{"type":"Polygon","coordinates":[[[98.981144,18.793463],[98.980969,18.793464],[98.981012,18.793116],[98.98117,18.793144],[98.981144,18.793463]]]}},{"type":"Feature","properties":{"k":"park"},"geometry":{"type":"Polygon","coordinates":[[[98.99161,18.76678],[98.991589,18.76643],[98.992042,18.766406],[98.992063,18.766755],[98.99161,18.76678]]]}},{"type":"Feature","properties":{"k":"rural"},"geometry":{"type":"Polygon","coordinates":[[[98.990201,18.765769],[98.990793,18.765494],[98.990816,18.765508],[98.990765,18.765795],[98.990201,18.765769]]]}},{"type":"Feature","properties":{"k":"rural"},"geometry":{"type":"Polygon","coordinates":[[[98.990655,18.767748],[98.990376,18.767984],[98.99025,18.767585],[98.990338,18.767103],[98.990491,18.767052],[98.990634,18.767059],[98.990655,18.767748]]]}},{"type":"Feature","properties":{"k":"forest"},"geometry":{"type":"Polygon","coordinates":[[[98.990277,18.768184],[98.98989,18.766724],[98.990073,18.76631],[98.990132,18.765853],[98.990201,18.765769],[98.990765,18.765795],[98.990936,18.765988],[98.991376,18.766044],[98.991468,18.766363],[98.990863,18.766385],[98.990862,18.766806],[98.990682,18.767062],[98.990491,18.767052],[98.990338,18.767103],[98.99025,18.767585],[98.990376,18.767984],[98.990655,18.767748],[98.990639,18.767986],[98.990676,18.768751],[98.990596,18.768774],[98.990496,18.76868],[98.990502,18.768141],[98.990277,18.768184]]]}},{"type":"Feature","properties":{"k":"forest"},"geometry":{"type":"Polygon","coordinates":[[[98.987804,18.768647],[98.987315,18.768502],[98.987353,18.768139],[98.987471,18.76805],[98.987956,18.768291],[98.987804,18.768647]]]}},{"type":"Feature","properties":{"k":"forest"},"geometry":{"type":"Polygon","coordinates":[[[98.988823,18.768873],[98.988292,18.768906],[98.988163,18.768738],[98.988184,18.768626],[98.987997,18.768545],[98.988056,18.768311],[98.988399,18.768317],[98.988686,18.768499],[98.988823,18.768873]]]}},{"type":"Feature","properties":{"k":"rural"},"geometry":{"type":"Polygon","coordinates":[[[98.987865,18.767077],[98.98808,18.76699],[98.98853,18.767369],[98.988732,18.767336],[98.989402,18.766904],[98.989657,18.767504],[98.990006,18.768713],[98.99003,18.768939],[98.989673,18.769078],[98.989383,18.768995],[98.989335,18.769139],[98.989145,18.769155],[98.989123,18.768824],[98.988823,18.768873],[98.988686,18.768499],[98.988399,18.768317],[98.988209,18.767725],[98.987659,18.767108],[98.987761,18.767052],[98.987865,18.767077]]]}},{"type":"Feature","properties":{"k":"forest"},"geometry":{"type":"Polygon","coordinates":[[[98.987916,18.766536],[98.988123,18.766455],[98.988361,18.766986],[98.988595,18.767138],[98.988984,18.766882],[98.989067,18.767014],[98.988734,18.767268],[98.9886,18.767298],[98.988482,18.767268],[98.98816,18.766958],[98.987916,18.766536]]]}},{"type":"Feature","properties":{"k":"park"},"geometry":{"type":"Polygon","coordinates":[[[98.925643,18.74785],[98.925808,18.747925],[98.925906,18.748081],[98.92589,18.748117],[98.925842,18.748147],[98.925598,18.747931],[98.925643,18.74785]]]}},{"type":"Feature","properties":{"k":"park"},"geometry":{"type":"Polygon","coordinates":[[[98.923976,18.74991],[98.924022,18.749943],[98.92411,18.749948],[98.924184,18.750009],[98.924188,18.750046],[98.924007,18.75019],[98.923954,18.750204],[98.923931,18.750177],[98.923976,18.74991]]]}},{"type":"Feature","properties":{"k":"park"},"geometry":{"type":"Polygon","coordinates":[[[98.924073,18.749622],[98.924247,18.749749],[98.924411,18.749782],[98.924227,18.749986],[98.924136,18.74991],[98.923996,18.74985],[98.924073,18.749622]]]}},{"type":"Feature","properties":{"k":"park"},"geometry":{"type":"Polygon","coordinates":[[[98.924086,18.749582],[98.924278,18.749136],[98.924434,18.74921],[98.92421,18.749667],[98.924086,18.749582]]]}},{"type":"Feature","properties":{"k":"park"},"geometry":{"type":"Polygon","coordinates":[[[98.924515,18.749253],[98.924682,18.749347],[98.924439,18.749742],[98.924347,18.749739],[98.924277,18.74969],[98.924515,18.749253]]]}},{"type":"Feature","properties":{"k":"park"},"geometry":{"type":"Polygon","coordinates":[[[98.924707,18.748641],[98.924768,18.748583],[98.924773,18.748653],[98.924707,18.748641]]]}},{"type":"Feature","properties":{"k":"park"},"geometry":{"type":"Polygon","coordinates":[[[98.924768,18.748715],[98.924722,18.748847],[98.924637,18.748849],[98.924611,18.748821],[98.92462,18.748772],[98.924695,18.748762],[98.924696,18.748735],[98.924648,18.748712],[98.92466,18.748682],[98.924692,18.748664],[98.924768,18.748715]]]}},{"type":"Feature","properties":{"k":"park"},"geometry":{"type":"Polygon","coordinates":[[[98.924815,18.748587],[98.92482,18.748538],[98.924926,18.748589],[98.924859,18.748611],[98.924815,18.748587]]]}},{"type":"Feature","properties":{"k":"park"},"geometry":{"type":"Polygon","coordinates":[[[98.924896,18.748749],[98.924804,18.748719],[98.924813,18.748656],[98.924863,18.748628],[98.924907,18.748627],[98.924896,18.748749]]]}},{"type":"Feature","properties":{"k":"park"},"geometry":{"type":"Polygon","coordinates":[[[98.924841,18.748985],[98.924801,18.748968],[98.924825,18.748884],[98.924766,18.748858],[98.92481,18.748759],[98.924883,18.748781],[98.924841,18.748985]]]}},{"type":"Feature","properties":{"k":"park"},"geometry":{"type":"Polygon","coordinates":[[[98.924682,18.749192],[98.924723,18.749065],[98.924785,18.749025],[98.924823,18.749036],[98.924749,18.749229],[98.924682,18.749192]]]}},{"type":"Feature","properties":{"k":"park"},"geometry":{"type":"Polygon","coordinates":[[[98.924431,18.749065],[98.92454,18.748985],[98.924617,18.748983],[98.924678,18.749062],[98.924658,18.74918],[98.924561,18.749121],[98.92462,18.749078],[98.924607,18.749018],[98.924522,18.749025],[98.924526,18.749105],[98.924431,18.749065]]]}},{"type":"Feature","properties":{"k":"park"},"geometry":{"type":"Polygon","coordinates":[[[98.924334,18.749029],[98.92455,18.748769],[98.924562,18.748862],[98.924529,18.748957],[98.924399,18.749045],[98.924334,18.749029]]]}},{"type":"Feature","properties":{"k":"park"},"geometry":{"type":"Polygon","coordinates":[[[98.923369,18.750516],[98.923232,18.750485],[98.923422,18.750414],[98.923648,18.750439],[98.923712,18.750305],[98.923645,18.750241],[98.923374,18.750236],[98.923272,18.75032],[98.923211,18.75047],[98.923184,18.750457],[98.9232,18.750208],[98.923291,18.750147],[98.923787,18.750213],[98.923819,18.750244],[98.923739,18.750508],[98.923465,18.75047],[98.923369,18.750516]]]}},{"type":"Feature","properties":{"k":"forest"},"geometry":{"type":"Polygon","coordinates":[[[98.923347,18.750434],[98.923232,18.750485],[98.923211,18.75047],[98.923272,18.75032],[98.923374,18.750236],[98.923645,18.750241],[98.923712,18.750305],[98.923648,18.750439],[98.923422,18.750414],[98.923347,18.750434]]]}},{"type":"Feature","properties":{"k":"forest"},"geometry":{"type":"Polygon","coordinates":[[[98.924109,18.750718],[98.924018,18.75069],[98.923963,18.750587],[98.924025,18.750364],[98.924286,18.750351],[98.924334,18.750392],[98.924369,18.750542],[98.924206,18.750705],[98.924109,18.750718]]]}},{"type":"Feature","properties":{"k":"forest"},"geometry":{"type":"Polygon","coordinates":[[[98.920475,18.750734],[98.920547,18.750925],[98.920614,18.75096],[98.920646,18.750838],[98.920649,18.750631],[98.92087,18.750743],[98.920813,18.750752],[98.920728,18.750846],[98.920794,18.750914],[98.920939,18.750922],[98.921035,18.750874],[98.92111,18.750942],[98.921019,18.750975],[98.921027,18.751069],[98.921124,18.751069],[98.921228,18.751029],[98.921808,18.751303],[98.921762,18.751394],[98.921794,18.751542],[98.921794,18.751821],[98.921505,18.752476],[98.92151,18.752707],[98.921435,18.752852],[98.921499,18.753121],[98.921596,18.753274],[98.921309,18.753177],[98.921261,18.753129],[98.921422,18.752674],[98.921379,18.752398],[98.921464,18.75205],[98.921285,18.751946],[98.921169,18.751973],[98.921073,18.75191],[98.921411,18.751727],[98.92121,18.751425],[98.920968,18.751217],[98.920432,18.751044],[98.920357,18.751463],[98.920298,18.751504],[98.920223,18.751499],[98.920139,18.751565],[98.920059,18.751572],[98.919954,18.751554],[98.919882,18.751491],[98.919919,18.751359],[98.919911,18.751232],[98.920153,18.751194],[98.920274,18.751095],[98.920335,18.750917],[98.920355,18.750741],[98.920475,18.750734]]]}},{"type":"Feature","properties":{"k":"park"},"geometry":{"type":"Polygon","coordinates":[[[98.922717,18.750738],[98.922787,18.750801],[98.922877,18.751105],[98.922855,18.751247],[98.92281,18.751333],[98.922626,18.75142],[98.922548,18.750836],[98.922717,18.750738]]]}},{"type":"Feature","properties":{"k":"park"},"geometry":{"type":"Polygon","coordinates":[[[98.921969,18.751344],[98.921899,18.75158],[98.921886,18.751933],[98.921609,18.752568],[98.921633,18.752639],[98.921808,18.752723],[98.921588,18.753149],[98.922618,18.753652],[98.922634,18.753726],[98.921596,18.753274],[98.921499,18.753121],[98.921435,18.752852],[98.92151,18.752707],[98.921505,18.752476],[98.921794,18.751821],[98.921794,18.751542],[98.921762,18.751394],[98.921808,18.751303],[98.921969,18.751344]]]}},{"type":"Feature","properties":{"k":"rural"},"geometry":{"type":"Polygon","coordinates":[[[98.920236,18.750206],[98.920246,18.750243],[98.920139,18.750302],[98.920117,18.750403],[98.920135,18.750505],[98.920191,18.750594],[98.920371,18.750687],[98.920335,18.750917],[98.920274,18.751095],[98.920153,18.751194],[98.919911,18.751232],[98.919756,18.751054],[98.91957,18.751017],[98.919327,18.750764],[98.919501,18.750455],[98.919474,18.750305],[98.920236,18.750206]]]}},{"type":"Feature","properties":{"k":"rural"},"geometry":{"type":"Polygon","coordinates":[[[98.920139,18.750302],[98.920354,18.750183],[98.920416,18.750188],[98.920689,18.750531],[98.920522,18.750672],[98.920371,18.750687],[98.920274,18.750657],[98.920191,18.750594],[98.920135,18.750505],[98.920117,18.750403],[98.920139,18.750302]]]}},{"type":"Feature","properties":{"k":"forest"},"geometry":{"type":"Polygon","coordinates":[[[98.920161,18.752393],[98.920126,18.752382],[98.919906,18.752542],[98.91989,18.752606],[98.91912,18.751361],[98.918081,18.750886],[98.918233,18.750602],[98.918549,18.750737],[98.918946,18.750094],[98.918598,18.749929],[98.918857,18.749442],[98.920078,18.749215],[98.920166,18.749688],[98.919901,18.749766],[98.919681,18.749782],[98.919742,18.749952],[98.919686,18.750147],[98.918989,18.750312],[98.918906,18.750617],[98.91893,18.750673],[98.919236,18.750914],[98.91923,18.751046],[98.9189,18.750838],[98.918777,18.750604],[98.918522,18.750909],[98.919289,18.751389],[98.91941,18.751633],[98.919815,18.75174],[98.919944,18.752052],[98.920233,18.752057],[98.920185,18.752164],[98.920161,18.752393]]]}},{"type":"Feature","properties":{"k":"forest"},"geometry":{"type":"Polygon","coordinates":[[[98.920727,18.753144],[98.920904,18.75318],[98.921067,18.75317],[98.921333,18.753266],[98.921359,18.753337],[98.92078,18.753287],[98.920699,18.753253],[98.920727,18.753144]]]}},{"type":"Feature","properties":{"k":"rural"},"geometry":{"type":"Polygon","coordinates":[[[98.920161,18.752393],[98.920236,18.75269],[98.920448,18.752969],[98.920628,18.753106],[98.920727,18.753144],[98.920699,18.753253],[98.920244,18.753063],[98.91989,18.752606],[98.919906,18.752542],[98.920126,18.752382],[98.920161,18.752393]]]}},{"type":"Feature","properties":{"k":"rural"},"geometry":{"type":"Polygon","coordinates":[[[98.921269,18.752558],[98.921287,18.752659],[98.921255,18.752807],[98.921097,18.753022],[98.920979,18.753088],[98.920845,18.753094],[98.920654,18.75304],[98.920523,18.752946],[98.920386,18.752768],[98.920287,18.75257],[98.920252,18.752405],[98.920274,18.752146],[98.920327,18.752027],[98.920515,18.751841],[98.920601,18.751821],[98.920727,18.751819],[98.920936,18.751933],[98.920974,18.751999],[98.920874,18.75209],[98.920754,18.752324],[98.920783,18.752426],[98.920979,18.752568],[98.921269,18.752558]]]}},{"type":"Feature","properties":{"k":"park"},"geometry":{"type":"Polygon","coordinates":[[[98.921196,18.752287],[98.921132,18.752372],[98.92111,18.75246],[98.920963,18.752393],[98.920901,18.752266],[98.920957,18.752154],[98.921124,18.752146],[98.921086,18.75225],[98.921196,18.752287]]]}},{"type":"Feature","properties":{"k":"park"},"geometry":{"type":"Polygon","coordinates":[[[98.922605,18.753572],[98.922196,18.753373],[98.922217,18.753335],[98.92226,18.753356],[98.922285,18.753313],[98.922326,18.753334],[98.922387,18.753226],[98.922446,18.753256],[98.92247,18.753214],[98.922507,18.753233],[98.92253,18.753192],[98.922588,18.753221],[98.922636,18.753136],[98.922855,18.75322],[98.922673,18.753554],[98.922605,18.753572]]]}},{"type":"Feature","properties":{"k":"park"},"geometry":{"type":"Polygon","coordinates":[[[98.922024,18.752826],[98.922095,18.752862],[98.922037,18.752965],[98.922126,18.753011],[98.92211,18.75304],[98.922136,18.753054],[98.922069,18.753204],[98.922107,18.753223],[98.922083,18.753266],[98.922136,18.753293],[98.922114,18.753332],[98.921756,18.753158],[98.921721,18.753094],[98.921908,18.75275],[98.922024,18.752826]]]}},{"type":"Feature","properties":{"k":"park"},"geometry":{"type":"Polygon","coordinates":[[[98.922062,18.752758],[98.922257,18.752453],[98.922481,18.752544],[98.922415,18.75266],[98.922377,18.752641],[98.922351,18.752687],[98.922319,18.75267],[98.922275,18.752748],[98.922186,18.752703],[98.922133,18.752795],[98.922062,18.752758]]]}},{"type":"Feature","properties":{"k":"park"},"geometry":{"type":"Polygon","coordinates":[[[98.922759,18.753113],[98.922674,18.753069],[98.922718,18.75299],[98.922661,18.752961],[98.922716,18.752863],[98.922695,18.752852],[98.92272,18.752808],[98.922682,18.752795],[98.922749,18.75268],[98.922932,18.752799],[98.922759,18.753113]]]}},{"type":"Feature","properties":{"k":"park"},"geometry":{"type":"Polygon","coordinates":[[[98.923392,18.750879],[98.923412,18.750884],[98.923197,18.751321],[98.922816,18.751559],[98.922602,18.751867],[98.922438,18.751961],[98.922484,18.752009],[98.922618,18.752042],[98.922921,18.7516],[98.923009,18.751559],[98.922492,18.752466],[98.922307,18.75241],[98.922207,18.752418],[98.922028,18.752685],[98.92195,18.752715],[98.921709,18.752591],[98.92199,18.75192],[98.922132,18.751895],[98.922226,18.751758],[98.922358,18.751768],[98.922468,18.751674],[98.922602,18.751671],[98.922653,18.751559],[98.922604,18.751478],[98.922907,18.751305],[98.922949,18.751085],[98.922863,18.750833],[98.922866,18.750757],[98.922887,18.750672],[98.922972,18.750575],[98.923122,18.750559],[98.923079,18.750787],[98.92309,18.751184],[98.923194,18.751201],[98.923216,18.751156],[98.923259,18.750909],[98.923221,18.750731],[98.923233,18.750563],[98.923306,18.750584],[98.923296,18.750729],[98.923392,18.750879]]]}},{"type":"Feature","properties":{"k":"park"},"geometry":{"type":"Polygon","coordinates":[[[98.923373,18.75154],[98.923635,18.751013],[98.923832,18.751019],[98.923973,18.750922],[98.923995,18.750944],[98.923836,18.751133],[98.923763,18.751163],[98.923575,18.751331],[98.92357,18.751374],[98.923661,18.75142],[98.923893,18.751261],[98.924086,18.750964],[98.924702,18.750488],[98.924772,18.750559],[98.924644,18.750718],[98.924511,18.75073],[98.924308,18.750867],[98.92419,18.751082],[98.92423,18.751293],[98.924101,18.751422],[98.924077,18.751493],[98.923988,18.751445],[98.923895,18.751445],[98.923658,18.751499],[98.923535,18.751636],[98.923524,18.751684],[98.923557,18.751755],[98.92338,18.752108],[98.92338,18.752159],[98.923414,18.752332],[98.923473,18.7524],[98.923412,18.752542],[98.923417,18.752593],[98.923532,18.752514],[98.923583,18.752598],[98.923117,18.753287],[98.922838,18.753129],[98.923001,18.752842],[98.923009,18.752763],[98.922784,18.752624],[98.923262,18.75173],[98.923299,18.751755],[98.923063,18.752362],[98.923138,18.752403],[98.923229,18.752382],[98.923224,18.752215],[98.923401,18.751689],[98.923373,18.75154]]]}},{"type":"Feature","properties":{"k":"pitch"},"geometry":{"type":"Polygon","coordinates":[[[98.966412,18.733971],[98.96641,18.733843],[98.966522,18.733842],[98.966523,18.73397],[98.966412,18.733971]]]}},{"type":"Feature","properties":{"k":"rural"},"geometry":{"type":"Polygon","coordinates":[[[98.949359,18.731502],[98.949101,18.731322],[98.949036,18.731242],[98.948753,18.731116],[98.949019,18.73097],[98.948953,18.730806],[98.949259,18.730621],[98.949182,18.730497],[98.949355,18.730376],[98.949388,18.73041],[98.949504,18.73038],[98.949615,18.730413],[98.949652,18.730493],[98.949732,18.730462],[98.949847,18.73034],[98.949944,18.730337],[98.950461,18.730166],[98.951191,18.731236],[98.951073,18.73147],[98.951018,18.731466],[98.951005,18.731579],[98.950848,18.731584],[98.950821,18.731781],[98.950757,18.731777],[98.95074,18.732048],[98.950134,18.731921],[98.949481,18.731542],[98.949359,18.731502]]]}},{"type":"Feature","properties":{"k":"pitch"},"geometry":{"type":"Polygon","coordinates":[[[98.978157,18.840476],[98.977895,18.840453],[98.977906,18.840336],[98.978168,18.840359],[98.978157,18.840476]]]}},{"type":"Feature","properties":{"k":"park","n":"สวนเฉลิมพระเกียรติฯ อบจ.เชียงใหม่"},"geometry":{"type":"Polygon","coordinates":[[[98.964063,18.833535],[98.964124,18.83429],[98.964229,18.834429],[98.964407,18.834468],[98.964878,18.834301],[98.965518,18.833794],[98.965571,18.833565],[98.965659,18.833424],[98.965774,18.83334],[98.965902,18.833318],[98.966078,18.833237],[98.966298,18.832991],[98.966357,18.832755],[98.966594,18.832614],[98.966796,18.832445],[98.967109,18.832584],[98.967357,18.832618],[98.967525,18.832758],[98.968029,18.832622],[98.96816,18.833037],[98.967659,18.833208],[98.965355,18.83483],[98.964419,18.835128],[98.964185,18.835067],[98.964051,18.834953],[98.963819,18.833554],[98.964063,18.833535]]]}},{"type":"Feature","properties":{"k":"pitch"},"geometry":{"type":"Polygon","coordinates":[[[98.939194,18.735114],[98.939319,18.735004],[98.939525,18.735211],[98.9394,18.735322],[98.939194,18.735114]]]}},{"type":"Feature","properties":{"k":"rural"},"geometry":{"type":"Polygon","coordinates":[[[98.941511,18.729777],[98.942086,18.729624],[98.942435,18.729974],[98.942073,18.730298],[98.941511,18.729777]]]}},{"type":"Feature","properties":{"k":"pitch"},"geometry":{"type":"Polygon","coordinates":[[[98.942503,18.759713],[98.94243,18.75947],[98.942841,18.759356],[98.942916,18.759598],[98.942503,18.759713]]]}},{"type":"Feature","properties":{"k":"rural"},"geometry":{"type":"Polygon","coordinates":[[[99.004075,18.794712],[99.004432,18.794753],[99.004363,18.794995],[99.004094,18.794875],[99.004075,18.794712]]]}},{"type":"Feature","properties":{"k":"park","n":"Tropical House"},"geometry":{"type":"Polygon","coordinates":[[[98.990178,18.760465],[98.990208,18.760246],[98.99061,18.760308],[98.990577,18.7605],[98.990178,18.760465]]]}},{"type":"Feature","properties":{"k":"forest"},"geometry":{"type":"Polygon","coordinates":[[[99.012946,18.791885],[99.013011,18.791862],[99.013118,18.791545],[99.013378,18.791359],[99.013596,18.791435],[99.013566,18.791552],[99.013362,18.791504],[99.013342,18.791586],[99.013519,18.791777],[99.013947,18.792027],[99.014508,18.792471],[99.014516,18.792659],[99.014448,18.793288],[99.014247,18.79334],[99.014036,18.793292],[99.014062,18.793152],[99.014154,18.793048],[99.014175,18.792913],[99.014263,18.792814],[99.014282,18.792748],[99.014245,18.792697],[99.014105,18.792664],[99.014041,18.792494],[99.013977,18.792415],[99.013899,18.792405],[99.013531,18.792504],[99.013381,18.792489],[99.013309,18.792408],[99.013185,18.792441],[99.013105,18.79256],[99.013183,18.792682],[99.013193,18.792751],[99.012989,18.792857],[99.01285,18.792804],[99.012839,18.792702],[99.012946,18.791885]]]}},{"type":"Feature","properties":{"k":"forest"},"geometry":{"type":"Polygon","coordinates":[[[99.010571,18.792139],[99.010648,18.792144],[99.010656,18.792052],[99.010989,18.792024],[99.010905,18.791842],[99.010621,18.791953],[99.010602,18.79206],[99.009723,18.79206],[99.009784,18.791674],[99.009999,18.791671],[99.010004,18.791534],[99.010307,18.791557],[99.010291,18.791859],[99.010605,18.791852],[99.010643,18.791438],[99.01057,18.791258],[99.010664,18.79123],[99.01086,18.791349],[99.01097,18.791707],[99.01127,18.791644],[99.01138,18.791973],[99.010779,18.792248],[99.010667,18.792233],[99.010571,18.792139]]]}},{"type":"Feature","properties":{"k":"rural"},"geometry":{"type":"Polygon","coordinates":[[[99.014327,18.793847],[99.013523,18.793558],[99.013413,18.793952],[99.01347,18.793995],[99.013683,18.793998],[99.013685,18.794059],[99.013362,18.794043],[99.013346,18.794256],[99.014132,18.794333],[99.014046,18.794589],[99.01385,18.794528],[99.013727,18.794589],[99.013349,18.794498],[99.013286,18.794526],[99.013217,18.794462],[99.013116,18.794423],[99.012988,18.794437],[99.012929,18.794404],[99.012859,18.794435],[99.012879,18.794541],[99.012859,18.794592],[99.012586,18.794651],[99.012533,18.794708],[99.012504,18.794803],[99.012453,18.794807],[99.012405,18.794739],[99.01245,18.794642],[99.01263,18.794508],[99.01263,18.794429],[99.012579,18.794355],[99.011938,18.794371],[99.011772,18.794218],[99.011847,18.794102],[99.011777,18.793853],[99.011804,18.793695],[99.012024,18.793416],[99.012158,18.79338],[99.012415,18.79338],[99.012592,18.793294],[99.012609,18.793233],[99.012485,18.793152],[99.012453,18.79303],[99.012491,18.792969],[99.0127,18.792974],[99.012743,18.792933],[99.012818,18.792553],[99.012721,18.792456],[99.012646,18.792456],[99.012587,18.792329],[99.012512,18.792339],[99.01241,18.792263],[99.012426,18.792197],[99.012737,18.792085],[99.012619,18.791842],[99.012474,18.791877],[99.01233,18.791852],[99.012174,18.79173],[99.012104,18.791725],[99.011836,18.791867],[99.01175,18.791979],[99.011509,18.792126],[99.011364,18.792126],[99.011235,18.792375],[99.011332,18.792568],[99.011262,18.79269],[99.011337,18.792741],[99.011402,18.79273],[99.011654,18.792527],[99.011943,18.792522],[99.012158,18.792263],[99.012303,18.792334],[99.012255,18.792471],[99.012029,18.792654],[99.012061,18.79271],[99.012255,18.792796],[99.012303,18.792923],[99.012185,18.793005],[99.011976,18.792939],[99.011836,18.792944],[99.011788,18.793071],[99.011284,18.793086],[99.011074,18.792761],[99.010715,18.792522],[99.010527,18.792497],[99.01027,18.792572],[99.010428,18.792385],[99.01038,18.792299],[99.010449,18.792133],[99.010571,18.792139],[99.010667,18.792233],[99.010779,18.792248],[99.01138,18.791973],[99.011399,18.79203],[99.01149,18.792024],[99.011453,18.791877],[99.011533,18.791837],[99.011817,18.791781],[99.011793,18.791679],[99.01175,18.791664],[99.011731,18.791501],[99.011927,18.791494],[99.011933,18.791664],[99.012064,18.791654],[99.012091,18.791489],[99.012263,18.791466],[99.012348,18.791687],[99.012525,18.791715],[99.012882,18.791908],[99.012946,18.791885],[99.012839,18.792702],[99.01285,18.792804],[99.012989,18.792857],[99.013193,18.792751],[99.013183,18.792682],[99.013105,18.79256],[99.013185,18.792441],[99.013309,18.792408],[99.013381,18.792489],[99.013531,18.792504],[99.013899,18.792405],[99.013977,18.792415],[99.014041,18.792494],[99.014105,18.792664],[99.014245,18.792697],[99.014282,18.792748],[99.014263,18.792814],[99.014175,18.792913],[99.014154,18.793048],[99.014062,18.793152],[99.014036,18.793292],[99.014247,18.79334],[99.014448,18.793288],[99.014414,18.793604],[99.014327,18.793847]]]}},{"type":"Feature","properties":{"k":"park"},"geometry":{"type":"Polygon","coordinates":[[[99.008687,18.795619],[99.008912,18.795742],[99.00895,18.79581],[99.008915,18.796082],[99.008848,18.796138],[99.008424,18.796086],[99.008457,18.795598],[99.008687,18.795619]]]}},{"type":"Feature","properties":{"k":"forest"},"geometry":{"type":"Polygon","coordinates":[[[99.010688,18.795556],[99.010592,18.795262],[99.010651,18.795071],[99.011045,18.79464],[99.011176,18.794079],[99.011064,18.79402],[99.01101,18.794261],[99.010911,18.794246],[99.01082,18.794104],[99.010715,18.794132],[99.01057,18.794223],[99.009889,18.794188],[99.009835,18.794627],[99.009768,18.794637],[99.009709,18.794508],[99.009567,18.794528],[99.009537,18.794614],[99.009409,18.794658],[99.009427,18.794767],[99.009736,18.794739],[99.009739,18.794899],[99.009556,18.794955],[99.00958,18.795054],[99.009752,18.795046],[99.009768,18.795117],[99.009556,18.795191],[99.009567,18.795346],[99.00969,18.795363],[99.009551,18.796217],[99.009634,18.796245],[99.009594,18.79641],[99.009344,18.796361],[99.009328,18.796245],[99.009159,18.796212],[99.009173,18.796019],[99.009269,18.796014],[99.009277,18.795755],[99.009025,18.795666],[99.009073,18.795523],[99.008891,18.795473],[99.008899,18.795419],[99.008745,18.795391],[99.008687,18.795619],[99.008457,18.795598],[99.008502,18.795231],[99.009323,18.795338],[99.009336,18.79514],[99.008953,18.795056],[99.008942,18.794795],[99.009052,18.794764],[99.009012,18.794401],[99.008939,18.794376],[99.00899,18.794188],[99.009275,18.794221],[99.009312,18.793746],[99.009414,18.793769],[99.009578,18.793751],[99.009554,18.793606],[99.009505,18.793617],[99.009476,18.793487],[99.009588,18.793464],[99.009634,18.79367],[99.009798,18.793642],[99.009819,18.793586],[99.009744,18.793424],[99.009642,18.793444],[99.009529,18.793035],[99.009873,18.793045],[99.01027,18.792572],[99.010527,18.792497],[99.010715,18.792522],[99.011074,18.792761],[99.011284,18.793086],[99.011788,18.793071],[99.011836,18.792944],[99.011976,18.792939],[99.012185,18.793005],[99.012303,18.792923],[99.012255,18.792796],[99.012061,18.79271],[99.012029,18.792654],[99.012255,18.792471],[99.012303,18.792334],[99.012158,18.792263],[99.011943,18.792522],[99.011654,18.792527],[99.011402,18.79273],[99.011337,18.792741],[99.011262,18.79269],[99.011332,18.792568],[99.011235,18.792375],[99.011364,18.792126],[99.011509,18.792126],[99.01175,18.791979],[99.011836,18.791867],[99.012104,18.791725],[99.012174,18.79173],[99.01233,18.791852],[99.012474,18.791877],[99.012619,18.791842],[99.012737,18.792085],[99.012426,18.792197],[99.01241,18.792263],[99.012512,18.792339],[99.012587,18.792329],[99.012646,18.792456],[99.012721,18.792456],[99.012818,18.792553],[99.012743,18.792933],[99.0127,18.792974],[99.012491,18.792969],[99.012453,18.79303],[99.012485,18.793152],[99.012609,18.793233],[99.012592,18.793294],[99.012415,18.79338],[99.012158,18.79338],[99.012024,18.793416],[99.011804,18.793695],[99.011777,18.793853],[99.011847,18.794102],[99.011772,18.794218],[99.011938,18.794371],[99.011874,18.794503],[99.011605,18.794508],[99.011528,18.794868],[99.011098,18.794833],[99.011053,18.795252],[99.011487,18.795292],[99.011954,18.795536],[99.011997,18.79561],[99.0119,18.795767],[99.011951,18.795821],[99.012128,18.795826],[99.012394,18.794868],[99.012453,18.794807],[99.012504,18.794803],[99.012474,18.794915],[99.012495,18.794964],[99.012591,18.795045],[99.012669,18.795058],[99.012704,18.795038],[99.01272,18.79496],[99.012845,18.794983],[99.012898,18.794956],[99.012888,18.794786],[99.013189,18.79463],[99.013216,18.79459],[99.013306,18.794567],[99.013286,18.794526],[99.013349,18.794498],[99.013727,18.794589],[99.01385,18.794528],[99.014046,18.794589],[99.014046,18.794729],[99.013885,18.79498],[99.013644,18.794962],[99.013424,18.795191],[99.013303,18.795518],[99.01336,18.795541],[99.013252,18.795803],[99.012973,18.795701],[99.012888,18.79595],[99.012694,18.795866],[99.01285,18.795676],[99.012665,18.795404],[99.012507,18.795397],[99.012364,18.795605],[99.012461,18.795656],[99.012429,18.795749],[99.012059,18.795968],[99.012209,18.796265],[99.012426,18.796163],[99.012458,18.796196],[99.012386,18.796435],[99.012174,18.796544],[99.011903,18.796763],[99.011833,18.796718],[99.012088,18.796399],[99.011922,18.796262],[99.011731,18.796166],[99.011632,18.796067],[99.011428,18.79596],[99.011444,18.795828],[99.011597,18.795691],[99.011612,18.795497],[99.011439,18.795465],[99.011428,18.795511],[99.01097,18.795452],[99.010943,18.79563],[99.010688,18.795556]]]}},{"type":"Feature","properties":{"k":"rural"},"geometry":{"type":"Polygon","coordinates":[[[99.010688,18.795556],[99.010398,18.795567],[99.010353,18.795338],[99.009967,18.795224],[99.009967,18.794972],[99.010109,18.794955],[99.010138,18.79464],[99.010506,18.794687],[99.010515,18.794504],[99.010744,18.794515],[99.01082,18.794333],[99.011107,18.794338],[99.011045,18.79464],[99.010651,18.795071],[99.010592,18.795262],[99.010688,18.795556]]]}},{"type":"Feature","properties":{"k":"rural"},"geometry":{"type":"Polygon","coordinates":[[[99.014327,18.793847],[99.014229,18.79411],[99.013685,18.794059],[99.013683,18.793998],[99.01347,18.793995],[99.013413,18.793952],[99.013523,18.793558],[99.014327,18.793847]]]}},{"type":"Feature","properties":{"k":"rural"},"geometry":{"type":"Polygon","coordinates":[[[98.979973,18.765226],[98.980309,18.764852],[98.980517,18.765046],[98.981753,18.763994],[98.982355,18.764685],[98.981486,18.76532],[98.981107,18.765914],[98.981599,18.766237],[98.981193,18.766936],[98.980032,18.766651],[98.980083,18.766453],[98.979635,18.766346],[98.979973,18.765226]]]}},{"type":"Feature","properties":{"k":"rural"},"geometry":{"type":"Polygon","coordinates":[[[98.981332,18.754042],[98.981421,18.754372],[98.982042,18.754816],[98.982096,18.754912],[98.982085,18.755207],[98.982182,18.755318],[98.982498,18.755384],[98.982589,18.755511],[98.982605,18.755776],[98.982536,18.755882],[98.982391,18.755867],[98.982353,18.756233],[98.982595,18.756243],[98.982552,18.756558],[98.982627,18.756918],[98.982863,18.757183],[98.981994,18.757107],[98.981937,18.757599],[98.982389,18.757664],[98.98233,18.758449],[98.982139,18.758595],[98.982035,18.758793],[98.980805,18.758327],[98.980662,18.759],[98.980255,18.758911],[98.980126,18.759823],[98.979403,18.759687],[98.979371,18.759849],[98.979239,18.759832],[98.979179,18.760053],[98.978576,18.759896],[98.979107,18.75905],[98.977295,18.758519],[98.977045,18.75847],[98.976985,18.758796],[98.976617,18.759609],[98.973312,18.760026],[98.973439,18.759093],[98.975647,18.759085],[98.975669,18.757982],[98.975417,18.757979],[98.975423,18.75776],[98.975359,18.757645],[98.97536,18.757151],[98.97601,18.757155],[98.97602,18.75771],[98.976369,18.757689],[98.976367,18.757151],[98.976673,18.757158],[98.976674,18.757693],[98.977361,18.757606],[98.977365,18.757152],[98.977703,18.757152],[98.977674,18.757584],[98.978024,18.757617],[98.978051,18.757162],[98.978376,18.757232],[98.978228,18.757667],[98.979718,18.758057],[98.979994,18.75775],[98.980516,18.75742],[98.980947,18.75747],[98.980917,18.757789],[98.981319,18.75784],[98.981346,18.757526],[98.98147,18.757539],[98.981505,18.757113],[98.980705,18.75703],[98.98071,18.756932],[98.980245,18.75686],[98.980314,18.756401],[98.980771,18.756373],[98.980565,18.755793],[98.979762,18.75576],[98.979736,18.756307],[98.979369,18.756289],[98.979312,18.756598],[98.978642,18.75658],[98.978677,18.756297],[98.978066,18.756293],[98.978058,18.756068],[98.978682,18.756092],[98.978746,18.75551],[98.978089,18.755494],[98.978078,18.755388],[98.977789,18.755399],[98.977794,18.755719],[98.977461,18.755712],[98.97745,18.755502],[98.977225,18.75552],[98.977163,18.755137],[98.978003,18.755044],[98.978718,18.754827],[98.978692,18.75521],[98.979412,18.755244],[98.979446,18.754419],[98.979054,18.754445],[98.976675,18.754948],[98.976507,18.754196],[98.976737,18.754167],[98.976753,18.754328],[98.97723,18.754303],[98.978882,18.753856],[98.979258,18.75382],[98.979188,18.753576],[98.979446,18.753551],[98.97967,18.753456],[98.97993,18.753467],[98.980138,18.753246],[98.980133,18.752571],[98.980457,18.752565],[98.980894,18.752708],[98.980878,18.753566],[98.980964,18.753698],[98.981168,18.753835],[98.981332,18.754042]]]}},{"type":"Feature","properties":{"k":"park"},"geometry":{"type":"Polygon","coordinates":[[[98.945516,18.752768],[98.945878,18.752003],[98.945889,18.751874],[98.945814,18.751512],[98.945826,18.751346],[98.946007,18.751176],[98.946303,18.751104],[98.946319,18.751152],[98.946146,18.7512],[98.946223,18.751443],[98.94617,18.751455],[98.946181,18.751561],[98.946011,18.751568],[98.945966,18.752094],[98.945698,18.752617],[98.945687,18.75276],[98.945516,18.752768]]]}},{"type":"Feature","properties":{"k":"pitch"},"geometry":{"type":"Polygon","coordinates":[[[98.951256,18.750452],[98.951297,18.750067],[98.951552,18.750089],[98.951502,18.750477],[98.951256,18.750452]]]}},{"type":"Feature","properties":{"k":"forest"},"geometry":{"type":"Polygon","coordinates":[[[98.992758,18.789295],[98.992768,18.789456],[98.992664,18.78946],[98.992665,18.789537],[98.99263,18.789535],[98.992633,18.789347],[98.992715,18.789346],[98.992717,18.789293],[98.992758,18.789295]]]}},{"type":"Feature","properties":{"k":"rural"},"geometry":{"type":"Polygon","coordinates":[[[99.03085,18.835203],[99.030617,18.835204],[99.030598,18.83544],[99.030389,18.835465],[99.030341,18.835333],[99.029994,18.835375],[99.030102,18.835772],[99.030255,18.83578],[99.030423,18.836292],[99.030043,18.836229],[99.029844,18.83611],[99.029745,18.836173],[99.029825,18.836287],[99.029678,18.836318],[99.029721,18.836453],[99.029948,18.836457],[99.030011,18.836595],[99.029363,18.83671],[99.029054,18.836857],[99.029348,18.837411],[99.028331,18.837909],[99.028291,18.837795],[99.028294,18.837701],[99.028428,18.837587],[99.028426,18.837547],[99.028396,18.837483],[99.028243,18.837382],[99.028249,18.837232],[99.028548,18.836982],[99.028597,18.836897],[99.028611,18.836793],[99.028552,18.836607],[99.028619,18.835739],[99.028503,18.835501],[99.028519,18.835318],[99.029021,18.835427],[99.029707,18.835421],[99.029759,18.835346],[99.029716,18.835084],[99.029748,18.834912],[99.029976,18.834919],[99.030247,18.834757],[99.03037,18.834724],[99.030548,18.83474],[99.030573,18.834923],[99.030841,18.834927],[99.03085,18.835203]]]}},{"type":"Feature","properties":{"k":"pitch"},"geometry":{"type":"Polygon","coordinates":[[[98.95155,18.750507],[98.951581,18.750228],[98.951903,18.75026],[98.951872,18.750539],[98.95155,18.750507]]]}},{"type":"Feature","properties":{"k":"pitch"},"geometry":{"type":"Polygon","coordinates":[[[99.016795,18.746958],[99.016974,18.746871],[99.017146,18.747186],[99.016967,18.747273],[99.016795,18.746958]]]}},{"type":"Feature","properties":{"k":"pitch"},"geometry":{"type":"Polygon","coordinates":[[[99.00979,18.749135],[99.00968,18.749096],[99.009598,18.748969],[99.009696,18.748923],[99.009841,18.74899],[99.00979,18.749135]]]}},{"type":"Feature","properties":{"k":"pitch"},"geometry":{"type":"Polygon","coordinates":[[[98.956215,18.838229],[98.956242,18.837918],[98.956448,18.837935],[98.956423,18.838239],[98.956215,18.838229]]]}},{"type":"Feature","properties":{"k":"pitch"},"geometry":{"type":"Polygon","coordinates":[[[98.974088,18.787163],[98.974059,18.787435],[98.973893,18.787419],[98.973923,18.787147],[98.974088,18.787163]]]}},{"type":"Feature","properties":{"k":"park"},"geometry":{"type":"Polygon","coordinates":[[[98.976981,18.782865],[98.977026,18.78304],[98.977008,18.783089],[98.976587,18.783175],[98.97645,18.783056],[98.976574,18.782878],[98.976981,18.782865]]]}},{"type":"Feature","properties":{"k":"park"},"geometry":{"type":"Polygon","coordinates":[[[98.976146,18.780815],[98.976577,18.780741],[98.976672,18.781234],[98.976241,18.781308],[98.976146,18.780815]]]}},{"type":"Feature","properties":{"k":"park"},"geometry":{"type":"Polygon","coordinates":[[[98.976882,18.778728],[98.977003,18.779197],[98.975854,18.779463],[98.97583,18.77937],[98.97587,18.779361],[98.975789,18.779048],[98.97584,18.779036],[98.975732,18.778617],[98.975937,18.778569],[98.976029,18.778925],[98.976882,18.778728]]]}},{"type":"Feature","properties":{"k":"park"},"geometry":{"type":"Polygon","coordinates":[[[98.975987,18.778302],[98.976053,18.778285],[98.976025,18.778186],[98.976763,18.777996],[98.976858,18.778326],[98.976658,18.778378],[98.976625,18.778262],[98.97602,18.778418],[98.975987,18.778302]]]}},{"type":"Feature","properties":{"k":"forest"},"geometry":{"type":"Polygon","coordinates":[[[98.975742,18.77821],[98.975648,18.778172],[98.975637,18.778063],[98.975699,18.777918],[98.975699,18.777756],[98.975849,18.77767],[98.975935,18.777405],[98.97601,18.777322],[98.976066,18.777322],[98.976136,18.777593],[98.976061,18.777672],[98.975833,18.778165],[98.975742,18.77821]]]}},{"type":"Feature","properties":{"k":"pitch"},"geometry":{"type":"Polygon","coordinates":[[[98.988435,18.792884],[98.98833,18.792885],[98.988329,18.792829],[98.988435,18.792829],[98.988435,18.792884]]]}},{"type":"Feature","properties":{"k":"pitch"},"geometry":{"type":"Polygon","coordinates":[[[98.988445,18.792716],[98.988539,18.792716],[98.98854,18.792882],[98.988446,18.792883],[98.988445,18.792716]]]}},{"type":"Feature","properties":{"k":"park"},"geometry":{"type":"Polygon","coordinates":[[[98.989451,18.79133],[98.989434,18.79109],[98.989889,18.79106],[98.989906,18.7913],[98.989451,18.79133]]]}},{"type":"Feature","properties":{"k":"park"},"geometry":{"type":"Polygon","coordinates":[[[98.966238,18.822078],[98.965441,18.822391],[98.965392,18.822015],[98.965261,18.821577],[98.965721,18.821595],[98.965999,18.821855],[98.966417,18.821639],[98.966238,18.822078]]]}},{"type":"Feature","properties":{"k":"forest"},"geometry":{"type":"Polygon","coordinates":[[[98.989131,18.789775],[98.989099,18.789739],[98.989086,18.789472],[98.989204,18.789414],[98.98945,18.789384],[98.98955,18.789295],[98.989595,18.78931],[98.989512,18.789437],[98.989284,18.78948],[98.989263,18.789523],[98.989281,18.789587],[98.989383,18.78961],[98.989566,18.789587],[98.989635,18.789658],[98.989853,18.78964],[98.989949,18.789597],[98.990038,18.789643],[98.990003,18.789747],[98.98993,18.789767],[98.989829,18.789719],[98.98966,18.789721],[98.989424,18.789853],[98.989131,18.789775]]]}},{"type":"Feature","properties":{"k":"rural"},"geometry":{"type":"Polygon","coordinates":[[[98.988073,18.790288],[98.988178,18.790287],[98.988179,18.790473],[98.988075,18.790473],[98.988073,18.790288]]]}},{"type":"Feature","properties":{"k":"rural"},"geometry":{"type":"Polygon","coordinates":[[[98.988072,18.790171],[98.988071,18.790064],[98.988189,18.790066],[98.988188,18.790173],[98.988072,18.790171]]]}},{"type":"Feature","properties":{"k":"forest"},"geometry":{"type":"Polygon","coordinates":[[[98.988238,18.790661],[98.988077,18.790616],[98.988075,18.790473],[98.988179,18.790473],[98.988276,18.790511],[98.988555,18.790448],[98.988555,18.790069],[98.988071,18.790064],[98.988067,18.789769],[98.98871,18.789719],[98.988726,18.789757],[98.988659,18.789884],[98.988691,18.790074],[98.988616,18.790222],[98.988659,18.7903],[98.988804,18.790293],[98.988847,18.790316],[98.988815,18.790671],[98.988238,18.790661]]]}},{"type":"Feature","properties":{"k":"forest"},"geometry":{"type":"Polygon","coordinates":[[[98.989595,18.788909],[98.989571,18.788797],[98.989512,18.788762],[98.989477,18.788695],[98.98933,18.78867],[98.989276,18.788708],[98.989252,18.788916],[98.989163,18.788894],[98.989099,18.788802],[98.988994,18.788835],[98.988986,18.788787],[98.989102,18.788619],[98.989134,18.788523],[98.988895,18.78853],[98.988817,18.788693],[98.988791,18.788685],[98.988769,18.788668],[98.98878,18.78853],[98.988702,18.78851],[98.988691,18.788436],[98.988648,18.788411],[98.988538,18.788391],[98.988563,18.788325],[98.988579,18.788302],[98.98878,18.788348],[98.988855,18.788284],[98.988943,18.788261],[98.988946,18.78831],[98.988984,18.78833],[98.989005,18.788195],[98.98945,18.78817],[98.989544,18.788249],[98.989587,18.788134],[98.989721,18.788144],[98.989791,18.788106],[98.989839,18.788119],[98.989855,18.788193],[98.9897,18.788299],[98.989689,18.788345],[98.989799,18.788388],[98.989906,18.788315],[98.989912,18.788518],[98.989866,18.788566],[98.989778,18.788528],[98.989716,18.788558],[98.989759,18.788668],[98.989727,18.788825],[98.989657,18.788924],[98.989595,18.788909]]]}},{"type":"Feature","properties":{"k":"rural"},"geometry":{"type":"Polygon","coordinates":[[[98.993219,18.767286],[98.993223,18.767193],[98.993042,18.766775],[98.99306,18.766533],[98.993023,18.766439],[98.993309,18.766129],[98.993351,18.766162],[98.993814,18.76567],[98.994121,18.765917],[98.994071,18.765973],[98.994231,18.766105],[98.994392,18.766723],[98.994619,18.767296],[98.99472,18.767347],[98.994953,18.767627],[98.995136,18.767426],[98.995272,18.767557],[98.994981,18.767891],[98.995144,18.768298],[98.995607,18.768239],[98.995866,18.768364],[98.99583,18.76906],[98.996358,18.769593],[98.996723,18.770019],[98.996288,18.770229],[98.9955,18.769178],[98.995304,18.769081],[98.995007,18.769014],[98.994986,18.768725],[98.994481,18.768776],[98.994559,18.769065],[98.994375,18.769121],[98.993849,18.768082],[98.993431,18.767749],[98.99312,18.767407],[98.993219,18.767286]]]}},{"type":"Feature","properties":{"k":"rural"},"geometry":{"type":"Polygon","coordinates":[[[98.99171,18.764882],[98.991924,18.765066],[98.992029,18.764978],[98.992112,18.765033],[98.992374,18.764884],[98.992559,18.765069],[98.992299,18.765371],[98.992379,18.765436],[98.992247,18.765851],[98.993023,18.766439],[98.992533,18.76629],[98.992401,18.766299],[98.992213,18.766001],[98.992157,18.765433],[98.991976,18.765145],[98.991685,18.764903],[98.99171,18.764882]]]}},{"type":"Feature","properties":{"k":"rural"},"geometry":{"type":"Polygon","coordinates":[[[99.01738,18.809727],[99.018596,18.809599],[99.018413,18.810004],[99.018353,18.810046],[99.017364,18.809868],[99.01738,18.809727]]]}},{"type":"Feature","properties":{"k":"rural"},"geometry":{"type":"Polygon","coordinates":[[[99.017454,18.810996],[99.017081,18.810791],[99.017109,18.810637],[99.017174,18.810753],[99.017227,18.810788],[99.017488,18.810831],[99.017454,18.810996]]]}},{"type":"Feature","properties":{"k":"park"},"geometry":{"type":"Polygon","coordinates":[[[98.978306,18.795998],[98.978294,18.795931],[98.978394,18.795988],[98.978306,18.795998]]]}},{"type":"Feature","properties":{"k":"forest"},"geometry":{"type":"Polygon","coordinates":[[[99.015548,18.823132],[99.015597,18.823051],[99.017214,18.823962],[99.017164,18.824109],[99.017065,18.824183],[99.015876,18.8235],[99.015953,18.823366],[99.015548,18.823132]]]}},{"type":"Feature","properties":{"k":"pitch"},"geometry":{"type":"Polygon","coordinates":[[[98.970228,18.777064],[98.970221,18.776563],[98.970544,18.776559],[98.970551,18.77706],[98.970228,18.777064]]]}},{"type":"Feature","properties":{"k":"pitch"},"geometry":{"type":"Polygon","coordinates":[[[99.012038,18.75968],[99.012081,18.759449],[99.012389,18.759501],[99.012345,18.759732],[99.012038,18.75968]]]}},{"type":"Feature","properties":{"k":"rural"},"geometry":{"type":"Polygon","coordinates":[[[99.03776,18.833434],[99.038025,18.833262],[99.039101,18.832713],[99.040104,18.832241],[99.040176,18.832231],[99.040198,18.832269],[99.040139,18.83234],[99.039675,18.832602],[99.038811,18.833015],[99.03825,18.833267],[99.03776,18.833434]]]}},{"type":"Feature","properties":{"k":"rural"},"geometry":{"type":"Polygon","coordinates":[[[99.041474,18.831685],[99.041423,18.831644],[99.041421,18.831594],[99.041735,18.831403],[99.043226,18.830654],[99.043111,18.830774],[99.042786,18.83101],[99.042448,18.831213],[99.041474,18.831685]]]}},{"type":"Feature","properties":{"k":"rural"},"geometry":{"type":"Polygon","coordinates":[[[99.035816,18.825811],[99.036204,18.825838],[99.036445,18.825778],[99.037226,18.826867],[99.037175,18.826902],[99.037341,18.82711],[99.037309,18.827192],[99.037092,18.827321],[99.036944,18.8271],[99.03648,18.827212],[99.035896,18.827065],[99.035636,18.826907],[99.035794,18.82643],[99.035816,18.825811]]]}},{"type":"Feature","properties":{"k":"park","n":"KK Park"},"geometry":{"type":"Polygon","coordinates":[[[99.023073,18.815844],[99.022777,18.814084],[99.023096,18.813678],[99.024198,18.816041],[99.024029,18.816117],[99.023073,18.815844]]]}},{"type":"Feature","properties":{"k":"park"},"geometry":{"type":"Polygon","coordinates":[[[98.996429,18.818984],[98.996338,18.819065],[98.996075,18.818842],[98.996199,18.818649],[98.99617,18.818565],[98.996491,18.818738],[98.996408,18.818889],[98.996429,18.818984]]]}},{"type":"Feature","properties":{"k":"pitch"},"geometry":{"type":"Polygon","coordinates":[[[99.000219,18.841606],[99.000337,18.84149],[99.000547,18.841682],[99.000429,18.841798],[99.000219,18.841606]]]}},{"type":"Feature","properties":{"k":"forest"},"geometry":{"type":"Polygon","coordinates":[[[98.952801,18.789709],[98.952829,18.789808],[98.952752,18.79004],[98.952567,18.790025],[98.952441,18.790059],[98.952217,18.789997],[98.951842,18.789982],[98.951843,18.789827],[98.952315,18.789811],[98.952386,18.789723],[98.952801,18.789709]]]}},{"type":"Feature","properties":{"k":"pitch"},"geometry":{"type":"Polygon","coordinates":[[[99.016815,18.746914],[99.016759,18.746807],[99.01691,18.746735],[99.016967,18.746842],[99.016815,18.746914]]]}},{"type":"Feature","properties":{"k":"forest"},"geometry":{"type":"Polygon","coordinates":[[[98.934929,18.750871],[98.933886,18.750224],[98.933803,18.750063],[98.934041,18.749835],[98.934065,18.749738],[98.933974,18.749644],[98.933982,18.749401],[98.933811,18.749299],[98.933851,18.749271],[98.934312,18.749101],[98.934519,18.749109],[98.93457,18.749142],[98.934634,18.749385],[98.934755,18.749459],[98.935415,18.74955],[98.935554,18.7495],[98.935624,18.749578],[98.935492,18.750302],[98.935012,18.750864],[98.934929,18.750871]]]}},{"type":"Feature","properties":{"k":"forest"},"geometry":{"type":"Polygon","coordinates":[[[98.933188,18.750444],[98.933003,18.750305],[98.932891,18.750099],[98.932687,18.749505],[98.932732,18.749479],[98.933368,18.749601],[98.933237,18.749825],[98.933634,18.750005],[98.933744,18.750193],[98.933296,18.750444],[98.933188,18.750444]]]}},{"type":"Feature","properties":{"k":"rural"},"geometry":{"type":"Polygon","coordinates":[[[98.928841,18.757533],[98.928339,18.757223],[98.928956,18.756438],[98.929154,18.756118],[98.929771,18.755951],[98.929879,18.756393],[98.929677,18.756479],[98.928841,18.757533]]]}},{"type":"Feature","properties":{"k":"park"},"geometry":{"type":"Polygon","coordinates":[[[98.93773,18.737936],[98.93721,18.737953],[98.93674,18.737924],[98.93773,18.737936]]]}},{"type":"Feature","properties":{"k":"park","n":"Prueksa Doikham Community Area"},"geometry":{"type":"Polygon","coordinates":[[[98.93768,18.737327],[98.937738,18.737412],[98.93773,18.737936],[98.93721,18.737953],[98.93674,18.737924],[98.93768,18.737327]]]}},{"type":"Feature","properties":{"k":"pitch"},"geometry":{"type":"Polygon","coordinates":[[[98.93591,18.746051],[98.93608,18.746268],[98.935956,18.746354],[98.935787,18.746137],[98.93591,18.746051]]]}},{"type":"Feature","properties":{"k":"park"},"geometry":{"type":"Polygon","coordinates":[[[98.974393,18.819414],[98.974289,18.819164],[98.97466,18.819026],[98.974764,18.819275],[98.974393,18.819414]]]}},{"type":"Feature","properties":{"k":"rural"},"geometry":{"type":"Polygon","coordinates":[[[98.979295,18.732139],[98.979445,18.73174],[98.979853,18.731918],[98.980501,18.73227],[98.98043,18.732418],[98.979948,18.732272],[98.979295,18.732139]]]}},{"type":"Feature","properties":{"k":"park"},"geometry":{"type":"Polygon","coordinates":[[[98.953422,18.803736],[98.953415,18.803563],[98.953919,18.803583],[98.953993,18.803655],[98.953823,18.803826],[98.953422,18.803736]]]}},{"type":"Feature","properties":{"k":"pitch"},"geometry":{"type":"Polygon","coordinates":[[[98.937473,18.763012],[98.937338,18.762282],[98.937831,18.762194],[98.937946,18.762975],[98.937473,18.763012]]]}},{"type":"Feature","properties":{"k":"forest"},"geometry":{"type":"Polygon","coordinates":[[[98.960087,18.782677],[98.960464,18.782686],[98.960468,18.782526],[98.960662,18.782536],[98.960657,18.782694],[98.960721,18.782773],[98.960726,18.783511],[98.960814,18.783509],[98.960799,18.783673],[98.959268,18.783458],[98.958887,18.783456],[98.958787,18.78343],[98.958746,18.783385],[98.958754,18.783247],[98.958641,18.783141],[98.958641,18.783066],[98.958717,18.782729],[98.958838,18.782753],[98.958867,18.782611],[98.958826,18.7826],[98.958834,18.78245],[98.959791,18.782477],[98.95978,18.782947],[98.960081,18.782948],[98.960087,18.782677]]]}},{"type":"Feature","properties":{"k":"rural"},"geometry":{"type":"Polygon","coordinates":[[[98.947881,18.758071],[98.947972,18.757952],[98.948133,18.757844],[98.948254,18.757814],[98.948472,18.757822],[98.948639,18.757887],[98.948817,18.757896],[98.948879,18.757807],[98.94969,18.757821],[98.949751,18.758164],[98.949807,18.75816],[98.949958,18.7592],[98.949609,18.759305],[98.948942,18.759248],[98.948773,18.759206],[98.948034,18.758871],[98.947881,18.758071]]]}},{"type":"Feature","properties":{"k":"rural"},"geometry":{"type":"Polygon","coordinates":[[[98.947366,18.758902],[98.948171,18.759324],[98.949272,18.759688],[98.947779,18.760596],[98.947479,18.760071],[98.946749,18.760505],[98.946864,18.760903],[98.946329,18.760851],[98.946312,18.760632],[98.946001,18.760583],[98.945993,18.760516],[98.945845,18.76051],[98.945777,18.76],[98.945553,18.759658],[98.945299,18.759508],[98.945344,18.759372],[98.945588,18.759157],[98.94594,18.758923],[98.94642,18.758683],[98.946829,18.758352],[98.947005,18.758385],[98.947116,18.758498],[98.947171,18.758564],[98.947173,18.758684],[98.947366,18.758902]]]}},{"type":"Feature","properties":{"k":"rural"},"geometry":{"type":"Polygon","coordinates":[[[98.945399,18.758308],[98.94585,18.758289],[98.946133,18.7582],[98.946121,18.758168],[98.946331,18.758099],[98.946323,18.757953],[98.946492,18.757923],[98.946603,18.758],[98.946808,18.758302],[98.946415,18.758609],[98.945724,18.75897],[98.945537,18.759106],[98.945399,18.758308]]]}},{"type":"Feature","properties":{"k":"rural"},"geometry":{"type":"Polygon","coordinates":[[[98.921969,18.755575],[98.921769,18.755588],[98.921416,18.755736],[98.921002,18.755143],[98.921241,18.755018],[98.921438,18.755224],[98.921638,18.755145],[98.922003,18.755084],[98.921969,18.755575]]]}},{"type":"Feature","properties":{"k":"park"},"geometry":{"type":"Polygon","coordinates":[[[99.034023,18.754023],[99.03416,18.753708],[99.03417,18.753395],[99.034558,18.753492],[99.034851,18.753628],[99.03529,18.753923],[99.034995,18.753833],[99.034753,18.753795],[99.034436,18.753837],[99.034194,18.753933],[99.034007,18.754058],[99.034023,18.754023]]]}},{"type":"Feature","properties":{"k":"park"},"geometry":{"type":"Polygon","coordinates":[[[99.033507,18.75441],[99.033713,18.754101],[99.033753,18.753778],[99.033681,18.753414],[99.033546,18.753215],[99.034045,18.753357],[99.034075,18.753555],[99.03402,18.753838],[99.033888,18.75408],[99.033708,18.754278],[99.033347,18.754527],[99.033507,18.75441]]]}},{"type":"Feature","properties":{"k":"rural"},"geometry":{"type":"Polygon","coordinates":[[[98.980094,18.737778],[98.98018,18.737699],[98.980317,18.737658],[98.980298,18.737479],[98.980219,18.737409],[98.980551,18.737206],[98.98062,18.737094],[98.980652,18.736966],[98.980606,18.736571],[98.98102,18.736596],[98.981025,18.736447],[98.981492,18.736345],[98.981411,18.736139],[98.981908,18.736047],[98.982119,18.736461],[98.982032,18.736561],[98.981996,18.73668],[98.981903,18.73665],[98.981742,18.73676],[98.981572,18.73693],[98.981278,18.737123],[98.980802,18.737672],[98.980658,18.73774],[98.980392,18.737754],[98.980231,18.737879],[98.980055,18.737859],[98.980094,18.737778]]]}},{"type":"Feature","properties":{"k":"rural"},"geometry":{"type":"Polygon","coordinates":[[[98.983822,18.73606],[98.984133,18.735644],[98.98439,18.735162],[98.984556,18.735197],[98.984623,18.735098],[98.984623,18.735031],[98.984455,18.73501],[98.984461,18.73493],[98.984699,18.73497],[98.984554,18.735385],[98.984364,18.735783],[98.984145,18.736129],[98.983977,18.7363],[98.983915,18.736208],[98.98379,18.736111],[98.983822,18.73606]]]}},{"type":"Feature","properties":{"k":"rural"},"geometry":{"type":"Polygon","coordinates":[[[98.982706,18.734805],[98.983056,18.733353],[98.983311,18.733356],[98.983221,18.733667],[98.983764,18.733702],[98.983828,18.733474],[98.984093,18.733484],[98.984082,18.733689],[98.984455,18.7337],[98.984444,18.733969],[98.984136,18.733888],[98.9839,18.733972],[98.983629,18.733941],[98.983495,18.734684],[98.983353,18.734949],[98.983319,18.735213],[98.982994,18.735139],[98.983006,18.734921],[98.982691,18.734834],[98.982706,18.734805]]]}},{"type":"Feature","properties":{"k":"rural"},"geometry":{"type":"Polygon","coordinates":[[[98.981626,18.735172],[98.9818,18.734758],[98.981825,18.734552],[98.982072,18.734519],[98.982093,18.734346],[98.982484,18.734367],[98.982479,18.734634],[98.982637,18.734635],[98.982576,18.734857],[98.98235,18.734806],[98.982311,18.735063],[98.982065,18.735047],[98.982005,18.735121],[98.982007,18.735251],[98.981682,18.735284],[98.981671,18.73547],[98.981803,18.735505],[98.981759,18.735665],[98.981488,18.735706],[98.981452,18.73552],[98.981626,18.735172]]]}},{"type":"Feature","properties":{"k":"rural"},"geometry":{"type":"Polygon","coordinates":[[[98.982934,18.730101],[98.982955,18.729944],[98.983203,18.729634],[98.983148,18.729337],[98.983231,18.729314],[98.983228,18.729456],[98.983375,18.729654],[98.983761,18.729634],[98.983734,18.729384],[98.98419,18.729335],[98.984157,18.729883],[98.984371,18.729944],[98.984371,18.730859],[98.983899,18.73092],[98.98389,18.73119],[98.984129,18.731103],[98.984157,18.731349],[98.984414,18.731361],[98.984457,18.731831],[98.984003,18.731849],[98.983936,18.732789],[98.984463,18.732859],[98.984476,18.733021],[98.984243,18.733045],[98.984172,18.733248],[98.983725,18.733172],[98.982943,18.733193],[98.982747,18.733918],[98.982489,18.733982],[98.982413,18.733942],[98.982409,18.73366],[98.981824,18.733637],[98.981438,18.733495],[98.980831,18.733152],[98.980929,18.732995],[98.980819,18.732539],[98.981122,18.732418],[98.981643,18.73186],[98.9816,18.731822],[98.98183,18.731526],[98.981717,18.731465],[98.981937,18.731375],[98.982189,18.731085],[98.982336,18.730835],[98.98236,18.730664],[98.9826,18.730403],[98.982943,18.730313],[98.982992,18.730156],[98.982934,18.730101]]]}},{"type":"Feature","properties":{"k":"rural"},"geometry":{"type":"Polygon","coordinates":[[[98.978489,18.740853],[98.978851,18.740862],[98.978982,18.741263],[98.979681,18.741004],[98.979819,18.740929],[98.979862,18.741202],[98.97951,18.741507],[98.979632,18.741675],[98.979874,18.741614],[98.980077,18.741919],[98.980077,18.742206],[98.980141,18.742447],[98.980098,18.742656],[98.980169,18.743016],[98.980347,18.743193],[98.9805,18.743605],[98.980512,18.743965],[98.980478,18.744308],[98.980546,18.744598],[98.980782,18.744909],[98.980874,18.745565],[98.980049,18.745187],[98.979727,18.745092],[98.979626,18.745124],[98.97958,18.744412],[98.979436,18.743785],[98.979258,18.743457],[98.978958,18.743071],[98.978731,18.741771],[98.978489,18.740853]]]}},{"type":"Feature","properties":{"k":"rural"},"geometry":{"type":"Polygon","coordinates":[[[98.980625,18.743433],[98.981233,18.743342],[98.981255,18.743456],[98.981237,18.743594],[98.981125,18.744043],[98.981161,18.744159],[98.981119,18.744382],[98.981151,18.744525],[98.982253,18.744182],[98.982686,18.74453],[98.982455,18.744654],[98.98249,18.7447],[98.982729,18.744557],[98.982815,18.74467],[98.982394,18.744828],[98.982443,18.744914],[98.982605,18.744871],[98.982702,18.745102],[98.982256,18.745287],[98.982132,18.745031],[98.982083,18.745072],[98.982214,18.745303],[98.981885,18.745487],[98.981963,18.745811],[98.981462,18.745818],[98.98126,18.745795],[98.981168,18.745567],[98.981059,18.745558],[98.980936,18.744842],[98.980657,18.74443],[98.980625,18.744321],[98.980671,18.743715],[98.980585,18.743437],[98.980625,18.743433]]]}},{"type":"Feature","properties":{"k":"rural"},"geometry":{"type":"Polygon","coordinates":[[[98.982313,18.744104],[98.981785,18.743639],[98.982032,18.743423],[98.982205,18.743395],[98.982498,18.743986],[98.982313,18.744104]]]}},{"type":"Feature","properties":{"k":"cemetery"},"geometry":{"type":"Polygon","coordinates":[[[99.006456,18.771309],[99.00639,18.770786],[99.007223,18.770727],[99.007799,18.770725],[99.007774,18.771014],[99.008712,18.770993],[99.008559,18.771325],[99.008086,18.771285],[99.006456,18.771309]]]}},{"type":"Feature","properties":{"k":"rural"},"geometry":{"type":"Polygon","coordinates":[[[99.032272,18.765825],[99.032675,18.765742],[99.033256,18.765739],[99.033538,18.766219],[99.033194,18.766364],[99.033382,18.76678],[99.03368,18.766772],[99.034141,18.766877],[99.034377,18.767341],[99.034098,18.767603],[99.034087,18.767803],[99.032877,18.767018],[99.032248,18.767426],[99.0323,18.767841],[99.03226,18.768722],[99.032152,18.768767],[99.032199,18.7678],[99.032076,18.767414],[99.032609,18.767109],[99.032932,18.766834],[99.032479,18.766035],[99.032272,18.765825]]]}},{"type":"Feature","properties":{"k":"rural"},"geometry":{"type":"Polygon","coordinates":[[[98.966558,18.732191],[98.966642,18.732465],[98.966874,18.732381],[98.9672,18.732564],[98.967223,18.732657],[98.966121,18.732958],[98.965379,18.733239],[98.965328,18.733103],[98.965188,18.733142],[98.965097,18.732751],[98.965124,18.732668],[98.966094,18.732304],[98.966558,18.732191]]]}},{"type":"Feature","properties":{"k":"rural"},"geometry":{"type":"Polygon","coordinates":[[[98.9672,18.732564],[98.967844,18.732802],[98.968392,18.733127],[98.968559,18.733195],[98.968718,18.733228],[98.969206,18.733149],[98.96931,18.733168],[98.969315,18.733364],[98.969492,18.733711],[98.968864,18.733875],[98.968816,18.733524],[98.968504,18.733625],[98.968446,18.733446],[98.968184,18.733533],[98.967774,18.733584],[98.967825,18.734137],[98.967872,18.734354],[98.967299,18.734468],[98.967079,18.734421],[98.967062,18.734106],[98.967234,18.7341],[98.967087,18.733187],[98.966882,18.733212],[98.966893,18.733297],[98.966653,18.733321],[98.966505,18.733408],[98.966149,18.73345],[98.966128,18.733535],[98.965956,18.733532],[98.965859,18.733381],[98.965527,18.733475],[98.965499,18.733432],[98.965442,18.733459],[98.965437,18.733511],[98.964999,18.733618],[98.96494,18.733328],[98.964987,18.733197],[98.965328,18.733103],[98.965379,18.733239],[98.966121,18.732958],[98.967223,18.732657],[98.9672,18.732564]]]}},{"type":"Feature","properties":{"k":"rural"},"geometry":{"type":"Polygon","coordinates":[[[98.966558,18.732191],[98.966874,18.732381],[98.966642,18.732465],[98.966558,18.732191]]]}},{"type":"Feature","properties":{"k":"rural"},"geometry":{"type":"Polygon","coordinates":[[[98.964526,18.731707],[98.96493,18.731414],[98.965313,18.73166],[98.965674,18.731716],[98.966008,18.731675],[98.966247,18.731926],[98.966372,18.73196],[98.966292,18.732047],[98.965069,18.732607],[98.964994,18.732502],[98.964781,18.732395],[98.964565,18.732075],[98.964526,18.731707]]]}},{"type":"Feature","properties":{"k":"rural"},"geometry":{"type":"Polygon","coordinates":[[[98.965124,18.732668],[98.965965,18.732263],[98.966428,18.732087],[98.966558,18.732191],[98.966094,18.732304],[98.965124,18.732668]]]}},{"type":"Feature","properties":{"k":"rural"},"geometry":{"type":"Polygon","coordinates":[[[98.961555,18.731144],[98.96186,18.731191],[98.962009,18.731132],[98.962962,18.730996],[98.96296,18.73089],[98.963284,18.730876],[98.96357,18.730992],[98.963926,18.731231],[98.963762,18.731412],[98.963819,18.731552],[98.963889,18.731579],[98.964049,18.731515],[98.964275,18.73158],[98.964341,18.731671],[98.964382,18.731835],[98.964282,18.73185],[98.964063,18.731703],[98.963889,18.731773],[98.963709,18.731734],[98.963532,18.731773],[98.963461,18.73172],[98.963319,18.731521],[98.963106,18.731635],[98.962762,18.731734],[98.962431,18.73191],[98.962105,18.732022],[98.961779,18.732061],[98.961486,18.732226],[98.961413,18.732071],[98.961027,18.732216],[98.960977,18.732151],[98.96109,18.73206],[98.961014,18.731919],[98.961187,18.731862],[98.961099,18.731499],[98.961597,18.731444],[98.961555,18.731144]]]}},{"type":"Feature","properties":{"k":"rural"},"geometry":{"type":"Polygon","coordinates":[[[98.963361,18.731596],[98.963472,18.731778],[98.963525,18.731811],[98.963672,18.731764],[98.963775,18.731768],[98.963873,18.731809],[98.963932,18.731885],[98.964027,18.732162],[98.963736,18.73232],[98.963252,18.732444],[98.962787,18.732464],[98.962202,18.732643],[98.962112,18.732817],[98.962039,18.732849],[98.962,18.73261],[98.961778,18.732752],[98.96186,18.73287],[98.961661,18.732997],[98.961262,18.732472],[98.96115,18.732542],[98.960975,18.732329],[98.96133,18.732198],[98.961409,18.732245],[98.961467,18.732343],[98.961787,18.73217],[98.962178,18.732102],[98.962575,18.731962],[98.962719,18.731866],[98.962966,18.731765],[98.963257,18.731571],[98.963361,18.731596]]]}},{"type":"Feature","properties":{"k":"rural"},"geometry":{"type":"Polygon","coordinates":[[[98.964382,18.731835],[98.96445,18.732084],[98.964374,18.732106],[98.964463,18.732513],[98.964216,18.732538],[98.964209,18.732452],[98.963874,18.732482],[98.963865,18.732257],[98.964027,18.732162],[98.963932,18.731885],[98.963873,18.731809],[98.963889,18.731773],[98.964063,18.731703],[98.964282,18.73185],[98.964382,18.731835]]]}},{"type":"Feature","properties":{"k":"rural"},"geometry":{"type":"Polygon","coordinates":[[[98.960977,18.732151],[98.961027,18.732216],[98.961413,18.732071],[98.961486,18.732226],[98.961779,18.732061],[98.962105,18.732022],[98.962431,18.73191],[98.962762,18.731734],[98.963106,18.731635],[98.963319,18.731521],[98.963461,18.73172],[98.963532,18.731773],[98.963709,18.731734],[98.963889,18.731773],[98.963873,18.731809],[98.963775,18.731768],[98.963672,18.731764],[98.963525,18.731811],[98.963472,18.731778],[98.963361,18.731596],[98.963257,18.731571],[98.962966,18.731765],[98.962719,18.731866],[98.962575,18.731962],[98.962178,18.732102],[98.961787,18.73217],[98.961467,18.732343],[98.961409,18.732245],[98.96133,18.732198],[98.960975,18.732329],[98.960906,18.732196],[98.960977,18.732151]]]}},{"type":"Feature","properties":{"k":"rural"},"geometry":{"type":"Polygon","coordinates":[[[98.960524,18.729788],[98.960594,18.729657],[98.960989,18.729388],[98.961024,18.729666],[98.961483,18.729507],[98.961559,18.729916],[98.961112,18.730057],[98.961211,18.730493],[98.960965,18.730512],[98.960716,18.730606],[98.960625,18.730277],[98.960668,18.729825],[98.960524,18.729788]]]}},{"type":"Feature","properties":{"k":"rural"},"geometry":{"type":"Polygon","coordinates":[[[98.961546,18.72964],[98.961633,18.729563],[98.962007,18.729508],[98.962186,18.72937],[98.962471,18.729265],[98.962669,18.72915],[98.963075,18.730079],[98.962791,18.730203],[98.962738,18.730136],[98.96203,18.730428],[98.961982,18.730288],[98.961854,18.730317],[98.961824,18.730222],[98.96171,18.730131],[98.961546,18.72964]]]}},{"type":"Feature","properties":{"k":"rural"},"geometry":{"type":"Polygon","coordinates":[[[98.963062,18.730049],[98.962669,18.72915],[98.962571,18.729207],[98.962561,18.729168],[98.962765,18.729023],[98.962992,18.728981],[98.962956,18.728831],[98.963153,18.728778],[98.963214,18.728878],[98.96376,18.728543],[98.963902,18.728521],[98.964268,18.728355],[98.964683,18.728323],[98.964711,18.728174],[98.964795,18.728041],[98.965128,18.728006],[98.96519,18.728033],[98.9652,18.728074],[98.9648,18.728119],[98.964835,18.728449],[98.965014,18.728434],[98.965049,18.728701],[98.964969,18.728753],[98.965052,18.729014],[98.964891,18.729061],[98.964814,18.728837],[98.964565,18.728769],[98.964447,18.729059],[98.964632,18.729499],[98.964267,18.729595],[98.964345,18.7299],[98.964208,18.729924],[98.964295,18.730204],[98.964199,18.730405],[98.964224,18.730577],[98.964047,18.73061],[98.963922,18.72993],[98.963799,18.72977],[98.963276,18.730033],[98.963247,18.729973],[98.963062,18.730049]]]}},{"type":"Feature","properties":{"k":"rural"},"geometry":{"type":"Polygon","coordinates":[[[98.966139,18.728765],[98.966131,18.729477],[98.967146,18.730701],[98.966975,18.73082],[98.966877,18.730855],[98.966881,18.730683],[98.966806,18.730598],[98.966654,18.730668],[98.966454,18.730399],[98.966151,18.729729],[98.965965,18.72975],[98.965958,18.729543],[98.966045,18.729473],[98.966027,18.729303],[98.965919,18.729287],[98.965821,18.729224],[98.965795,18.729139],[98.96596,18.728942],[98.965915,18.728826],[98.966139,18.728765]]]}},{"type":"Feature","properties":{"k":"rural"},"geometry":{"type":"Polygon","coordinates":[[[98.964891,18.729061],[98.965052,18.729014],[98.964969,18.728753],[98.965049,18.728701],[98.966142,18.728542],[98.966139,18.728765],[98.965915,18.728826],[98.96596,18.728942],[98.965795,18.729139],[98.965821,18.729224],[98.965919,18.729287],[98.966027,18.729303],[98.966045,18.729473],[98.965958,18.729543],[98.965533,18.729705],[98.965622,18.729867],[98.965427,18.730006],[98.965317,18.729801],[98.965022,18.7299],[98.964891,18.729427],[98.964632,18.729499],[98.964514,18.729172],[98.964891,18.729061]]]}},{"type":"Feature","properties":{"k":"rural"},"geometry":{"type":"Polygon","coordinates":[[[98.958256,18.733414],[98.95873,18.734344],[98.958346,18.734453],[98.958384,18.73458],[98.957874,18.73479],[98.957711,18.734448],[98.957657,18.734264],[98.957697,18.73403],[98.957564,18.733734],[98.958144,18.733509],[98.958256,18.733414]]]}},{"type":"Feature","properties":{"k":"rural"},"geometry":{"type":"Polygon","coordinates":[[[98.958104,18.734695],[98.958377,18.735227],[98.957969,18.735268],[98.957874,18.73479],[98.958104,18.734695]]]}},{"type":"Feature","properties":{"k":"rural"},"geometry":{"type":"Polygon","coordinates":[[[98.956536,18.732808],[98.957209,18.73263],[98.957413,18.733189],[98.95685,18.733414],[98.956536,18.732808]]]}},{"type":"Feature","properties":{"k":"rural"},"geometry":{"type":"Polygon","coordinates":[[[98.964758,18.736204],[98.965345,18.736167],[98.965682,18.736599],[98.965611,18.736767],[98.96586,18.737242],[98.965847,18.737411],[98.965485,18.737478],[98.965614,18.737939],[98.965235,18.738024],[98.965011,18.736982],[98.964758,18.736204]]]}},{"type":"Feature","properties":{"k":"rural"},"geometry":{"type":"Polygon","coordinates":[[[98.967927,18.7398],[98.967881,18.739485],[98.968146,18.739429],[98.96829,18.73973],[98.967927,18.7398]]]}},{"type":"Feature","properties":{"k":"rural"},"geometry":{"type":"Polygon","coordinates":[[[98.967954,18.739982],[98.968179,18.739951],[98.968243,18.740238],[98.968419,18.740285],[98.968584,18.741152],[98.96783,18.741084],[98.967654,18.740754],[98.968046,18.740649],[98.968002,18.740328],[98.967495,18.740349],[98.967412,18.739962],[98.967285,18.739887],[98.967321,18.739833],[98.967665,18.73985],[98.967712,18.740093],[98.967965,18.740066],[98.967954,18.739982]]]}},{"type":"Feature","properties":{"k":"rural"},"geometry":{"type":"Polygon","coordinates":[[[98.962266,18.734184],[98.963631,18.734575],[98.963617,18.734699],[98.963386,18.734718],[98.963371,18.73482],[98.962368,18.734721],[98.962364,18.734841],[98.962191,18.734808],[98.961993,18.734834],[98.961963,18.734783],[98.962032,18.734586],[98.962007,18.734379],[98.962266,18.734184]]]}},{"type":"Feature","properties":{"k":"rural"},"geometry":{"type":"Polygon","coordinates":[[[98.961491,18.733914],[98.962277,18.73413],[98.962025,18.734284],[98.962053,18.734315],[98.961964,18.734401],[98.96199,18.73459],[98.961942,18.734731],[98.961663,18.73477],[98.96114,18.735023],[98.96114,18.735165],[98.960779,18.735146],[98.960566,18.735182],[98.960438,18.734938],[98.960743,18.734799],[98.960859,18.734683],[98.960833,18.734549],[98.961538,18.73433],[98.961476,18.733974],[98.961491,18.733914]]]}},{"type":"Feature","properties":{"k":"rural"},"geometry":{"type":"Polygon","coordinates":[[[98.956432,18.729926],[98.956544,18.730026],[98.956465,18.730418],[98.956086,18.730398],[98.956098,18.730329],[98.956339,18.730348],[98.956432,18.729926]]]}},{"type":"Feature","properties":{"k":"rural"},"geometry":{"type":"Polygon","coordinates":[[[98.949359,18.731502],[98.948962,18.732168],[98.948901,18.732094],[98.948913,18.731878],[98.949021,18.731657],[98.948994,18.731624],[98.949071,18.731511],[98.948685,18.73127],[98.948526,18.731116],[98.948219,18.731035],[98.94804,18.731055],[98.947916,18.731132],[98.947871,18.731101],[98.948053,18.730875],[98.948044,18.7308],[98.947906,18.730725],[98.947485,18.730687],[98.947104,18.730351],[98.946899,18.730257],[98.946231,18.730585],[98.946066,18.73061],[98.945904,18.730715],[98.945691,18.730766],[98.945501,18.73087],[98.945435,18.730825],[98.945615,18.730712],[98.94582,18.730655],[98.945974,18.730552],[98.946154,18.730495],[98.946408,18.730349],[98.946983,18.730086],[98.947417,18.730598],[98.948,18.730616],[98.948275,18.730724],[98.948514,18.730857],[98.948753,18.731116],[98.949036,18.731242],[98.949101,18.731322],[98.949359,18.731502]]]}},{"type":"Feature","properties":{"k":"park"},"geometry":{"type":"Polygon","coordinates":[[[98.981227,18.781533],[98.978088,18.78163],[98.978023,18.78157],[98.978042,18.781489],[98.977997,18.78144],[98.978174,18.781438],[98.978135,18.781501],[98.978202,18.781561],[98.981335,18.781487],[98.981359,18.781407],[98.981337,18.781339],[98.981459,18.781374],[98.981495,18.78153],[98.981227,18.781533]]]}},{"type":"Feature","properties":{"k":"park"},"geometry":{"type":"Polygon","coordinates":[[[98.981702,18.781513],[98.981716,18.781351],[98.981785,18.781313],[98.981809,18.781313],[98.981775,18.781392],[98.981798,18.781442],[98.981861,18.781473],[98.985274,18.781405],[98.985271,18.781436],[98.982144,18.781528],[98.981969,18.781563],[98.98197,18.781507],[98.981702,18.781513]]]}},{"type":"Feature","properties":{"k":"park"},"geometry":{"type":"Polygon","coordinates":[[[98.978055,18.782134],[98.978146,18.782163],[98.978114,18.78233],[98.978053,18.782318],[98.978055,18.782134]]]}},{"type":"Feature","properties":{"k":"park"},"geometry":{"type":"Polygon","coordinates":[[[98.977841,18.781726],[98.977886,18.781749],[98.977825,18.781942],[98.977827,18.78211],[98.977878,18.782111],[98.978057,18.7855],[98.97801,18.785589],[98.977789,18.781951],[98.977797,18.781821],[98.977841,18.781726]]]}},{"type":"Feature","properties":{"k":"park"},"geometry":{"type":"Polygon","coordinates":[[[98.988676,18.781348],[98.988565,18.781339],[98.988468,18.781295],[98.988437,18.781211],[98.988758,18.781247],[98.988827,18.781304],[98.988837,18.781349],[98.988676,18.781348]]]}},{"type":"Feature","properties":{"k":"park"},"geometry":{"type":"Polygon","coordinates":[[[98.98945,18.78139],[98.989448,18.781334],[98.989106,18.781347],[98.9892,18.781199],[98.98931,18.781157],[98.98932,18.781322],[98.990818,18.781295],[98.990819,18.781327],[98.989716,18.781351],[98.989663,18.781384],[98.98945,18.78139]]]}},{"type":"Feature","properties":{"k":"park"},"geometry":{"type":"Polygon","coordinates":[[[98.992481,18.781308],[98.991068,18.781325],[98.991023,18.781239],[98.991066,18.781272],[98.992549,18.781242],[98.99266,18.781263],[98.992651,18.781286],[98.992486,18.781271],[98.992481,18.781308]]]}},{"type":"Feature","properties":{"k":"park"},"geometry":{"type":"Polygon","coordinates":[[[98.992874,18.782473],[98.992787,18.781613],[98.992828,18.781564],[98.992901,18.782472],[98.992874,18.782473]]]}},{"type":"Feature","properties":{"k":"park"},"geometry":{"type":"Polygon","coordinates":[[[98.978028,18.788742],[98.977958,18.788699],[98.977946,18.788487],[98.978079,18.788481],[98.978091,18.788447],[98.978022,18.7859],[98.978051,18.786001],[98.978111,18.787316],[98.978206,18.788315],[98.97814,18.78832],[98.97816,18.788736],[98.978028,18.788742]]]}},{"type":"Feature","properties":{"k":"park"},"geometry":{"type":"Polygon","coordinates":[[[98.977955,18.789165],[98.977967,18.788971],[98.97816,18.788939],[98.97817,18.789107],[98.978246,18.789104],[98.978306,18.791256],[98.978271,18.791334],[98.978163,18.789229],[98.978153,18.789163],[98.977955,18.789165]]]}},{"type":"Feature","properties":{"k":"park"},"geometry":{"type":"Polygon","coordinates":[[[98.981864,18.795811],[98.981807,18.795807],[98.981786,18.795773],[98.981796,18.795617],[98.98191,18.795574],[98.983942,18.795507],[98.984032,18.795545],[98.984045,18.79572],[98.984021,18.795741],[98.981864,18.795811]]]}},{"type":"Feature","properties":{"k":"forest"},"geometry":{"type":"Polygon","coordinates":[[[98.983405,18.777466],[98.983515,18.777574],[98.983402,18.777676],[98.983456,18.777724],[98.98323,18.777894],[98.983101,18.777815],[98.983164,18.777703],[98.983405,18.777466]]]}},{"type":"Feature","properties":{"k":"rural"},"geometry":{"type":"Polygon","coordinates":[[[98.983781,18.778401],[98.983948,18.778241],[98.984199,18.778504],[98.984132,18.778627],[98.983781,18.778401]]]}},{"type":"Feature","properties":{"k":"rural"},"geometry":{"type":"Polygon","coordinates":[[[98.982567,18.777005],[98.982772,18.776799],[98.982998,18.777022],[98.982746,18.777171],[98.982567,18.777005]]]}},{"type":"Feature","properties":{"k":"rural"},"geometry":{"type":"Polygon","coordinates":[[[98.984082,18.77986],[98.984213,18.779837],[98.984331,18.779773],[98.984371,18.779717],[98.984473,18.779848],[98.984559,18.779791],[98.984552,18.780292],[98.984242,18.780388],[98.984113,18.780204],[98.984082,18.77986]]]}},{"type":"Feature","properties":{"k":"forest"},"geometry":{"type":"Polygon","coordinates":[[[98.984565,18.780384],[98.984736,18.78039],[98.984745,18.780237],[98.984964,18.780291],[98.985077,18.780242],[98.985117,18.780412],[98.984943,18.780483],[98.984766,18.78048],[98.984771,18.780654],[98.984641,18.78066],[98.984628,18.780571],[98.984544,18.780571],[98.984565,18.780384]]]}},{"type":"Feature","properties":{"k":"rural"},"geometry":{"type":"Polygon","coordinates":[[[98.981414,18.77706],[98.981555,18.777048],[98.98152,18.777359],[98.981402,18.777357],[98.981414,18.77706]]]}},{"type":"Feature","properties":{"k":"park"},"geometry":{"type":"Polygon","coordinates":[[[98.980833,18.778844],[98.981082,18.778826],[98.981092,18.77906],[98.980817,18.779069],[98.980833,18.778844]]]}},{"type":"Feature","properties":{"k":"rural"},"geometry":{"type":"Polygon","coordinates":[[[98.979494,18.777207],[98.979556,18.776802],[98.979823,18.776847],[98.979835,18.777207],[98.979494,18.777207]]]}},{"type":"Feature","properties":{"k":"forest"},"geometry":{"type":"Polygon","coordinates":[[[98.977468,18.775903],[98.977543,18.775845],[98.977569,18.775886],[98.977655,18.775863],[98.977704,18.775987],[98.978064,18.775843],[98.978101,18.775942],[98.977801,18.77609],[98.977578,18.776258],[98.97758,18.776542],[98.977641,18.776612],[98.977581,18.777035],[98.977767,18.777566],[98.977784,18.778149],[98.977522,18.778149],[98.977446,18.777528],[98.977402,18.777401],[98.977582,18.777353],[98.977475,18.777119],[98.977438,18.776865],[98.977304,18.776865],[98.977263,18.776252],[98.97735,18.776044],[98.977468,18.775903]]]}},{"type":"Feature","properties":{"k":"forest"},"geometry":{"type":"Polygon","coordinates":[[[98.987581,18.779959],[98.987842,18.779947],[98.987869,18.780007],[98.988119,18.77994],[98.988144,18.780032],[98.988132,18.780201],[98.987978,18.780191],[98.987973,18.780284],[98.987645,18.780263],[98.987644,18.780211],[98.987583,18.780207],[98.987581,18.779959]]]}},{"type":"Feature","properties":{"k":"rural"},"geometry":{"type":"Polygon","coordinates":[[[98.985452,18.778097],[98.9857,18.77807],[98.98575,18.778342],[98.985887,18.778516],[98.985747,18.77859],[98.985805,18.778689],[98.985573,18.778811],[98.985522,18.778498],[98.985401,18.778516],[98.985364,18.778446],[98.985424,18.778394],[98.985327,18.778274],[98.985326,18.77823],[98.985462,18.778197],[98.985452,18.778097]]]}},{"type":"Feature","properties":{"k":"pitch"},"geometry":{"type":"Polygon","coordinates":[[[98.975059,18.780777],[98.975045,18.780348],[98.975285,18.780341],[98.9753,18.78077],[98.975059,18.780777]]]}},{"type":"Feature","properties":{"k":"rural"},"geometry":{"type":"Polygon","coordinates":[[[99.012726,18.799305],[99.012827,18.799371],[99.012646,18.799622],[99.012537,18.799558],[99.012726,18.799305]]]}},{"type":"Feature","properties":{"k":"pitch"},"geometry":{"type":"Polygon","coordinates":[[[99.01267,18.798823],[99.012651,18.798702],[99.012716,18.798528],[99.012951,18.7986],[99.01295,18.798773],[99.01267,18.798823]]]}},{"type":"Feature","properties":{"k":"forest"},"geometry":{"type":"Polygon","coordinates":[[[98.986386,18.777705],[98.986365,18.777429],[98.985925,18.777447],[98.986033,18.777147],[98.986313,18.777232],[98.986365,18.776994],[98.986545,18.777029],[98.986546,18.777412],[98.986612,18.777606],[98.986386,18.777705]]]}},{"type":"Feature","properties":{"k":"rural"},"geometry":{"type":"Polygon","coordinates":[[[98.98474,18.775842],[98.984881,18.775805],[98.985081,18.775802],[98.985232,18.775962],[98.985201,18.776371],[98.984767,18.776276],[98.984804,18.776139],[98.984677,18.776097],[98.98474,18.775842]]]}},{"type":"Feature","properties":{"k":"forest"},"geometry":{"type":"Polygon","coordinates":[[[98.988155,18.776909],[98.988208,18.776824],[98.988682,18.77646],[98.988759,18.776622],[98.988849,18.776612],[98.988826,18.776741],[98.98874,18.776836],[98.988484,18.776984],[98.988403,18.776953],[98.988371,18.777006],[98.988155,18.776909]]]}},{"type":"Feature","properties":{"k":"rural"},"geometry":{"type":"Polygon","coordinates":[[[98.987288,18.775451],[98.987487,18.775245],[98.987746,18.77545],[98.987844,18.775324],[98.988001,18.775424],[98.987927,18.775678],[98.987834,18.775635],[98.987773,18.775855],[98.987508,18.775854],[98.987571,18.775619],[98.987288,18.775451]]]}},{"type":"Feature","properties":{"k":"rural"},"geometry":{"type":"Polygon","coordinates":[[[98.987783,18.773716],[98.987815,18.77356],[98.987894,18.773565],[98.987964,18.773391],[98.98825,18.773367],[98.988183,18.773763],[98.987783,18.773716]]]}},{"type":"Feature","properties":{"k":"forest"},"geometry":{"type":"Polygon","coordinates":[[[98.986252,18.773639],[98.986302,18.773499],[98.987042,18.773761],[98.987108,18.773695],[98.987265,18.773744],[98.987185,18.774067],[98.987105,18.774053],[98.987097,18.773912],[98.986779,18.773851],[98.986757,18.773914],[98.986576,18.77388],[98.986554,18.773786],[98.986252,18.773639]]]}},{"type":"Feature","properties":{"k":"forest"},"geometry":{"type":"Polygon","coordinates":[[[98.995307,18.765979],[98.994299,18.765135],[98.994545,18.764882],[98.994674,18.764995],[98.99471,18.765158],[98.994862,18.765386],[98.994926,18.765315],[98.995239,18.765552],[98.995381,18.765403],[98.995648,18.765634],[98.995307,18.765979]]]}},{"type":"Feature","properties":{"k":"forest"},"geometry":{"type":"Polygon","coordinates":[[[98.995397,18.766027],[98.995528,18.765897],[98.995758,18.766078],[98.995951,18.765885],[98.996071,18.765985],[98.99592,18.766144],[98.996029,18.7662],[98.995845,18.766415],[98.995397,18.766027]]]}},{"type":"Feature","properties":{"k":"forest"},"geometry":{"type":"Polygon","coordinates":[[[98.993595,18.764265],[98.993818,18.76445],[98.993973,18.764276],[98.994094,18.764364],[98.993944,18.764539],[98.994164,18.764709],[98.994314,18.764551],[98.994558,18.764746],[98.994411,18.764909],[98.994164,18.764721],[98.994,18.764904],[98.993433,18.764419],[98.993595,18.764265]]]}},{"type":"Feature","properties":{"k":"forest"},"geometry":{"type":"Polygon","coordinates":[[[98.994151,18.764324],[98.994299,18.764149],[98.994768,18.764535],[98.994621,18.764698],[98.994151,18.764324]]]}},{"type":"Feature","properties":{"k":"forest"},"geometry":{"type":"Polygon","coordinates":[[[98.993643,18.763945],[98.993967,18.763564],[98.994206,18.763774],[98.993895,18.764116],[98.993643,18.763945]]]}},{"type":"Feature","properties":{"k":"park"},"geometry":{"type":"Polygon","coordinates":[[[98.992665,18.764131],[98.993626,18.763342],[98.993733,18.763496],[98.993706,18.763536],[98.993764,18.76371],[98.993585,18.763945],[98.993062,18.764512],[98.992665,18.764131]]]}},{"type":"Feature","properties":{"k":"rural"},"geometry":{"type":"Polygon","coordinates":[[[98.994553,18.763949],[98.994721,18.763764],[98.994858,18.763818],[98.995175,18.76408],[98.99498,18.764308],[98.994553,18.763949]]]}},{"type":"Feature","properties":{"k":"rural"},"geometry":{"type":"Polygon","coordinates":[[[98.997621,18.768212],[98.998105,18.767687],[98.99815,18.767725],[98.998326,18.767517],[98.998875,18.767885],[98.999077,18.768287],[98.998835,18.768974],[98.998056,18.768524],[98.997621,18.768212]]]}},{"type":"Feature","properties":{"k":"forest"},"geometry":{"type":"Polygon","coordinates":[[[98.998263,18.767187],[98.997803,18.766914],[98.997502,18.766688],[98.997278,18.766592],[98.997327,18.766148],[98.997568,18.765971],[98.996115,18.764791],[98.996159,18.764726],[98.997801,18.765797],[98.99797,18.765842],[98.998198,18.765775],[98.998575,18.765855],[98.99855,18.765988],[98.9987,18.76609],[98.998263,18.767187]]]}},{"type":"Feature","properties":{"k":"rural"},"geometry":{"type":"Polygon","coordinates":[[[98.994335,18.769835],[98.994064,18.769367],[98.994475,18.769184],[98.994892,18.769088],[98.995319,18.769178],[98.995489,18.769309],[98.995783,18.769705],[98.995628,18.769919],[98.995665,18.769995],[98.995823,18.770115],[98.995845,18.770348],[98.995802,18.770412],[98.995536,18.770523],[98.99548,18.770506],[98.995257,18.770269],[98.995099,18.770191],[98.995011,18.769957],[98.994909,18.76982],[98.99475,18.769767],[98.99453,18.769744],[98.994335,18.769835]]]}},{"type":"Feature","properties":{"k":"rural"},"geometry":{"type":"Polygon","coordinates":[[[99.015183,18.831662],[99.012737,18.831723],[99.012623,18.829959],[99.014825,18.83007],[99.01495,18.829672],[99.015352,18.829829],[99.015183,18.831662]]]}},{"type":"Feature","properties":{"k":"forest"},"geometry":{"type":"Polygon","coordinates":[[[99.037559,18.816775],[99.038036,18.817204],[99.040033,18.817029],[99.040104,18.817735],[99.039013,18.817843],[99.039062,18.818198],[99.037325,18.817119],[99.037559,18.816775]]]}},{"type":"Feature","properties":{"k":"rural"},"geometry":{"type":"Polygon","coordinates":[[[99.037551,18.816786],[99.037325,18.817119],[99.037022,18.816932],[99.037078,18.81685],[99.036825,18.816669],[99.036881,18.816585],[99.036117,18.815995],[99.036003,18.816048],[99.034823,18.815322],[99.034431,18.815298],[99.034083,18.815033],[99.0355,18.815298],[99.035534,18.815068],[99.036095,18.815112],[99.036126,18.815485],[99.036508,18.815972],[99.037551,18.816786]]]}},{"type":"Feature","properties":{"k":"rural"},"geometry":{"type":"Polygon","coordinates":[[[99.029955,18.811849],[99.030316,18.811555],[99.030388,18.811112],[99.030678,18.811112],[99.03068,18.810663],[99.029559,18.810429],[99.029106,18.810152],[99.029197,18.810031],[99.02926,18.809469],[99.029235,18.809096],[99.028618,18.80855],[99.028707,18.808238],[99.028922,18.808232],[99.028924,18.808026],[99.029459,18.808068],[99.030423,18.80798],[99.03058,18.80868],[99.031067,18.808887],[99.031101,18.8095],[99.03132,18.809593],[99.031292,18.80992],[99.031078,18.809961],[99.031129,18.810441],[99.031449,18.810448],[99.031462,18.810641],[99.031744,18.810563],[99.031726,18.810494],[99.032228,18.81064],[99.032498,18.81159],[99.031093,18.811756],[99.031077,18.811972],[99.030304,18.811791],[99.030191,18.812029],[99.029955,18.811849]]]}},{"type":"Feature","properties":{"k":"park"},"geometry":{"type":"Polygon","coordinates":[[[98.991817,18.765754],[98.991885,18.765751],[98.991896,18.765951],[98.991827,18.765954],[98.991817,18.765754]]]}},{"type":"Feature","properties":{"k":"rural"},"geometry":{"type":"Polygon","coordinates":[[[99.042104,18.805862],[99.042683,18.806017],[99.042822,18.805636],[99.043689,18.805811],[99.04367,18.805966],[99.044488,18.806334],[99.044131,18.807314],[99.04381,18.807784],[99.043946,18.807865],[99.04385,18.808055],[99.043633,18.807906],[99.043246,18.807832],[99.042763,18.807799],[99.042785,18.807707],[99.042619,18.807677],[99.042994,18.806682],[99.042203,18.806494],[99.042216,18.806418],[99.04198,18.806375],[99.042104,18.805862]]]}},{"type":"Feature","properties":{"k":"rural"},"geometry":{"type":"Polygon","coordinates":[[[99.042203,18.806494],[99.042994,18.806682],[99.042602,18.807746],[99.042014,18.8077],[99.042063,18.807076],[99.042203,18.806494]]]}},{"type":"Feature","properties":{"k":"rural"},"geometry":{"type":"Polygon","coordinates":[[[99.042171,18.808854],[99.042024,18.808209],[99.043713,18.808381],[99.043608,18.808667],[99.043571,18.808937],[99.043128,18.808945],[99.042171,18.808854]]]}},{"type":"Feature","properties":{"k":"rural"},"geometry":{"type":"Polygon","coordinates":[[[99.038577,18.808093],[99.039121,18.808031],[99.039231,18.808546],[99.039546,18.808499],[99.039567,18.80947],[99.03949,18.809514],[99.039462,18.809582],[99.039467,18.8097],[99.038848,18.809722],[99.038542,18.809633],[99.038649,18.809171],[99.038577,18.808093]]]}},{"type":"Feature","properties":{"k":"rural"},"geometry":{"type":"Polygon","coordinates":[[[99.038902,18.81008],[99.039252,18.810134],[99.039193,18.810533],[99.038832,18.810486],[99.038902,18.81008]]]}},{"type":"Feature","properties":{"k":"rural"},"geometry":{"type":"Polygon","coordinates":[[[99.039266,18.810621],[99.039333,18.810052],[99.039629,18.810077],[99.03967,18.810218],[99.039829,18.810491],[99.039865,18.810673],[99.039753,18.810721],[99.039746,18.810776],[99.039571,18.810753],[99.039575,18.810671],[99.039266,18.810621]]]}},{"type":"Feature","properties":{"k":"rural"},"geometry":{"type":"Polygon","coordinates":[[[99.035519,18.808926],[99.035462,18.808579],[99.035917,18.808584],[99.035929,18.808931],[99.035519,18.808926]]]}},{"type":"Feature","properties":{"k":"rural"},"geometry":{"type":"Polygon","coordinates":[[[99.039148,18.804116],[99.039985,18.804301],[99.039961,18.804486],[99.040214,18.804575],[99.040133,18.80491],[99.039008,18.804536],[99.039148,18.804116]]]}},{"type":"Feature","properties":{"k":"rural"},"geometry":{"type":"Polygon","coordinates":[[[99.036582,18.801815],[99.037674,18.80209],[99.037518,18.802794],[99.038318,18.803003],[99.038449,18.802517],[99.04008,18.802981],[99.040175,18.80309],[99.040276,18.803149],[99.039985,18.804301],[99.038426,18.803944],[99.038391,18.804373],[99.038283,18.80484],[99.038156,18.804833],[99.038277,18.804025],[99.037891,18.803603],[99.037789,18.80341],[99.037038,18.803039],[99.036496,18.802826],[99.036582,18.801815]]]}},{"type":"Feature","properties":{"k":"rural"},"geometry":{"type":"Polygon","coordinates":[[[99.015636,18.760551],[99.016205,18.760724],[99.016298,18.761077],[99.016459,18.761139],[99.016664,18.761437],[99.017345,18.761721],[99.018019,18.761396],[99.018444,18.761321],[99.018745,18.762686],[99.018575,18.763236],[99.017999,18.764475],[99.017778,18.76422],[99.017386,18.764379],[99.017154,18.764258],[99.016197,18.764424],[99.015851,18.764394],[99.016093,18.763589],[99.015316,18.763445],[99.015226,18.764486],[99.015031,18.764486],[99.01418,18.764598],[99.013971,18.764553],[99.014045,18.7643],[99.014056,18.764097],[99.014461,18.764069],[99.014703,18.763936],[99.014816,18.763521],[99.014596,18.763505],[99.014649,18.762768],[99.014582,18.762753],[99.01472,18.762221],[99.014476,18.762079],[99.015302,18.76125],[99.015636,18.760551]]]}},{"type":"Feature","properties":{"k":"rural"},"geometry":{"type":"Polygon","coordinates":[[[99.020575,18.805677],[99.021015,18.806026],[99.020018,18.80725],[99.019899,18.807242],[99.01995,18.806958],[99.019887,18.806796],[99.01977,18.806678],[99.020575,18.805677]]]}},{"type":"Feature","properties":{"k":"rural"},"geometry":{"type":"Polygon","coordinates":[[[99.013752,18.845379],[99.014391,18.845405],[99.014564,18.845631],[99.014868,18.845684],[99.015652,18.84556],[99.015671,18.845635],[99.014256,18.846505],[99.01395,18.846401],[99.013821,18.846142],[99.013752,18.845379]]]}},{"type":"Feature","properties":{"k":"rural"},"geometry":{"type":"Polygon","coordinates":[[[99.016081,18.842969],[99.017247,18.842789],[99.01807,18.842895],[99.018124,18.843441],[99.017303,18.843301],[99.017418,18.844289],[99.01638,18.844434],[99.016375,18.84422],[99.016528,18.844116],[99.016286,18.843309],[99.016128,18.843339],[99.016081,18.842969]]]}},{"type":"Feature","properties":{"k":"rural"},"geometry":{"type":"Polygon","coordinates":[[[99.013418,18.84097],[99.014628,18.840903],[99.014508,18.841142],[99.01489,18.841279],[99.015282,18.841334],[99.015263,18.841824],[99.015195,18.841921],[99.014422,18.842098],[99.014391,18.841623],[99.013464,18.841673],[99.013418,18.84097]]]}},{"type":"Feature","properties":{"k":"rural"},"geometry":{"type":"Polygon","coordinates":[[[99.015347,18.837937],[99.015379,18.837811],[99.016273,18.837896],[99.016319,18.83801],[99.0161,18.839544],[99.016128,18.839935],[99.016368,18.840439],[99.014816,18.840433],[99.014893,18.840063],[99.015011,18.839687],[99.015347,18.837937]]]}},{"type":"Feature","properties":{"k":"rural"},"geometry":{"type":"Polygon","coordinates":[[[99.013327,18.840057],[99.013298,18.839544],[99.015011,18.839687],[99.014893,18.840063],[99.013327,18.840057]]]}},{"type":"Feature","properties":{"k":"rural"},"geometry":{"type":"Polygon","coordinates":[[[99.023298,18.840693],[99.022858,18.840502],[99.022247,18.840152],[99.021745,18.84001],[99.021965,18.839545],[99.02175,18.839515],[99.021804,18.839233],[99.021665,18.839182],[99.021795,18.838754],[99.022259,18.838887],[99.022149,18.839061],[99.023169,18.83944],[99.023584,18.839792],[99.023802,18.839843],[99.024125,18.840182],[99.023298,18.840693]]]}},{"type":"Feature","properties":{"k":"rural"},"geometry":{"type":"Polygon","coordinates":[[[99.028119,18.834345],[99.027899,18.834252],[99.027769,18.834276],[99.027737,18.834219],[99.027749,18.833916],[99.027642,18.833894],[99.027589,18.833785],[99.027604,18.833682],[99.027463,18.833655],[99.027425,18.833366],[99.027474,18.833363],[99.027368,18.832456],[99.027595,18.832417],[99.027783,18.832295],[99.028163,18.832701],[99.028576,18.832937],[99.028654,18.832805],[99.02886,18.832666],[99.029484,18.832936],[99.029627,18.832965],[99.029912,18.833166],[99.029904,18.833443],[99.029534,18.834216],[99.02938,18.835051],[99.028701,18.835017],[99.02851,18.834766],[99.028591,18.834486],[99.028119,18.834345]]]}},{"type":"Feature","properties":{"k":"rural"},"geometry":{"type":"Polygon","coordinates":[[[99.039726,18.830276],[99.039184,18.830478],[99.037431,18.830425],[99.037482,18.830842],[99.036855,18.831035],[99.036471,18.830614],[99.036353,18.830279],[99.036345,18.830141],[99.036458,18.82986],[99.03645,18.829644],[99.036356,18.829479],[99.038171,18.829494],[99.03868,18.829456],[99.038796,18.829649],[99.039222,18.829573],[99.039726,18.830276]]]}},{"type":"Feature","properties":{"k":"rural"},"geometry":{"type":"Polygon","coordinates":[[[99.002432,18.744569],[99.002249,18.74457],[99.001575,18.744737],[99.001429,18.744264],[99.001608,18.744156],[99.00124,18.743255],[99.000798,18.742435],[99.001655,18.742389],[99.002084,18.742425],[99.004514,18.742806],[99.004435,18.743603],[99.004021,18.743647],[99.004036,18.743522],[99.003498,18.743431],[99.003833,18.744665],[99.003211,18.744871],[99.002964,18.744879],[99.002808,18.744922],[99.002588,18.744576],[99.002432,18.744569]]]}},{"type":"Feature","properties":{"k":"rural"},"geometry":{"type":"Polygon","coordinates":[[[99.000639,18.746087],[99.002166,18.74554],[99.00214,18.74546],[99.002452,18.745335],[99.002811,18.746127],[99.002634,18.746182],[99.002757,18.746561],[99.002274,18.746732],[99.002164,18.746363],[99.001682,18.746569],[99.001543,18.746179],[99.000821,18.746467],[99.000639,18.746087]]]}},{"type":"Feature","properties":{"k":"pitch"},"geometry":{"type":"Polygon","coordinates":[[[99.009358,18.780231],[99.009543,18.780252],[99.0095,18.780577],[99.009316,18.780556],[99.009358,18.780231]]]}},{"type":"Feature","properties":{"k":"forest"},"geometry":{"type":"Polygon","coordinates":[[[98.951183,18.786112],[98.951715,18.78601],[98.951662,18.785721],[98.951807,18.785646],[98.951917,18.785528],[98.952423,18.785877],[98.952297,18.787262],[98.952114,18.78718],[98.951957,18.787176],[98.951543,18.787253],[98.951175,18.787091],[98.951278,18.786749],[98.95164,18.786637],[98.951528,18.786439],[98.951144,18.786312],[98.951183,18.786112]]]}},{"type":"Feature","properties":{"k":"forest"},"geometry":{"type":"Polygon","coordinates":[[[98.953099,18.786552],[98.953407,18.786564],[98.953412,18.786678],[98.953788,18.786689],[98.953798,18.786554],[98.954599,18.786447],[98.954554,18.786972],[98.954355,18.786945],[98.954353,18.786785],[98.953527,18.786805],[98.953501,18.787166],[98.953115,18.787268],[98.952922,18.787274],[98.952907,18.787109],[98.952765,18.787099],[98.952763,18.786903],[98.952875,18.786891],[98.952877,18.786687],[98.953099,18.786552]]]}},{"type":"Feature","properties":{"k":"rural"},"geometry":{"type":"Polygon","coordinates":[[[98.954001,18.786097],[98.954607,18.785999],[98.954613,18.786386],[98.954042,18.786461],[98.954001,18.786097]]]}},{"type":"Feature","properties":{"k":"rural"},"geometry":{"type":"Polygon","coordinates":[[[98.954684,18.786237],[98.955318,18.786276],[98.955261,18.786998],[98.954619,18.787001],[98.954684,18.786237]]]}},{"type":"Feature","properties":{"k":"rural"},"geometry":{"type":"Polygon","coordinates":[[[98.954676,18.785951],[98.955015,18.786001],[98.954898,18.785416],[98.955306,18.785418],[98.955392,18.785833],[98.955696,18.785816],[98.9558,18.786245],[98.954678,18.786193],[98.954676,18.785951]]]}},{"type":"Feature","properties":{"k":"forest"},"geometry":{"type":"Polygon","coordinates":[[[98.955086,18.783518],[98.955568,18.783287],[98.955958,18.784009],[98.955889,18.784136],[98.955909,18.78429],[98.956021,18.784444],[98.956222,18.784563],[98.956035,18.784669],[98.955496,18.784456],[98.955277,18.784669],[98.954978,18.784652],[98.954974,18.784325],[98.955063,18.784292],[98.955086,18.783518]]]}},{"type":"Feature","properties":{"k":"rural"},"geometry":{"type":"Polygon","coordinates":[[[98.954975,18.784409],[98.954791,18.784409],[98.954811,18.784134],[98.95449,18.784094],[98.954484,18.783894],[98.954931,18.783844],[98.954913,18.783566],[98.955086,18.783518],[98.955063,18.784292],[98.954974,18.784325],[98.954975,18.784409]]]}},{"type":"Feature","properties":{"k":"forest"},"geometry":{"type":"Polygon","coordinates":[[[98.957636,18.788726],[98.957643,18.788329],[98.957986,18.788339],[98.957997,18.787967],[98.958407,18.787939],[98.958476,18.788882],[98.958041,18.788926],[98.958007,18.788738],[98.957636,18.788726]]]}},{"type":"Feature","properties":{"k":"forest"},"geometry":{"type":"Polygon","coordinates":[[[98.956372,18.787284],[98.956419,18.786224],[98.956547,18.786225],[98.956553,18.786447],[98.95714,18.786433],[98.957232,18.786845],[98.956823,18.786861],[98.956815,18.787301],[98.956372,18.787284]]]}},{"type":"Feature","properties":{"k":"forest"},"geometry":{"type":"Polygon","coordinates":[[[98.97725,18.814746],[98.97852,18.814958],[98.978544,18.814859],[98.980454,18.815044],[98.98122,18.81491],[98.981227,18.815374],[98.980757,18.815416],[98.98075,18.815588],[98.979977,18.815537],[98.979975,18.816207],[98.979001,18.816196],[98.978576,18.815593],[98.978119,18.815999],[98.977449,18.816185],[98.977411,18.816041],[98.977063,18.816165],[98.976928,18.815873],[98.977014,18.815701],[98.97725,18.814746]]]}},{"type":"Feature","properties":{"k":"forest"},"geometry":{"type":"Polygon","coordinates":[[[98.977519,18.816407],[98.978355,18.816188],[98.978418,18.816283],[98.979313,18.816265],[98.979322,18.81692],[98.97812,18.817198],[98.978033,18.816838],[98.977655,18.816911],[98.977519,18.816407]]]}},{"type":"Feature","properties":{"k":"rural"},"geometry":{"type":"Polygon","coordinates":[[[98.973987,18.810801],[98.975077,18.810972],[98.974981,18.81137],[98.975274,18.811388],[98.975219,18.811588],[98.973947,18.811388],[98.973987,18.810801]]]}},{"type":"Feature","properties":{"k":"rural"},"geometry":{"type":"Polygon","coordinates":[[[98.974005,18.810755],[98.974028,18.80993],[98.975099,18.810449],[98.974005,18.810755]]]}},{"type":"Feature","properties":{"k":"forest"},"geometry":{"type":"Polygon","coordinates":[[[98.970296,18.813502],[98.970303,18.813194],[98.970637,18.813166],[98.970866,18.81305],[98.971002,18.812891],[98.971242,18.812774],[98.971471,18.812752],[98.971524,18.813238],[98.971156,18.813228],[98.971149,18.813422],[98.97154,18.813444],[98.971542,18.813589],[98.970296,18.813502]]]}},{"type":"Feature","properties":{"k":"rural"},"geometry":{"type":"Polygon","coordinates":[[[98.963313,18.816191],[98.964031,18.815885],[98.963842,18.817175],[98.963204,18.817241],[98.963313,18.816191]]]}},{"type":"Feature","properties":{"k":"rural"},"geometry":{"type":"Polygon","coordinates":[[[99.029708,18.814169],[99.029714,18.813867],[99.029907,18.813959],[99.030033,18.813821],[99.029731,18.81358],[99.029625,18.813586],[99.029527,18.813114],[99.029761,18.812762],[99.030121,18.81303],[99.029899,18.81337],[99.030733,18.813957],[99.030496,18.814017],[99.029946,18.814227],[99.029708,18.814169]]]}},{"type":"Feature","properties":{"k":"rural"},"geometry":{"type":"Polygon","coordinates":[[[99.034014,18.817297],[99.033718,18.817196],[99.033162,18.817238],[99.033188,18.816787],[99.032434,18.816891],[99.032273,18.816818],[99.032256,18.816643],[99.03209,18.816433],[99.031955,18.816057],[99.031948,18.815894],[99.033153,18.815938],[99.033181,18.815732],[99.033435,18.81575],[99.033797,18.815346],[99.033883,18.815424],[99.03367,18.815666],[99.033979,18.815832],[99.034077,18.81606],[99.034056,18.816579],[99.034561,18.815964],[99.034764,18.816133],[99.034014,18.817297]]]}},{"type":"Feature","properties":{"k":"rural"},"geometry":{"type":"Polygon","coordinates":[[[99.03015,18.815534],[99.030893,18.815354],[99.030918,18.815244],[99.031205,18.815268],[99.031223,18.815181],[99.031699,18.815126],[99.032703,18.815144],[99.032745,18.815052],[99.033302,18.815089],[99.033365,18.815458],[99.031969,18.815441],[99.031955,18.816057],[99.031294,18.816194],[99.031362,18.816411],[99.030965,18.816597],[99.030818,18.81638],[99.030617,18.816455],[99.03015,18.815534]]]}},{"type":"Feature","properties":{"k":"rural"},"geometry":{"type":"Polygon","coordinates":[[[99.033875,18.818374],[99.034903,18.818488],[99.034862,18.819397],[99.033795,18.819199],[99.033875,18.818374]]]}},{"type":"Feature","properties":{"k":"rural"},"geometry":{"type":"Polygon","coordinates":[[[99.044363,18.82647],[99.045217,18.826549],[99.045442,18.826605],[99.045694,18.826587],[99.04576,18.826798],[99.045337,18.826821],[99.04531,18.826957],[99.044335,18.826877],[99.044363,18.82647]]]}},{"type":"Feature","properties":{"k":"rural"},"geometry":{"type":"Polygon","coordinates":[[[99.04546,18.828731],[99.045506,18.828395],[99.045247,18.828192],[99.044351,18.828166],[99.044355,18.827911],[99.044516,18.827905],[99.044563,18.827799],[99.046102,18.827816],[99.045788,18.828352],[99.04546,18.828731]]]}},{"type":"Feature","properties":{"k":"park"},"geometry":{"type":"Polygon","coordinates":[[[99.043061,18.748829],[99.043842,18.748819],[99.043885,18.74904],[99.043883,18.749349],[99.043061,18.749363],[99.043061,18.748829]]]}},{"type":"Feature","properties":{"k":"rural"},"geometry":{"type":"Polygon","coordinates":[[[99.042452,18.746853],[99.042526,18.746866],[99.042518,18.747011],[99.043545,18.747061],[99.043529,18.7471],[99.043137,18.747073],[99.042532,18.747091],[99.042283,18.747386],[99.042212,18.747331],[99.042303,18.74726],[99.042381,18.74714],[99.042452,18.746853]]]}},{"type":"Feature","properties":{"k":"rural"},"geometry":{"type":"Polygon","coordinates":[[[99.04634,18.747058],[99.046545,18.747086],[99.046532,18.747354],[99.046246,18.747334],[99.046277,18.747857],[99.046403,18.748342],[99.046677,18.748306],[99.046815,18.748955],[99.046504,18.749017],[99.046407,18.749129],[99.045321,18.749205],[99.044394,18.749355],[99.044381,18.749269],[99.044163,18.749273],[99.044175,18.748852],[99.045322,18.74865],[99.045513,18.748354],[99.045773,18.747683],[99.045731,18.746962],[99.04634,18.747058]]]}},{"type":"Feature","properties":{"k":"park"},"geometry":{"type":"Polygon","coordinates":[[[99.041813,18.746519],[99.041811,18.746353],[99.042292,18.746328],[99.042309,18.746584],[99.042269,18.746613],[99.041818,18.746579],[99.041813,18.746519]]]}},{"type":"Feature","properties":{"k":"park"},"geometry":{"type":"Polygon","coordinates":[[[99.043736,18.746816],[99.043757,18.746556],[99.044086,18.746582],[99.044311,18.746641],[99.044337,18.747034],[99.043905,18.747068],[99.043864,18.746906],[99.043736,18.746816]]]}},{"type":"Feature","properties":{"k":"rural"},"geometry":{"type":"Polygon","coordinates":[[[99.044967,18.759214],[99.045079,18.757683],[99.045569,18.757768],[99.045967,18.758724],[99.044967,18.759214]]]}},{"type":"Feature","properties":{"k":"rural"},"geometry":{"type":"Polygon","coordinates":[[[99.045569,18.757768],[99.045993,18.757837],[99.046119,18.758263],[99.045811,18.75835],[99.045569,18.757768]]]}},{"type":"Feature","properties":{"k":"rural"},"geometry":{"type":"Polygon","coordinates":[[[99.045975,18.757395],[99.045993,18.757837],[99.045079,18.757683],[99.044704,18.757685],[99.044651,18.757351],[99.045975,18.757395]]]}},{"type":"Feature","properties":{"k":"rural"},"geometry":{"type":"Polygon","coordinates":[[[98.988144,18.745626],[98.988939,18.745431],[98.989019,18.745647],[98.989262,18.745524],[98.989161,18.745302],[98.989703,18.74494],[98.990166,18.745394],[98.989678,18.74576],[98.989929,18.746088],[98.990466,18.7457],[98.990496,18.745498],[98.990307,18.745359],[98.990473,18.745233],[98.990636,18.745478],[98.990877,18.745372],[98.990917,18.745527],[98.990671,18.745826],[98.990998,18.745974],[98.990991,18.746235],[98.991157,18.746412],[98.991066,18.746584],[98.991183,18.746812],[98.991503,18.746672],[98.99157,18.746967],[98.990872,18.747143],[98.990615,18.74713],[98.990298,18.747714],[98.990081,18.747659],[98.990046,18.747314],[98.9897,18.747035],[98.989551,18.746748],[98.98959,18.746511],[98.989408,18.746586],[98.989242,18.746248],[98.988591,18.746613],[98.988301,18.746111],[98.988144,18.745626]]]}},{"type":"Feature","properties":{"k":"rural"},"geometry":{"type":"Polygon","coordinates":[[[98.996772,18.744759],[98.996729,18.744504],[98.997814,18.743547],[98.99806,18.743786],[98.99859,18.743392],[98.998771,18.743556],[98.999206,18.744047],[98.998297,18.745011],[98.997664,18.744292],[98.997561,18.744385],[98.997425,18.744256],[98.996772,18.744759]]]}},{"type":"Feature","properties":{"k":"rural"},"geometry":{"type":"Polygon","coordinates":[[[99.00717,18.745726],[99.007347,18.745652],[99.007605,18.746097],[99.007787,18.746003],[99.007868,18.746199],[99.008098,18.746107],[99.008243,18.746339],[99.007935,18.74642],[99.008235,18.747261],[99.007846,18.747454],[99.0075,18.746346],[99.007379,18.746389],[99.007326,18.746176],[99.00743,18.746107],[99.00717,18.745726]]]}},{"type":"Feature","properties":{"k":"rural"},"geometry":{"type":"Polygon","coordinates":[[[98.982441,18.759488],[98.983437,18.759496],[98.983417,18.76001],[98.984573,18.760041],[98.985364,18.759904],[98.98537,18.76],[98.9846,18.760204],[98.984581,18.760324],[98.983447,18.760789],[98.982825,18.760799],[98.982845,18.760329],[98.982697,18.760316],[98.982717,18.759713],[98.98241,18.759685],[98.982441,18.759488]]]}},{"type":"Feature","properties":{"k":"rural"},"geometry":{"type":"Polygon","coordinates":[[[98.985458,18.758615],[98.986554,18.75831],[98.986976,18.759367],[98.98544,18.759787],[98.985458,18.758615]]]}},{"type":"Feature","properties":{"k":"rural"},"geometry":{"type":"Polygon","coordinates":[[[98.978249,18.768462],[98.978055,18.767331],[98.97842,18.767229],[98.978665,18.767282],[98.978631,18.767655],[98.978856,18.767622],[98.978885,18.767677],[98.979085,18.767741],[98.979087,18.767796],[98.978802,18.767949],[98.978734,18.768314],[98.978249,18.768462]]]}},{"type":"Feature","properties":{"k":"rural"},"geometry":{"type":"Polygon","coordinates":[[[98.987829,18.756773],[98.987014,18.756559],[98.987394,18.755864],[98.988053,18.755327],[98.988427,18.755258],[98.988775,18.755354],[98.988714,18.755671],[98.989212,18.755731],[98.989364,18.755635],[98.990159,18.755598],[98.9902,18.755785],[98.990791,18.755681],[98.991358,18.755945],[98.991324,18.756214],[98.99021,18.756421],[98.989029,18.757232],[98.988279,18.756843],[98.987829,18.756773]]]}},{"type":"Feature","properties":{"k":"rural"},"geometry":{"type":"Polygon","coordinates":[[[98.983389,18.75514],[98.984188,18.75481],[98.984653,18.755849],[98.984779,18.756017],[98.983702,18.75628],[98.983714,18.755897],[98.983618,18.75528],[98.983389,18.75514]]]}},{"type":"Feature","properties":{"k":"rural"},"geometry":{"type":"Polygon","coordinates":[[[98.983633,18.753404],[98.983441,18.753197],[98.984739,18.752967],[98.98561,18.752726],[98.98603,18.752649],[98.985965,18.752843],[98.983633,18.753404]]]}},{"type":"Feature","properties":{"k":"rural"},"geometry":{"type":"Polygon","coordinates":[[[98.98784,18.754725],[98.988165,18.754673],[98.988748,18.754224],[98.98912,18.754588],[98.988889,18.754852],[98.988531,18.755142],[98.988401,18.7552],[98.988065,18.755273],[98.98784,18.754725]]]}},{"type":"Feature","properties":{"k":"rural"},"geometry":{"type":"Polygon","coordinates":[[[98.972123,18.745368],[98.973407,18.744836],[98.973702,18.744834],[98.974668,18.744544],[98.974056,18.743099],[98.974567,18.742946],[98.974719,18.742782],[98.975563,18.743235],[98.975187,18.743429],[98.975811,18.74438],[98.975894,18.744653],[98.975896,18.744809],[98.976116,18.744802],[98.9763,18.745569],[98.976659,18.746728],[98.976367,18.746786],[98.976107,18.745712],[98.975831,18.745768],[98.975485,18.745727],[98.975015,18.745905],[98.974578,18.746237],[98.974294,18.745636],[98.973993,18.745757],[98.973771,18.745935],[98.973307,18.746083],[98.973057,18.746278],[98.97321,18.746672],[98.972845,18.746867],[98.972459,18.746867],[98.972123,18.745368]]]}},{"type":"Feature","properties":{"k":"rural"},"geometry":{"type":"Polygon","coordinates":[[[98.963752,18.74477],[98.964696,18.744671],[98.96468,18.744531],[98.965989,18.744356],[98.966064,18.744371],[98.966222,18.74477],[98.96546,18.744953],[98.965619,18.745397],[98.965919,18.745293],[98.966024,18.745509],[98.966689,18.745288],[98.966913,18.745642],[98.965919,18.745906],[98.965344,18.745935],[98.965289,18.745641],[98.96389,18.745851],[98.963752,18.74477]]]}},{"type":"Feature","properties":{"k":"rural"},"geometry":{"type":"Polygon","coordinates":[[[98.96389,18.745851],[98.965289,18.745641],[98.965344,18.745935],[98.96523,18.746063],[98.965108,18.746538],[98.963996,18.746659],[98.96389,18.745851]]]}},{"type":"Feature","properties":{"k":"rural"},"geometry":{"type":"Polygon","coordinates":[[[98.966821,18.745477],[98.967013,18.74544],[98.967195,18.745318],[98.967252,18.745245],[98.967527,18.745159],[98.967681,18.745149],[98.968325,18.744943],[98.968154,18.744503],[98.967943,18.744095],[98.968187,18.743975],[98.9688,18.7439],[98.969304,18.744997],[98.969522,18.74488],[98.969662,18.745221],[98.968928,18.745534],[98.96903,18.745798],[98.968739,18.745933],[98.968987,18.746479],[98.968418,18.746739],[98.968357,18.746593],[98.968081,18.746716],[98.967827,18.746279],[98.968229,18.746116],[98.968144,18.745887],[98.968028,18.745919],[98.967879,18.745552],[98.967101,18.745833],[98.966821,18.745477]]]}},{"type":"Feature","properties":{"k":"rural"},"geometry":{"type":"Polygon","coordinates":[[[98.967006,18.742647],[98.967094,18.742901],[98.967501,18.742742],[98.967715,18.743004],[98.96819,18.743699],[98.967732,18.743823],[98.967536,18.743584],[98.966855,18.7438],[98.966914,18.744072],[98.966348,18.744204],[98.964814,18.744422],[98.964733,18.744371],[98.964648,18.743296],[98.964904,18.743282],[98.965045,18.743146],[98.964984,18.742946],[98.965685,18.742937],[98.967006,18.742647]]]}},{"type":"Feature","properties":{"k":"rural"},"geometry":{"type":"Polygon","coordinates":[[[98.966582,18.741219],[98.968507,18.741412],[98.96866,18.742024],[98.968384,18.742137],[98.968255,18.742252],[98.968003,18.742331],[98.967648,18.742396],[98.967025,18.742637],[98.966862,18.742166],[98.966668,18.741414],[98.966582,18.741219]]]}},{"type":"Feature","properties":{"k":"forest"},"geometry":{"type":"Polygon","coordinates":[[[99.004361,18.807721],[99.004174,18.807696],[99.004252,18.804917],[99.005458,18.805025],[99.005423,18.805682],[99.004967,18.805693],[99.004956,18.805959],[99.004449,18.805949],[99.004439,18.806084],[99.004661,18.806096],[99.004664,18.806142],[99.004506,18.806297],[99.004326,18.806419],[99.004385,18.806647],[99.004723,18.806683],[99.004827,18.806744],[99.004827,18.806866],[99.004766,18.807008],[99.004634,18.807048],[99.004532,18.807122],[99.004559,18.80729],[99.004361,18.807721]]]}},{"type":"Feature","properties":{"k":"forest"},"geometry":{"type":"Polygon","coordinates":[[[99.008103,18.804092],[99.00831,18.804181],[99.008393,18.80452],[99.008257,18.804623],[99.00814,18.80462],[99.008095,18.804509],[99.007593,18.804559],[99.007462,18.804012],[99.008103,18.804092]]]}},{"type":"Feature","properties":{"k":"rural"},"geometry":{"type":"Polygon","coordinates":[[[98.988818,18.808287],[98.988547,18.808253],[98.988567,18.807607],[98.988823,18.807552],[98.988852,18.80788],[98.99008,18.80785],[98.991135,18.807972],[98.991993,18.808143],[98.992051,18.807903],[98.992256,18.80793],[98.992176,18.808899],[98.991853,18.808861],[98.991891,18.808631],[98.990956,18.808437],[98.990479,18.808253],[98.989801,18.808152],[98.988817,18.808196],[98.988818,18.808287]]]}},{"type":"Feature","properties":{"k":"forest"},"geometry":{"type":"Polygon","coordinates":[[[98.965358,18.836489],[98.96549,18.836509],[98.965557,18.836593],[98.965568,18.836682],[98.965511,18.83675],[98.965238,18.836842],[98.965088,18.836804],[98.965066,18.836669],[98.96512,18.836558],[98.965192,18.836507],[98.965358,18.836489]]]}},{"type":"Feature","properties":{"k":"forest"},"geometry":{"type":"Polygon","coordinates":[[[98.987933,18.8219],[98.988059,18.821646],[98.988076,18.821392],[98.98805,18.821146],[98.988119,18.820912],[98.988306,18.820896],[98.988466,18.820917],[98.989193,18.820802],[98.989375,18.820806],[98.989419,18.820925],[98.989206,18.821384],[98.989219,18.821646],[98.989384,18.82197],[98.989549,18.822138],[98.989778,18.822195],[98.990051,18.822171],[98.990202,18.822056],[98.990319,18.821749],[98.990198,18.821454],[98.990008,18.820744],[98.989804,18.820638],[98.989696,18.820441],[98.989596,18.820355],[98.989693,18.820249],[98.990073,18.820416],[98.990926,18.820492],[98.990839,18.821024],[98.990518,18.820984],[98.990459,18.821426],[98.990947,18.821787],[98.99116,18.822003],[98.991203,18.822241],[98.991212,18.823179],[98.991129,18.823921],[98.990787,18.823893],[98.990778,18.823175],[98.990025,18.823196],[98.989492,18.823134],[98.989336,18.823208],[98.989176,18.823233],[98.989094,18.8232],[98.989198,18.822921],[98.989198,18.822532],[98.989102,18.822314],[98.988124,18.822023],[98.987933,18.8219]]]}},{"type":"Feature","properties":{"k":"pitch"},"geometry":{"type":"Polygon","coordinates":[[[98.957426,18.820072],[98.957474,18.819858],[98.957894,18.819941],[98.957856,18.820109],[98.957689,18.820075],[98.957678,18.820122],[98.957426,18.820072]]]}},{"type":"Feature","properties":{"k":"rural"},"geometry":{"type":"Polygon","coordinates":[[[98.962544,18.73364],[98.962702,18.733583],[98.963347,18.7335],[98.963377,18.734277],[98.962499,18.733996],[98.962518,18.733799],[98.962592,18.733698],[98.962544,18.73364]]]}},{"type":"Feature","properties":{"k":"rural"},"geometry":{"type":"Polygon","coordinates":[[[98.962251,18.733471],[98.962466,18.733686],[98.962544,18.73364],[98.962592,18.733698],[98.962518,18.733799],[98.962499,18.733996],[98.96151,18.733707],[98.961448,18.73366],[98.961146,18.733589],[98.961139,18.733557],[98.961346,18.733453],[98.961887,18.733635],[98.962251,18.733471]]]}},{"type":"Feature","properties":{"k":"rural"},"geometry":{"type":"Polygon","coordinates":[[[98.962912,18.733275],[98.963382,18.733242],[98.963396,18.733499],[98.96295,18.733552],[98.962912,18.733275]]]}},{"type":"Feature","properties":{"k":"rural"},"geometry":{"type":"Polygon","coordinates":[[[99.033667,18.730218],[99.034241,18.730251],[99.034367,18.730457],[99.034404,18.730627],[99.034404,18.730782],[99.034487,18.731138],[99.034313,18.731666],[99.034318,18.731885],[99.034428,18.732385],[99.034396,18.732494],[99.034152,18.732663],[99.032795,18.732418],[99.033667,18.730218]]]}},{"type":"Feature","properties":{"k":"rural"},"geometry":{"type":"Polygon","coordinates":[[[98.992318,18.735927],[98.992354,18.736231],[98.991259,18.736426],[98.9913,18.736147],[98.992318,18.735927]]]}},{"type":"Feature","properties":{"k":"pitch"},"geometry":{"type":"Polygon","coordinates":[[[99.038282,18.764147],[99.038198,18.764034],[99.038288,18.763975],[99.038372,18.764088],[99.038282,18.764147]]]}},{"type":"Feature","properties":{"k":"pitch"},"geometry":{"type":"Polygon","coordinates":[[[99.031109,18.765874],[99.031107,18.765547],[99.031289,18.765546],[99.031292,18.765872],[99.031109,18.765874]]]}},{"type":"Feature","properties":{"k":"rural"},"geometry":{"type":"Polygon","coordinates":[[[98.949612,18.79079],[98.949252,18.790722],[98.94929,18.790481],[98.94929,18.790105],[98.94932,18.789986],[98.949826,18.790067],[98.949855,18.789905],[98.950038,18.789945],[98.950035,18.790026],[98.949612,18.79079]]]}},{"type":"Feature","properties":{"k":"pitch"},"geometry":{"type":"Polygon","coordinates":[[[98.94932,18.789986],[98.949392,18.789585],[98.949897,18.789666],[98.949826,18.790067],[98.94932,18.789986]]]}},{"type":"Feature","properties":{"k":"park","n":"Her Majesty The Queen's 60th Birthday Botanical Garden"},"geometry":{"type":"Polygon","coordinates":[[[98.912332,18.741176],[98.911033,18.741357],[98.910006,18.74079],[98.909738,18.73998],[98.909695,18.738644],[98.910097,18.738301],[98.911243,18.737821],[98.912213,18.737757],[98.912222,18.73953],[98.912332,18.741176]]]}},{"type":"Feature","properties":{"k":"pitch"},"geometry":{"type":"Polygon","coordinates":[[[99.014415,18.757073],[99.013052,18.756551],[99.013293,18.756146],[99.014573,18.756656],[99.014415,18.757073]]]}},{"type":"Feature","properties":{"k":"pitch"},"geometry":{"type":"Polygon","coordinates":[[[98.991193,18.775105],[98.991261,18.774996],[98.991473,18.775115],[98.991404,18.775224],[98.991193,18.775105]]]}},{"type":"Feature","properties":{"k":"rural"},"geometry":{"type":"Polygon","coordinates":[[[99.053973,18.808764],[99.056099,18.808993],[99.056257,18.809445],[99.056159,18.809794],[99.056268,18.810097],[99.055356,18.81017],[99.055284,18.810863],[99.056233,18.81081],[99.056259,18.811045],[99.055034,18.811173],[99.055027,18.811447],[99.054811,18.811715],[99.05465,18.812293],[99.055721,18.812613],[99.055704,18.812666],[99.055469,18.812645],[99.0554,18.812677],[99.053921,18.812212],[99.053891,18.81181],[99.054073,18.811266],[99.054033,18.810939],[99.054131,18.810795],[99.054159,18.810601],[99.05415,18.810313],[99.053947,18.810346],[99.053837,18.810079],[99.053961,18.809639],[99.053931,18.809308],[99.053973,18.808764]]]}},{"type":"Feature","properties":{"k":"rural"},"geometry":{"type":"Polygon","coordinates":[[[99.050136,18.819785],[99.050072,18.81954],[99.049695,18.819122],[99.05056,18.818974],[99.051034,18.818832],[99.051091,18.819358],[99.050136,18.819785]]]}},{"type":"Feature","properties":{"k":"rural"},"geometry":{"type":"Polygon","coordinates":[[[99.049695,18.819122],[99.049752,18.818768],[99.049966,18.818639],[99.050127,18.818452],[99.050987,18.818264],[99.051034,18.818832],[99.05056,18.818974],[99.049695,18.819122]]]}},{"type":"Feature","properties":{"k":"rural"},"geometry":{"type":"Polygon","coordinates":[[[99.049766,18.817031],[99.050862,18.81768],[99.050987,18.817806],[99.050956,18.8182],[99.050462,18.818345],[99.050189,18.818366],[99.050094,18.818414],[99.049915,18.818587],[99.049837,18.81857],[99.049772,18.81797],[99.049756,18.817384],[99.049644,18.817284],[99.049651,18.817093],[99.049766,18.817031]]]}},{"type":"Feature","properties":{"k":"rural"},"geometry":{"type":"Polygon","coordinates":[[[99.050227,18.816976],[99.05186,18.815201],[99.052186,18.814344],[99.05247,18.814415],[99.052375,18.814902],[99.052378,18.815301],[99.052573,18.816258],[99.052546,18.816412],[99.052057,18.816764],[99.052208,18.816855],[99.051676,18.817093],[99.051391,18.816862],[99.051153,18.817016],[99.051031,18.816923],[99.050764,18.817284],[99.050227,18.816976]]]}},{"type":"Feature","properties":{"k":"rural"},"geometry":{"type":"Polygon","coordinates":[[[99.048157,18.819134],[99.048783,18.819248],[99.049218,18.819242],[99.049614,18.819148],[99.049909,18.819511],[99.049882,18.819609],[99.049669,18.819736],[99.049321,18.819848],[99.049021,18.820015],[99.047944,18.819659],[99.048157,18.819134]]]}},{"type":"Feature","properties":{"k":"rural"},"geometry":{"type":"Polygon","coordinates":[[[99.048505,18.819132],[99.048533,18.818531],[99.048376,18.818521],[99.048376,18.818366],[99.048248,18.818008],[99.048374,18.817923],[99.048257,18.817631],[99.048245,18.817474],[99.048374,18.817236],[99.048907,18.817413],[99.049377,18.817428],[99.049491,18.817516],[99.049583,18.8185],[99.049645,18.818732],[99.049572,18.819057],[99.049462,18.81913],[99.049162,18.819182],[99.049206,18.818541],[99.048863,18.818537],[99.048811,18.819186],[99.048505,18.819132]]]}},{"type":"Feature","properties":{"k":"rural"},"geometry":{"type":"Polygon","coordinates":[[[99.044382,18.815867],[99.044647,18.815886],[99.044134,18.817087],[99.043876,18.818026],[99.043405,18.817895],[99.043354,18.817849],[99.043437,18.817635],[99.043663,18.817712],[99.043874,18.816933],[99.044382,18.815867]]]}},{"type":"Feature","properties":{"k":"rural"},"geometry":{"type":"Polygon","coordinates":[[[99.043914,18.815807],[99.043984,18.814517],[99.042506,18.814428],[99.042571,18.813581],[99.04347,18.813604],[99.043475,18.813378],[99.044172,18.81352],[99.044866,18.81376],[99.044968,18.815095],[99.044647,18.815865],[99.043914,18.815807]]]}},{"type":"Feature","properties":{"k":"rural"},"geometry":{"type":"Polygon","coordinates":[[[99.039377,18.81364],[99.039456,18.81338],[99.042528,18.813992],[99.042497,18.814429],[99.042195,18.814411],[99.040845,18.814146],[99.040819,18.814301],[99.039716,18.814145],[99.039377,18.81364]]]}},{"type":"Feature","properties":{"k":"rural"},"geometry":{"type":"Polygon","coordinates":[[[99.039283,18.812861],[99.039477,18.812631],[99.039596,18.812388],[99.040021,18.811754],[99.040485,18.811668],[99.044877,18.813658],[99.044872,18.81375],[99.044175,18.813515],[99.043469,18.813373],[99.043464,18.813599],[99.042565,18.813577],[99.042557,18.813671],[99.039283,18.812861]]]}},{"type":"Feature","properties":{"k":"rural"},"geometry":{"type":"Polygon","coordinates":[[[99.038467,18.811004],[99.038547,18.811011],[99.038705,18.81115],[99.038843,18.811348],[99.039911,18.811699],[99.039496,18.812365],[99.039366,18.812635],[99.039179,18.812839],[99.038838,18.81342],[99.038802,18.813605],[99.038435,18.813483],[99.038669,18.81288],[99.038643,18.812684],[99.037474,18.812611],[99.037414,18.812565],[99.038116,18.811339],[99.038263,18.811375],[99.038467,18.811004]]]}},{"type":"Feature","properties":{"k":"rural"},"geometry":{"type":"Polygon","coordinates":[[[99.043503,18.796681],[99.043376,18.797274],[99.043502,18.79731],[99.043526,18.797665],[99.043381,18.797732],[99.043713,18.798533],[99.044488,18.798378],[99.044522,18.798618],[99.044817,18.798633],[99.044801,18.799008],[99.044316,18.799241],[99.043241,18.799225],[99.043217,18.799304],[99.042988,18.799229],[99.042901,18.799334],[99.042685,18.79938],[99.042131,18.799198],[99.042279,18.798548],[99.042086,18.798508],[99.042026,18.79832],[99.042051,18.798106],[99.042203,18.797731],[99.042336,18.797207],[99.042385,18.797178],[99.042511,18.796558],[99.043503,18.796681]]]}},{"type":"Feature","properties":{"k":"rural"},"geometry":{"type":"Polygon","coordinates":[[[99.046279,18.804634],[99.048476,18.804706],[99.048442,18.804952],[99.048953,18.805045],[99.049159,18.805052],[99.049293,18.806021],[99.049413,18.806129],[99.049138,18.806194],[99.049095,18.805965],[99.048958,18.805982],[99.048743,18.805429],[99.047389,18.805858],[99.047398,18.807046],[99.04714,18.807114],[99.047269,18.80755],[99.046948,18.80727],[99.04669,18.806726],[99.046799,18.805766],[99.04661,18.805741],[99.046635,18.805401],[99.046702,18.805177],[99.046217,18.805192],[99.046279,18.804634]]]}},{"type":"Feature","properties":{"k":"rural"},"geometry":{"type":"Polygon","coordinates":[[[99.046727,18.803382],[99.046816,18.803064],[99.046725,18.803046],[99.046727,18.802973],[99.046848,18.802781],[99.046944,18.802828],[99.047465,18.802888],[99.047445,18.80303],[99.048388,18.803245],[99.048835,18.803272],[99.048831,18.803435],[99.04875,18.803449],[99.048802,18.803868],[99.046727,18.803382]]]}},{"type":"Feature","properties":{"k":"rural"},"geometry":{"type":"Polygon","coordinates":[[[99.054135,18.807632],[99.054135,18.807564],[99.054327,18.807305],[99.054257,18.807012],[99.054374,18.806853],[99.054543,18.80681],[99.054574,18.806765],[99.054508,18.806477],[99.054516,18.806369],[99.054453,18.805993],[99.054373,18.805797],[99.054215,18.805583],[99.053993,18.805162],[99.053781,18.804704],[99.05365,18.804508],[99.053413,18.8044],[99.053405,18.804282],[99.053421,18.804238],[99.053924,18.803737],[99.054176,18.803532],[99.054377,18.803747],[99.054467,18.803622],[99.054782,18.803642],[99.054859,18.803832],[99.05505,18.803986],[99.055136,18.804203],[99.054971,18.804381],[99.054969,18.804525],[99.055237,18.804706],[99.055467,18.804787],[99.05555,18.804954],[99.055863,18.805244],[99.056241,18.805348],[99.056284,18.805473],[99.055949,18.80571],[99.056069,18.805964],[99.056351,18.806032],[99.056477,18.80621],[99.056443,18.80643],[99.056514,18.80668],[99.056504,18.80719],[99.056577,18.807525],[99.056575,18.807985],[99.055969,18.807898],[99.055739,18.807838],[99.054135,18.807632]]]}},{"type":"Feature","properties":{"k":"rural"},"geometry":{"type":"Polygon","coordinates":[[[99.05545,18.801389],[99.055457,18.801787],[99.055712,18.802103],[99.055415,18.803763],[99.054904,18.803586],[99.054743,18.803502],[99.054467,18.803538],[99.054318,18.803425],[99.054374,18.803208],[99.054161,18.802563],[99.054297,18.802578],[99.054706,18.802457],[99.055007,18.802094],[99.054981,18.801796],[99.055021,18.801595],[99.055105,18.80144],[99.05545,18.801389]]]}},{"type":"Feature","properties":{"k":"rural"},"geometry":{"type":"Polygon","coordinates":[[[99.055418,18.797593],[99.056652,18.797461],[99.057244,18.79778],[99.057378,18.797897],[99.057329,18.797994],[99.057142,18.79805],[99.056803,18.798005],[99.056581,18.798086],[99.056217,18.798463],[99.055918,18.798638],[99.05579,18.798877],[99.055894,18.799089],[99.054904,18.798802],[99.055418,18.797593]]]}},{"type":"Feature","properties":{"k":"rural"},"geometry":{"type":"Polygon","coordinates":[[[99.052724,18.800126],[99.05256,18.799641],[99.052392,18.799268],[99.052323,18.799181],[99.052318,18.799017],[99.05245,18.798787],[99.052842,18.798783],[99.05318,18.798846],[99.05333,18.798382],[99.053586,18.798507],[99.053757,18.798646],[99.05384,18.798509],[99.05396,18.798584],[99.054137,18.799194],[99.053845,18.799335],[99.053691,18.799093],[99.053456,18.799175],[99.053547,18.79939],[99.053322,18.799431],[99.05352,18.799911],[99.052787,18.800216],[99.052724,18.800126]]]}},{"type":"Feature","properties":{"k":"rural"},"geometry":{"type":"Polygon","coordinates":[[[99.052862,18.79825],[99.052869,18.798104],[99.052954,18.798002],[99.053326,18.797839],[99.053418,18.797625],[99.053399,18.797417],[99.054141,18.797525],[99.05468,18.797109],[99.054481,18.796582],[99.05445,18.79624],[99.054733,18.796207],[99.054859,18.796559],[99.055412,18.796515],[99.055499,18.797223],[99.055379,18.797517],[99.05481,18.797704],[99.054946,18.798198],[99.053924,18.798256],[99.053753,18.798627],[99.053593,18.798496],[99.053144,18.798293],[99.052964,18.798291],[99.052862,18.79825]]]}},{"type":"Feature","properties":{"k":"rural"},"geometry":{"type":"Polygon","coordinates":[[[99.048509,18.787366],[99.048684,18.787518],[99.049558,18.787856],[99.049664,18.78764],[99.04969,18.787397],[99.049857,18.787056],[99.050637,18.787392],[99.050561,18.787568],[99.050991,18.787744],[99.051387,18.786884],[99.051543,18.786759],[99.051537,18.786256],[99.051757,18.78602],[99.052503,18.786327],[99.052538,18.786609],[99.052688,18.786691],[99.053066,18.786693],[99.053396,18.786801],[99.053892,18.786824],[99.054099,18.787053],[99.054882,18.787117],[99.054851,18.787438],[99.054608,18.787425],[99.05451,18.787864],[99.054554,18.788223],[99.054913,18.789285],[99.054969,18.78979],[99.055822,18.789808],[99.055724,18.790164],[99.055837,18.790405],[99.056202,18.790562],[99.055606,18.790765],[99.055829,18.791195],[99.056473,18.791002],[99.056473,18.791348],[99.056554,18.791473],[99.057134,18.791644],[99.057117,18.791752],[99.055236,18.79145],[99.05454,18.792026],[99.054286,18.792184],[99.053439,18.791299],[99.053215,18.791468],[99.05308,18.79177],[99.052771,18.791711],[99.052619,18.791781],[99.052414,18.791993],[99.052326,18.792212],[99.052417,18.792433],[99.052262,18.792696],[99.051889,18.792658],[99.051605,18.792694],[99.051471,18.792966],[99.051596,18.793323],[99.051611,18.793463],[99.051554,18.793639],[99.051602,18.793774],[99.051698,18.793861],[99.051662,18.794024],[99.051547,18.794188],[99.051425,18.794144],[99.05057,18.794036],[99.050213,18.794087],[99.050282,18.793041],[99.049502,18.792972],[99.049392,18.792873],[99.049335,18.792596],[99.049491,18.79218],[99.050419,18.792457],[99.050652,18.791878],[99.050322,18.791733],[99.050188,18.792015],[99.04981,18.791893],[99.049932,18.791567],[99.050069,18.791618],[99.05062,18.790413],[99.05125,18.790662],[99.051534,18.790032],[99.051473,18.789502],[99.050086,18.788872],[99.048183,18.788104],[99.048428,18.787493],[99.048509,18.787366]]]}},{"type":"Feature","properties":{"k":"rural"},"geometry":{"type":"Polygon","coordinates":[[[99.049198,18.794139],[99.049163,18.793936],[99.048978,18.793923],[99.048975,18.793605],[99.048673,18.793602],[99.048482,18.793517],[99.048548,18.793263],[99.048506,18.792867],[99.047661,18.792803],[99.047606,18.793009],[99.046705,18.792864],[99.046933,18.792431],[99.047151,18.792229],[99.048592,18.792597],[99.048674,18.792389],[99.048283,18.792276],[99.048381,18.791949],[99.048567,18.791993],[99.048689,18.791688],[99.048403,18.791601],[99.048579,18.791126],[99.048849,18.791226],[99.048882,18.791145],[99.049926,18.791562],[99.049802,18.791896],[99.050194,18.792034],[99.050325,18.791741],[99.050644,18.791883],[99.050416,18.792448],[99.049489,18.792161],[99.049322,18.792593],[99.049374,18.792868],[99.049491,18.792985],[99.050263,18.793057],[99.050197,18.794124],[99.049198,18.794139]]]}},{"type":"Feature","properties":{"k":"rural"},"geometry":{"type":"Polygon","coordinates":[[[99.041806,18.810242],[99.044022,18.811032],[99.043815,18.811777],[99.04327,18.811643],[99.042565,18.811557],[99.041267,18.810785],[99.041508,18.810645],[99.041747,18.810409],[99.041806,18.810242]]]}},{"type":"Feature","properties":{"k":"rural"},"geometry":{"type":"Polygon","coordinates":[[[99.045103,18.809696],[99.045237,18.809504],[99.045641,18.809717],[99.045903,18.8093],[99.04479,18.80867],[99.045223,18.808404],[99.046583,18.809301],[99.045627,18.810602],[99.045335,18.810427],[99.045617,18.810014],[99.045103,18.809696]]]}},{"type":"Feature","properties":{"k":"rural"},"geometry":{"type":"Polygon","coordinates":[[[99.042756,18.819534],[99.042833,18.819199],[99.042434,18.819181],[99.042512,18.81776],[99.043287,18.817908],[99.043795,18.818044],[99.043835,18.818124],[99.043503,18.819004],[99.043168,18.819685],[99.042848,18.819548],[99.042756,18.819534]]]}},{"type":"Feature","properties":{"k":"rural"},"geometry":{"type":"Polygon","coordinates":[[[99.040882,18.820502],[99.04098,18.820318],[99.04066,18.819817],[99.040806,18.819221],[99.041288,18.81935],[99.042137,18.819382],[99.042549,18.81959],[99.042806,18.819608],[99.043183,18.819761],[99.042889,18.820469],[99.042889,18.820759],[99.042618,18.820716],[99.042356,18.82054],[99.042264,18.82066],[99.042122,18.820465],[99.041984,18.820521],[99.041893,18.820399],[99.041697,18.82053],[99.041052,18.820587],[99.040882,18.820502]]]}},{"type":"Feature","properties":{"k":"rural"},"geometry":{"type":"Polygon","coordinates":[[[99.042621,18.82188],[99.042771,18.82154],[99.044253,18.822116],[99.044043,18.822449],[99.043613,18.822664],[99.042621,18.82188]]]}},{"type":"Feature","properties":{"k":"rural"},"geometry":{"type":"Polygon","coordinates":[[[99.04453,18.822076],[99.044675,18.821687],[99.044927,18.821455],[99.045053,18.821048],[99.045223,18.820867],[99.045398,18.820993],[99.045951,18.821157],[99.045955,18.82122],[99.04699,18.821448],[99.046875,18.822038],[99.04653,18.821986],[99.04596,18.822006],[99.045957,18.82213],[99.045763,18.822143],[99.04453,18.822076]]]}},{"type":"Feature","properties":{"k":"rural"},"geometry":{"type":"Polygon","coordinates":[[[99.044116,18.820757],[99.044514,18.820093],[99.04489,18.820314],[99.045338,18.820685],[99.045078,18.820898],[99.044863,18.821232],[99.044403,18.821],[99.044116,18.820757]]]}},{"type":"Feature","properties":{"k":"rural"},"geometry":{"type":"Polygon","coordinates":[[[99.042974,18.82104],[99.042952,18.820486],[99.043058,18.820224],[99.043635,18.820684],[99.043737,18.820472],[99.043999,18.820673],[99.043791,18.821007],[99.04392,18.821119],[99.043721,18.821866],[99.043332,18.821711],[99.043389,18.821473],[99.043214,18.821401],[99.043263,18.821153],[99.042974,18.82104]]]}},{"type":"Feature","properties":{"k":"rural"},"geometry":{"type":"Polygon","coordinates":[[[99.044149,18.822359],[99.044309,18.822124],[99.04453,18.822076],[99.045763,18.822143],[99.045753,18.822471],[99.046874,18.822444],[99.046801,18.822735],[99.045163,18.822665],[99.045154,18.822464],[99.044925,18.82247],[99.044921,18.822689],[99.044376,18.822671],[99.044285,18.822645],[99.044372,18.822444],[99.044149,18.822359]]]}},{"type":"Feature","properties":{"k":"rural"},"geometry":{"type":"Polygon","coordinates":[[[99.048408,18.822455],[99.048706,18.821837],[99.048628,18.821709],[99.048571,18.821486],[99.048549,18.821337],[99.048581,18.821072],[99.049176,18.821401],[99.049503,18.821075],[99.049687,18.820789],[99.049784,18.820384],[99.049942,18.820397],[99.050809,18.820933],[99.049554,18.82277],[99.048408,18.822455]]]}},{"type":"Feature","properties":{"k":"rural"},"geometry":{"type":"Polygon","coordinates":[[[99.045083,18.817722],[99.045457,18.817422],[99.045755,18.81703],[99.046136,18.817277],[99.046077,18.81743],[99.046238,18.81746],[99.046186,18.817705],[99.046105,18.817897],[99.045547,18.818068],[99.045236,18.817943],[99.045083,18.817722]]]}},{"type":"Feature","properties":{"k":"rural"},"geometry":{"type":"Polygon","coordinates":[[[99.035884,18.812812],[99.035671,18.81258],[99.035219,18.812788],[99.035185,18.812751],[99.035535,18.811684],[99.03631,18.81217],[99.035884,18.812812]]]}},{"type":"Feature","properties":{"k":"rural"},"geometry":{"type":"Polygon","coordinates":[[[99.036106,18.81295],[99.036221,18.812696],[99.036503,18.812289],[99.036798,18.812489],[99.036615,18.813057],[99.036106,18.81295]]]}},{"type":"Feature","properties":{"k":"rural"},"geometry":{"type":"Polygon","coordinates":[[[99.035898,18.810562],[99.036105,18.810569],[99.036028,18.811155],[99.036974,18.811469],[99.037178,18.810846],[99.037657,18.81096],[99.037553,18.811189],[99.037679,18.811248],[99.036927,18.812196],[99.036736,18.812361],[99.035553,18.81163],[99.035585,18.811336],[99.03577,18.811365],[99.035943,18.810821],[99.035898,18.810562]]]}},{"type":"Feature","properties":{"k":"park"},"geometry":{"type":"Polygon","coordinates":[[[99.045461,18.783096],[99.045179,18.783049],[99.045113,18.782989],[99.045101,18.78289],[99.045372,18.782385],[99.04547,18.781858],[99.045513,18.781801],[99.045626,18.781788],[99.045737,18.781833],[99.045759,18.781873],[99.045508,18.783083],[99.045461,18.783096]]]}},{"type":"Feature","properties":{"k":"forest"},"geometry":{"type":"Polygon","coordinates":[[[99.045751,18.779696],[99.045781,18.780001],[99.045964,18.780349],[99.046339,18.78037],[99.04647,18.780414],[99.046709,18.780561],[99.04708,18.780661],[99.047407,18.780624],[99.047468,18.780674],[99.047099,18.780713],[99.046612,18.780596],[99.046331,18.780496],[99.046276,18.780634],[99.046057,18.780608],[99.046069,18.780888],[99.045918,18.781126],[99.046161,18.781166],[99.046098,18.781431],[99.045937,18.781409],[99.045975,18.781344],[99.045727,18.781259],[99.045451,18.781506],[99.045304,18.781426],[99.045789,18.780932],[99.045843,18.780731],[99.045537,18.780137],[99.045415,18.779774],[99.045751,18.779696]]]}},{"type":"Feature","properties":{"k":"rural"},"geometry":{"type":"Polygon","coordinates":[[[99.049956,18.779381],[99.050462,18.779364],[99.050474,18.778866],[99.051574,18.778791],[99.051437,18.779966],[99.050848,18.779892],[99.050832,18.780025],[99.050543,18.780013],[99.050531,18.780149],[99.050427,18.780154],[99.050426,18.78025],[99.050243,18.780285],[99.049964,18.780197],[99.049948,18.780475],[99.049751,18.780482],[99.049745,18.779778],[99.049956,18.779381]]]}},{"type":"Feature","properties":{"k":"park"},"geometry":{"type":"Polygon","coordinates":[[[99.04522,18.783856],[99.045581,18.783125],[99.045604,18.782991],[99.047159,18.783283],[99.047132,18.783392],[99.047361,18.783441],[99.047273,18.78377],[99.047429,18.783793],[99.047131,18.784918],[99.046084,18.784695],[99.046218,18.784196],[99.04522,18.783856]]]}},{"type":"Feature","properties":{"k":"rural"},"geometry":{"type":"Polygon","coordinates":[[[99.044951,18.784389],[99.044339,18.784235],[99.044347,18.784069],[99.044916,18.783037],[99.045562,18.783164],[99.044951,18.784389]]]}},{"type":"Feature","properties":{"k":"forest"},"geometry":{"type":"Polygon","coordinates":[[[99.046348,18.787362],[99.04653,18.78658],[99.047661,18.786948],[99.047593,18.787182],[99.047782,18.787245],[99.047626,18.787748],[99.046348,18.787362]]]}},{"type":"Feature","properties":{"k":"rural"},"geometry":{"type":"Polygon","coordinates":[[[99.043695,18.786562],[99.043313,18.786428],[99.043567,18.785701],[99.043933,18.785458],[99.044791,18.785568],[99.045002,18.784987],[99.044758,18.784943],[99.04498,18.784571],[99.045212,18.784658],[99.045065,18.785016],[99.045789,18.785271],[99.046644,18.785497],[99.046697,18.785297],[99.047395,18.785489],[99.04712,18.786149],[99.047147,18.786484],[99.04699,18.786503],[99.044742,18.785864],[99.044657,18.786163],[99.045362,18.786357],[99.045157,18.786967],[99.043695,18.786562]]]}},{"type":"Feature","properties":{"k":"forest"},"geometry":{"type":"Polygon","coordinates":[[[99.047626,18.786205],[99.047389,18.786745],[99.047688,18.786855],[99.047661,18.786948],[99.04653,18.78658],[99.046425,18.78703],[99.046188,18.786953],[99.046298,18.786675],[99.046289,18.786465],[99.046006,18.786388],[99.046055,18.786237],[99.04699,18.786503],[99.047147,18.786484],[99.04712,18.786149],[99.047344,18.785634],[99.048099,18.785856],[99.047956,18.786301],[99.047626,18.786205]]]}},{"type":"Feature","properties":{"k":"forest"},"geometry":{"type":"Polygon","coordinates":[[[99.043933,18.785458],[99.044133,18.785245],[99.044278,18.784948],[99.044727,18.785014],[99.044758,18.784943],[99.045002,18.784987],[99.044791,18.785568],[99.043933,18.785458]]]}},{"type":"Feature","properties":{"k":"rural"},"geometry":{"type":"Polygon","coordinates":[[[99.051281,18.786214],[99.051537,18.786256],[99.051543,18.786759],[99.051387,18.786884],[99.051207,18.787311],[99.050435,18.786994],[99.050362,18.787167],[99.04934,18.786722],[99.049425,18.786563],[99.049226,18.786447],[99.04936,18.786235],[99.049762,18.786468],[99.050199,18.785868],[99.050738,18.78613],[99.050856,18.785854],[99.051045,18.785937],[99.05097,18.786207],[99.051122,18.786247],[99.051281,18.786214]]]}},{"type":"Feature","properties":{"k":"forest"},"geometry":{"type":"Polygon","coordinates":[[[99.051757,18.78602],[99.051537,18.786256],[99.051281,18.786214],[99.051366,18.785958],[99.051283,18.785623],[99.050982,18.785518],[99.051002,18.785427],[99.050905,18.785396],[99.051035,18.785019],[99.050927,18.784981],[99.051189,18.78405],[99.051603,18.784112],[99.051564,18.784615],[99.051468,18.784956],[99.051773,18.785062],[99.051921,18.784698],[99.0519,18.784444],[99.053567,18.785],[99.053553,18.785087],[99.054107,18.785052],[99.05399,18.785457],[99.054045,18.785483],[99.053969,18.785729],[99.05396,18.785983],[99.053899,18.786042],[99.053637,18.78605],[99.053409,18.785667],[99.05318,18.785389],[99.053056,18.78536],[99.052841,18.785477],[99.052731,18.785488],[99.052437,18.785305],[99.051858,18.785108],[99.051779,18.785245],[99.051706,18.785522],[99.051692,18.785802],[99.051757,18.78602]]]}},{"type":"Feature","properties":{"k":"forest"},"geometry":{"type":"Polygon","coordinates":[[[99.050948,18.787977],[99.051309,18.788164],[99.051931,18.788112],[99.052088,18.787987],[99.053089,18.788202],[99.053248,18.788262],[99.053404,18.788795],[99.05374,18.788872],[99.053755,18.78927],[99.053963,18.789673],[99.054353,18.790044],[99.054452,18.790105],[99.054565,18.790085],[99.054944,18.7898],[99.054827,18.79048],[99.05447,18.790735],[99.054077,18.790319],[99.054105,18.789961],[99.053705,18.789589],[99.053365,18.789157],[99.05282,18.788775],[99.051854,18.788269],[99.051281,18.788282],[99.051008,18.788202],[99.050948,18.787977]]]}},{"type":"Feature","properties":{"k":"forest"},"geometry":{"type":"Polygon","coordinates":[[[99.043137,18.782324],[99.043181,18.781932],[99.043632,18.78196],[99.043675,18.781726],[99.043892,18.781726],[99.043883,18.781184],[99.044356,18.781218],[99.044332,18.781424],[99.044165,18.781415],[99.044156,18.781731],[99.044407,18.781743],[99.04441,18.78167],[99.044618,18.781711],[99.044678,18.781325],[99.044976,18.781349],[99.044837,18.781581],[99.044543,18.781893],[99.044249,18.782567],[99.043693,18.782775],[99.043611,18.782266],[99.043137,18.782324]]]}},{"type":"Feature","properties":{"k":"rural"},"geometry":{"type":"Polygon","coordinates":[[[99.042215,18.7822],[99.042356,18.780763],[99.042421,18.780571],[99.042572,18.780434],[99.043931,18.780111],[99.043883,18.781184],[99.043892,18.781726],[99.043675,18.781726],[99.043632,18.78196],[99.043181,18.781932],[99.043137,18.782324],[99.042215,18.7822]]]}},{"type":"Feature","properties":{"k":"rural"},"geometry":{"type":"Polygon","coordinates":[[[99.042567,18.7852],[99.042528,18.784849],[99.04232,18.783924],[99.041997,18.784039],[99.042082,18.783442],[99.04306,18.783571],[99.043128,18.783991],[99.043915,18.784143],[99.043877,18.784487],[99.043638,18.785207],[99.043524,18.785341],[99.043301,18.78545],[99.043085,18.785681],[99.04264,18.785669],[99.042567,18.7852]]]}},{"type":"Feature","properties":{"k":"rural"},"geometry":{"type":"Polygon","coordinates":[[[99.043556,18.787169],[99.043229,18.787303],[99.043168,18.786925],[99.043313,18.786428],[99.043695,18.786562],[99.043556,18.787169]]]}},{"type":"Feature","properties":{"k":"rural"},"geometry":{"type":"Polygon","coordinates":[[[99.04215,18.785207],[99.042567,18.7852],[99.04264,18.785669],[99.043085,18.785681],[99.042977,18.785962],[99.04293,18.786233],[99.042182,18.786072],[99.04215,18.785207]]]}},{"type":"Feature","properties":{"k":"park"},"geometry":{"type":"Polygon","coordinates":[[[99.047152,18.781224],[99.047141,18.781194],[99.047578,18.780985],[99.047697,18.780902],[99.04787,18.780679],[99.04795,18.780638],[99.04847,18.780705],[99.04844,18.780769],[99.047622,18.781169],[99.047475,18.781223],[99.047152,18.781224]]]}},{"type":"Feature","properties":{"k":"park"},"geometry":{"type":"Polygon","coordinates":[[[99.04658,18.782888],[99.0469,18.782747],[99.047011,18.782764],[99.047023,18.782688],[99.047341,18.782532],[99.047265,18.782845],[99.047208,18.782836],[99.046865,18.783005],[99.046606,18.782958],[99.046579,18.78294],[99.04658,18.782888]]]}},{"type":"Feature","properties":{"k":"park"},"geometry":{"type":"Polygon","coordinates":[[[99.046381,18.782987],[99.046762,18.783063],[99.046529,18.783165],[99.046179,18.783099],[99.046381,18.782987]]]}},{"type":"Feature","properties":{"k":"rural"},"geometry":{"type":"Polygon","coordinates":[[[99.042547,18.795409],[99.042607,18.795064],[99.042926,18.795114],[99.042998,18.794937],[99.042829,18.794805],[99.04277,18.794561],[99.042496,18.794297],[99.042105,18.794056],[99.041813,18.794],[99.041654,18.793242],[99.041812,18.792685],[99.042093,18.791996],[99.042223,18.792027],[99.042459,18.792244],[99.042615,18.792292],[99.04292,18.792325],[99.042871,18.792664],[99.043562,18.792743],[99.043568,18.792936],[99.04335,18.793452],[99.043262,18.793917],[99.0436,18.79402],[99.043571,18.79444],[99.04381,18.7945],[99.043805,18.794626],[99.043454,18.794778],[99.043424,18.794978],[99.043945,18.795001],[99.044001,18.795386],[99.043384,18.79535],[99.043338,18.795613],[99.043109,18.795549],[99.043203,18.795135],[99.043033,18.795092],[99.042938,18.795511],[99.042547,18.795409]]]}},{"type":"Feature","properties":{"k":"rural"},"geometry":{"type":"Polygon","coordinates":[[[99.04186,18.79118],[99.04189,18.790882],[99.042896,18.790961],[99.044217,18.791396],[99.044021,18.792016],[99.043654,18.791925],[99.043552,18.792324],[99.043026,18.792278],[99.043023,18.791864],[99.04263,18.791851],[99.042617,18.791649],[99.042347,18.791663],[99.042318,18.791207],[99.04186,18.79118]]]}},{"type":"Feature","properties":{"k":"rural"},"geometry":{"type":"Polygon","coordinates":[[[99.044021,18.792016],[99.044175,18.791478],[99.045427,18.791706],[99.045324,18.792086],[99.044817,18.792022],[99.044441,18.792121],[99.044021,18.792016]]]}},{"type":"Feature","properties":{"k":"forest"},"geometry":{"type":"Polygon","coordinates":[[[99.03932,18.790365],[99.040049,18.789049],[99.040595,18.788742],[99.040723,18.788777],[99.041202,18.789319],[99.041457,18.789429],[99.041758,18.789426],[99.041769,18.78959],[99.042225,18.78972],[99.042211,18.789905],[99.042583,18.789988],[99.042448,18.790456],[99.044425,18.790984],[99.044217,18.791396],[99.042896,18.790961],[99.04189,18.790882],[99.041863,18.791143],[99.041357,18.791106],[99.04155,18.790127],[99.04111,18.790046],[99.04072,18.791831],[99.040513,18.791744],[99.040251,18.791704],[99.040133,18.791778],[99.039763,18.791774],[99.039611,18.792161],[99.03923,18.79209],[99.039253,18.791979],[99.039078,18.791928],[99.039373,18.790936],[99.039416,18.79034],[99.03932,18.790365]]]}},{"type":"Feature","properties":{"k":"rural"},"geometry":{"type":"Polygon","coordinates":[[[99.030631,18.749583],[99.030646,18.749082],[99.030842,18.748774],[99.031057,18.748713],[99.03147,18.748429],[99.031467,18.748231],[99.031346,18.748147],[99.030987,18.748368],[99.030493,18.748551],[99.029988,18.748524],[99.030199,18.748061],[99.029104,18.747847],[99.029207,18.747641],[99.029445,18.747632],[99.029713,18.747215],[99.029944,18.747221],[99.029932,18.7469],[99.029441,18.746904],[99.029154,18.747091],[99.028846,18.746957],[99.029189,18.746746],[99.028811,18.746324],[99.029614,18.746166],[99.029409,18.745731],[99.029472,18.745453],[99.029324,18.744752],[99.028786,18.743971],[99.028676,18.743271],[99.028163,18.742815],[99.028456,18.742175],[99.031565,18.741439],[99.031424,18.740813],[99.031765,18.740734],[99.031671,18.740155],[99.032904,18.739966],[99.032951,18.74058],[99.033438,18.740883],[99.034369,18.740889],[99.034363,18.741012],[99.034843,18.741023],[99.034812,18.741732],[99.033971,18.741756],[99.033959,18.741995],[99.035047,18.741969],[99.034828,18.742771],[99.033759,18.742751],[99.033774,18.743229],[99.034634,18.743331],[99.033957,18.74561],[99.033514,18.745152],[99.032404,18.745808],[99.033874,18.745814],[99.033769,18.746225],[99.031036,18.746141],[99.031418,18.746643],[99.03172,18.74664],[99.031893,18.746415],[99.032093,18.746537],[99.031887,18.747267],[99.031896,18.74816],[99.031674,18.749146],[99.03168,18.749659],[99.031412,18.749665],[99.03144,18.749896],[99.031083,18.749665],[99.030631,18.749583]]]}},{"type":"Feature","properties":{"k":"forest"},"geometry":{"type":"Polygon","coordinates":[[[99.03008,18.749277],[99.030264,18.748806],[99.029916,18.748683],[99.029988,18.748524],[99.030493,18.748551],[99.030987,18.748368],[99.031346,18.748147],[99.031467,18.748231],[99.03147,18.748429],[99.031057,18.748713],[99.030842,18.748774],[99.030646,18.749082],[99.030657,18.749342],[99.03008,18.749277]]]}},{"type":"Feature","properties":{"k":"rural"},"geometry":{"type":"Polygon","coordinates":[[[99.028985,18.747164],[99.029154,18.747091],[99.029441,18.746904],[99.029932,18.7469],[99.029944,18.747221],[99.029713,18.747215],[99.029445,18.747632],[99.029207,18.747641],[99.029104,18.747847],[99.028985,18.747164]]]}},{"type":"Feature","properties":{"k":"forest"},"geometry":{"type":"Polygon","coordinates":[[[99.028985,18.747164],[99.028487,18.74711],[99.028088,18.746447],[99.027719,18.745428],[99.027299,18.74478],[99.028163,18.742815],[99.028676,18.743271],[99.028786,18.743971],[99.029324,18.744752],[99.029472,18.745453],[99.029409,18.745731],[99.029614,18.746166],[99.028811,18.746324],[99.029189,18.746746],[99.028846,18.746957],[99.029154,18.747091],[99.028985,18.747164]]]}},{"type":"Feature","properties":{"k":"rural"},"geometry":{"type":"Polygon","coordinates":[[[99.032993,18.739356],[99.031715,18.739475],[99.031526,18.738776],[99.032841,18.738646],[99.032965,18.738971],[99.032993,18.739356]]]}},{"type":"Feature","properties":{"k":"rural"},"geometry":{"type":"Polygon","coordinates":[[[99.031684,18.73473],[99.032043,18.733853],[99.032346,18.73387],[99.033622,18.734478],[99.033572,18.734597],[99.033259,18.734723],[99.032961,18.73478],[99.032866,18.734738],[99.032331,18.734862],[99.031684,18.73473]]]}},{"type":"Feature","properties":{"k":"forest"},"geometry":{"type":"Polygon","coordinates":[[[99.031336,18.735572],[99.032984,18.73549],[99.032574,18.735963],[99.032553,18.736132],[99.032614,18.736687],[99.032605,18.737641],[99.032288,18.737728],[99.032122,18.738099],[99.031912,18.738005],[99.03182,18.738026],[99.031536,18.738306],[99.031422,18.73856],[99.031285,18.738459],[99.031031,18.737095],[99.030646,18.737082],[99.031336,18.735572]]]}},{"type":"Feature","properties":{"k":"rural"},"geometry":{"type":"Polygon","coordinates":[[[99.032662,18.73664],[99.032685,18.736442],[99.032648,18.736126],[99.032673,18.735992],[99.033132,18.735511],[99.033197,18.735172],[99.033868,18.734951],[99.034106,18.734673],[99.034411,18.734828],[99.0355,18.736819],[99.032662,18.73664]]]}},{"type":"Feature","properties":{"k":"forest"},"geometry":{"type":"Polygon","coordinates":[[[99.051491,18.811561],[99.051555,18.811129],[99.053515,18.811547],[99.05345,18.812007],[99.051491,18.811561]]]}},{"type":"Feature","properties":{"k":"rural"},"geometry":{"type":"Polygon","coordinates":[[[99.032772,18.772912],[99.032343,18.772448],[99.031909,18.771327],[99.029904,18.771406],[99.029878,18.771232],[99.029896,18.770967],[99.029496,18.770785],[99.02951,18.770132],[99.029022,18.770058],[99.029046,18.769937],[99.030043,18.770059],[99.030033,18.76924],[99.030663,18.769009],[99.030929,18.768971],[99.0321,18.769178],[99.032024,18.769445],[99.032078,18.770004],[99.032386,18.769981],[99.03313,18.769801],[99.034523,18.769576],[99.034447,18.769678],[99.03455,18.770642],[99.03439,18.770672],[99.034525,18.770978],[99.034032,18.771188],[99.034268,18.771696],[99.03378,18.771881],[99.03392,18.772519],[99.032772,18.772912]]]}},{"type":"Feature","properties":{"k":"rural"},"geometry":{"type":"Polygon","coordinates":[[[99.035266,18.761457],[99.034847,18.760702],[99.035724,18.759926],[99.035901,18.760215],[99.036291,18.760673],[99.036655,18.760546],[99.036962,18.761374],[99.037472,18.761235],[99.03775,18.762198],[99.036653,18.762598],[99.036535,18.762318],[99.035475,18.762744],[99.035353,18.762481],[99.035678,18.762419],[99.035442,18.76171],[99.035148,18.761792],[99.035141,18.761729],[99.034813,18.761821],[99.034757,18.761581],[99.035266,18.761457]]]}},{"type":"Feature","properties":{"k":"forest"},"geometry":{"type":"Polygon","coordinates":[[[99.031238,18.756869],[99.031461,18.756247],[99.032533,18.755995],[99.032444,18.755208],[99.031819,18.755203],[99.031905,18.755037],[99.032033,18.754918],[99.032237,18.754834],[99.033058,18.754812],[99.033348,18.754737],[99.033612,18.754613],[99.033824,18.754427],[99.033951,18.754892],[99.03333,18.755183],[99.033516,18.755771],[99.032631,18.75618],[99.031926,18.756335],[99.032089,18.756816],[99.031238,18.756869]]]}},{"type":"Feature","properties":{"k":"rural"},"geometry":{"type":"Polygon","coordinates":[[[99.032089,18.756816],[99.031926,18.756335],[99.032631,18.75618],[99.033516,18.755771],[99.033775,18.756592],[99.033864,18.756974],[99.033578,18.757062],[99.033385,18.756736],[99.032089,18.756816]]]}},{"type":"Feature","properties":{"k":"rural"},"geometry":{"type":"Polygon","coordinates":[[[99.034635,18.756324],[99.034549,18.756309],[99.034257,18.755512],[99.034219,18.755238],[99.034018,18.754923],[99.033951,18.754892],[99.033824,18.754427],[99.034074,18.75417],[99.034258,18.754033],[99.034488,18.753932],[99.034778,18.753906],[99.03504,18.753946],[99.035295,18.754053],[99.035592,18.754328],[99.035879,18.754757],[99.036088,18.755176],[99.036247,18.755641],[99.035257,18.755895],[99.035247,18.756014],[99.034635,18.756324]]]}},{"type":"Feature","properties":{"k":"rural"},"geometry":{"type":"Polygon","coordinates":[[[99.035247,18.756014],[99.035257,18.755895],[99.036247,18.755641],[99.036649,18.756705],[99.036231,18.756798],[99.035757,18.756319],[99.035424,18.756154],[99.035247,18.756014]]]}},{"type":"Feature","properties":{"k":"rural"},"geometry":{"type":"Polygon","coordinates":[[[99.029001,18.759458],[99.029652,18.759371],[99.029718,18.759414],[99.02965,18.759665],[99.029677,18.759777],[99.029606,18.760034],[99.029534,18.760073],[99.029531,18.760147],[99.029597,18.760205],[99.029491,18.760736],[99.02944,18.760755],[99.029267,18.760728],[99.029196,18.760651],[99.029093,18.760274],[99.02903,18.760211],[99.029012,18.760101],[99.029064,18.760043],[99.028988,18.759749],[99.029001,18.759458]]]}},{"type":"Feature","properties":{"k":"rural"},"geometry":{"type":"Polygon","coordinates":[[[99.028871,18.759379],[99.028669,18.758989],[99.028679,18.758877],[99.029664,18.75877],[99.029764,18.758822],[99.029743,18.759078],[99.029613,18.75924],[99.028871,18.759379]]]}},{"type":"Feature","properties":{"k":"rural"},"geometry":{"type":"Polygon","coordinates":[[[99.028688,18.758776],[99.028655,18.758542],[99.028902,18.758365],[99.02882,18.758277],[99.028697,18.75781],[99.028511,18.756865],[99.028543,18.756815],[99.028423,18.756285],[99.029087,18.756109],[99.029119,18.756173],[99.029062,18.75635],[99.029118,18.756559],[99.029208,18.756735],[99.029363,18.757502],[99.029343,18.757663],[99.029416,18.758098],[99.02963,18.758459],[99.029695,18.75866],[99.028688,18.758776]]]}},{"type":"Feature","properties":{"k":"rural"},"geometry":{"type":"Polygon","coordinates":[[[99.028636,18.758406],[99.028608,18.758204],[99.028016,18.756846],[99.028221,18.756596],[99.028329,18.756382],[99.028749,18.758347],[99.028636,18.758406]]]}},{"type":"Feature","properties":{"k":"rural"},"geometry":{"type":"Polygon","coordinates":[[[99.029415,18.75722],[99.030042,18.757104],[99.030239,18.757833],[99.029942,18.758847],[99.029771,18.758376],[99.029552,18.758079],[99.029456,18.757764],[99.029479,18.757453],[99.029415,18.75722]]]}},{"type":"Feature","properties":{"k":"forest"},"geometry":{"type":"Polygon","coordinates":[[[98.99687,18.774935],[98.996736,18.774388],[98.996296,18.773026],[98.996276,18.772389],[98.995895,18.772217],[98.99549,18.771862],[98.99537,18.771627],[98.996471,18.771239],[98.996555,18.771465],[98.996834,18.772006],[98.996689,18.7724],[98.99645,18.772554],[98.99718,18.773729],[98.997083,18.773824],[98.997688,18.774603],[98.997093,18.774795],[98.997142,18.774936],[98.99687,18.774935]]]}},{"type":"Feature","properties":{"k":"rural"},"geometry":{"type":"Polygon","coordinates":[[[98.992921,18.770234],[98.993121,18.770043],[98.993172,18.770034],[98.99384,18.77137],[98.993571,18.771499],[98.993512,18.771485],[98.992921,18.770234]]]}},{"type":"Feature","properties":{"k":"forest"},"geometry":{"type":"Polygon","coordinates":[[[98.992867,18.77014],[98.992932,18.769331],[98.993259,18.769329],[98.993256,18.76923],[98.993509,18.769201],[98.993689,18.769521],[98.993507,18.769663],[98.993422,18.769502],[98.993227,18.76964],[98.993351,18.769792],[98.992867,18.77014]]]}},{"type":"Feature","properties":{"k":"rural"},"geometry":{"type":"Polygon","coordinates":[[[98.986471,18.769762],[98.987115,18.769777],[98.987122,18.769685],[98.987391,18.769693],[98.98741,18.770014],[98.989471,18.770124],[98.989462,18.770797],[98.988222,18.770653],[98.987246,18.770688],[98.987232,18.770927],[98.986247,18.770892],[98.986317,18.770339],[98.986471,18.769762]]]}},{"type":"Feature","properties":{"k":"rural"},"geometry":{"type":"Polygon","coordinates":[[[99.013193,18.758922],[99.013531,18.75734],[99.013628,18.757218],[99.013773,18.757175],[99.013813,18.757083],[99.013773,18.756946],[99.013675,18.756857],[99.01446,18.757129],[99.013859,18.759016],[99.013193,18.758922]]]}},{"type":"Feature","properties":{"k":"rural"},"geometry":{"type":"Polygon","coordinates":[[[99.019801,18.760381],[99.018512,18.760571],[99.0183,18.759397],[99.018749,18.759225],[99.019141,18.759214],[99.020215,18.759371],[99.019801,18.760381]]]}},{"type":"Feature","properties":{"k":"forest"},"geometry":{"type":"Polygon","coordinates":[[[99.02007,18.756546],[99.020078,18.756371],[99.020449,18.756206],[99.020639,18.756287],[99.020805,18.756082],[99.020923,18.756183],[99.02106,18.756196],[99.021234,18.756125],[99.021561,18.756307],[99.02138,18.75674],[99.021189,18.756681],[99.020945,18.756687],[99.020683,18.756766],[99.020893,18.757128],[99.020437,18.757481],[99.020341,18.757673],[99.020104,18.757679],[99.020039,18.757279],[99.02007,18.756546]]]}},{"type":"Feature","properties":{"k":"rural"},"geometry":{"type":"Polygon","coordinates":[[[99.001785,18.7639],[99.003233,18.762726],[99.003461,18.763189],[99.003655,18.763863],[99.00355,18.76475],[99.003415,18.765132],[99.003196,18.765479],[99.002931,18.766016],[99.002623,18.765937],[99.002606,18.765582],[99.002528,18.765283],[99.002062,18.764306],[99.001785,18.7639]]]}},{"type":"Feature","properties":{"k":"forest"},"geometry":{"type":"Polygon","coordinates":[[[99.003606,18.775813],[99.004279,18.775388],[99.004821,18.774796],[99.00579,18.775843],[99.006307,18.776544],[99.006469,18.776878],[99.005666,18.777068],[99.005437,18.776396],[99.004989,18.776715],[99.004447,18.776025],[99.003901,18.776321],[99.003606,18.775813]]]}},{"type":"Feature","properties":{"k":"park"},"geometry":{"type":"Polygon","coordinates":[[[98.991883,18.812072],[98.992863,18.811902],[98.992915,18.812132],[98.993387,18.812059],[98.993457,18.812333],[98.993865,18.812311],[98.994019,18.811964],[98.994575,18.811869],[98.994577,18.811794],[98.995023,18.811677],[98.995991,18.811788],[98.995907,18.812293],[98.997374,18.81262],[98.997602,18.81378],[98.99721,18.813877],[98.997272,18.814206],[98.996597,18.814232],[98.996593,18.814767],[98.995974,18.814756],[98.995995,18.814614],[98.99546,18.814508],[98.995633,18.813584],[98.991921,18.81295],[98.991883,18.812072]]]}},{"type":"Feature","properties":{"k":"park"},"geometry":{"type":"Polygon","coordinates":[[[98.990535,18.815912],[98.990565,18.816386],[98.98838,18.816455],[98.988609,18.815956],[98.988592,18.815551],[98.989272,18.815576],[98.989732,18.81484],[98.990465,18.814501],[98.991562,18.814608],[98.991684,18.814687],[98.991892,18.814725],[98.991897,18.814946],[98.990511,18.815131],[98.990535,18.815912]]]}},{"type":"Feature","properties":{"k":"rural"},"geometry":{"type":"Polygon","coordinates":[[[98.98838,18.816455],[98.988152,18.816418],[98.988368,18.815902],[98.988261,18.815519],[98.988592,18.815551],[98.988609,18.815956],[98.98838,18.816455]]]}},{"type":"Feature","properties":{"k":"forest"},"geometry":{"type":"Polygon","coordinates":[[[98.993494,18.831806],[98.993143,18.831499],[98.993577,18.831047],[98.994143,18.831496],[98.994615,18.831235],[98.994816,18.830973],[98.995894,18.830058],[98.99572,18.829743],[98.994645,18.829536],[98.994763,18.829018],[98.996007,18.829079],[98.995903,18.829457],[98.996243,18.82949],[98.996396,18.829133],[98.997027,18.828907],[98.996968,18.82814],[98.996608,18.828201],[98.996672,18.828467],[98.996206,18.82863],[98.995659,18.828668],[98.994776,18.828836],[98.994798,18.828104],[98.994988,18.827269],[98.994969,18.826604],[98.99645,18.82615],[98.996927,18.826685],[98.997189,18.827191],[98.997398,18.827754],[98.997497,18.828189],[98.997511,18.828712],[98.997288,18.829033],[98.996906,18.829271],[98.996383,18.829858],[98.995795,18.830396],[98.995085,18.830921],[98.994757,18.831272],[98.994366,18.831498],[98.993494,18.831806]]]}},{"type":"Feature","properties":{"k":"rural"},"geometry":{"type":"Polygon","coordinates":[[[98.993891,18.830501],[98.994004,18.830316],[98.994827,18.830585],[98.995144,18.830389],[98.994934,18.829965],[98.994317,18.829892],[98.994645,18.829536],[98.99572,18.829743],[98.995894,18.830058],[98.994816,18.830973],[98.993891,18.830501]]]}},{"type":"Feature","properties":{"k":"rural"},"geometry":{"type":"Polygon","coordinates":[[[99.017859,18.786825],[99.016303,18.786817],[99.016315,18.785641],[99.016921,18.785527],[99.016958,18.785753],[99.017194,18.785731],[99.017173,18.785482],[99.017819,18.78535],[99.017859,18.786825]]]}},{"type":"Feature","properties":{"k":"forest"},"geometry":{"type":"Polygon","coordinates":[[[98.982816,18.7484],[98.982766,18.748408],[98.982812,18.748614],[98.983045,18.748573],[98.983129,18.748972],[98.982785,18.749013],[98.98236,18.747521],[98.982257,18.747314],[98.982143,18.746739],[98.982325,18.746708],[98.982816,18.7484]]]}},{"type":"Feature","properties":{"k":"forest"},"geometry":{"type":"Polygon","coordinates":[[[98.984178,18.748607],[98.984034,18.748225],[98.983156,18.748344],[98.983124,18.748052],[98.983957,18.747874],[98.984158,18.747724],[98.984022,18.747005],[98.983335,18.747216],[98.983021,18.746459],[98.984062,18.746232],[98.984171,18.746623],[98.984305,18.746875],[98.984338,18.747048],[98.98429,18.747987],[98.984307,18.748137],[98.984387,18.748374],[98.984489,18.748526],[98.984178,18.748607]]]}},{"type":"Feature","properties":{"k":"rural"},"geometry":{"type":"Polygon","coordinates":[[[98.982816,18.7484],[98.982325,18.746708],[98.983021,18.746459],[98.983335,18.747216],[98.984022,18.747005],[98.984158,18.747724],[98.983957,18.747874],[98.983124,18.748052],[98.983156,18.748344],[98.982816,18.7484]]]}},{"type":"Feature","properties":{"k":"rural"},"geometry":{"type":"Polygon","coordinates":[[[99.050224,18.776662],[99.050187,18.775864],[99.051127,18.775925],[99.051106,18.776684],[99.050224,18.776662]]]}},{"type":"Feature","properties":{"k":"rural"},"geometry":{"type":"Polygon","coordinates":[[[99.050944,18.772691],[99.050942,18.772291],[99.051006,18.771832],[99.051408,18.771904],[99.051489,18.771388],[99.051342,18.771352],[99.051406,18.771126],[99.051544,18.771168],[99.051641,18.770863],[99.051972,18.770944],[99.051884,18.771248],[99.052024,18.77128],[99.051979,18.771433],[99.051898,18.771419],[99.051815,18.771763],[99.05185,18.771848],[99.05205,18.771888],[99.052098,18.771691],[99.05288,18.77181],[99.052848,18.772018],[99.052742,18.772081],[99.05262,18.772443],[99.05251,18.77243],[99.05248,18.772647],[99.052533,18.772663],[99.052512,18.77282],[99.052652,18.772855],[99.052643,18.772932],[99.052533,18.772936],[99.052462,18.773013],[99.052544,18.773239],[99.052738,18.773368],[99.052721,18.773629],[99.052574,18.773609],[99.052558,18.77342],[99.052429,18.773406],[99.05242,18.773266],[99.052128,18.773229],[99.052169,18.77286],[99.050944,18.772691]]]}},{"type":"Feature","properties":{"k":"forest"},"geometry":{"type":"Polygon","coordinates":[[[99.052738,18.773368],[99.052544,18.773239],[99.052462,18.773013],[99.052533,18.772936],[99.052643,18.772932],[99.052652,18.772855],[99.052966,18.772832],[99.053212,18.77287],[99.053257,18.773105],[99.053336,18.773106],[99.053346,18.773192],[99.053691,18.773166],[99.053664,18.773403],[99.053328,18.773385],[99.053326,18.773614],[99.053206,18.773633],[99.053214,18.773389],[99.053137,18.773166],[99.052909,18.773163],[99.052917,18.773274],[99.052755,18.773287],[99.052738,18.773368]]]}},{"type":"Feature","properties":{"k":"rural"},"geometry":{"type":"Polygon","coordinates":[[[99.056177,18.777026],[99.055372,18.776783],[99.055395,18.776739],[99.05462,18.776549],[99.054669,18.776378],[99.05427,18.776199],[99.053982,18.776462],[99.053737,18.776409],[99.053693,18.776034],[99.05374,18.775885],[99.053833,18.775824],[99.05419,18.775954],[99.054274,18.775702],[99.054174,18.775673],[99.054288,18.775306],[99.055869,18.775744],[99.055876,18.775684],[99.056857,18.775934],[99.056843,18.77688],[99.056177,18.777026]]]}},{"type":"Feature","properties":{"k":"forest"},"geometry":{"type":"Polygon","coordinates":[[[99.046733,18.774876],[99.046614,18.774474],[99.04674,18.774164],[99.04718,18.773778],[99.047448,18.77309],[99.047507,18.772452],[99.048194,18.771124],[99.048448,18.770182],[99.048623,18.769829],[99.048698,18.768879],[99.048832,18.768633],[99.049599,18.768231],[99.050441,18.768135],[99.051053,18.768435],[99.050769,18.768716],[99.050334,18.768744],[99.050339,18.769014],[99.049162,18.769156],[99.048859,18.769453],[99.048803,18.770034],[99.049068,18.770273],[99.04902,18.770575],[99.048617,18.77052],[99.048534,18.771045],[99.049205,18.771187],[99.049816,18.771238],[99.049901,18.769567],[99.050104,18.76956],[99.050069,18.769176],[99.050715,18.769101],[99.05069,18.76939],[99.050891,18.769932],[99.050809,18.770244],[99.050774,18.770889],[99.050603,18.771177],[99.050417,18.771941],[99.050183,18.772357],[99.050055,18.772981],[99.049959,18.773657],[99.050034,18.773964],[99.049961,18.774214],[99.049915,18.774992],[99.049649,18.774993],[99.049496,18.77423],[99.04921,18.774211],[99.049074,18.773212],[99.049591,18.772309],[99.049695,18.771864],[99.049181,18.771733],[99.049009,18.772489],[99.048795,18.772858],[99.048645,18.77352],[99.047483,18.773302],[99.047287,18.773761],[99.048162,18.77436],[99.047236,18.774583],[99.047268,18.774837],[99.046733,18.774876]]]}},{"type":"Feature","properties":{"k":"rural"},"geometry":{"type":"Polygon","coordinates":[[[99.048898,18.777925],[99.048765,18.777887],[99.049225,18.777108],[99.048487,18.77711],[99.048492,18.777274],[99.048307,18.77727],[99.048303,18.777108],[99.048111,18.7771],[99.048138,18.776966],[99.048325,18.776966],[99.048382,18.776465],[99.048187,18.776448],[99.048213,18.77609],[99.047489,18.776023],[99.047554,18.775347],[99.047325,18.775351],[99.047236,18.774583],[99.048162,18.77436],[99.047663,18.774019],[99.047862,18.773707],[99.048259,18.773776],[99.048312,18.773457],[99.048645,18.77352],[99.048795,18.772858],[99.049009,18.772489],[99.049181,18.771733],[99.049695,18.771864],[99.049591,18.772309],[99.049074,18.773212],[99.04921,18.774211],[99.049496,18.77423],[99.049649,18.774993],[99.049915,18.774992],[99.050181,18.775651],[99.048903,18.775551],[99.04883,18.775982],[99.048549,18.775948],[99.048507,18.776208],[99.048751,18.77626],[99.048818,18.776049],[99.049365,18.776113],[99.049376,18.775971],[99.050191,18.776001],[99.050229,18.776953],[99.050274,18.777356],[99.050245,18.777933],[99.049584,18.777876],[99.049146,18.777951],[99.048898,18.777925]]]}},{"type":"Feature","properties":{"k":"rural"},"geometry":{"type":"Polygon","coordinates":[[[99.049128,18.769189],[99.049162,18.769156],[99.049909,18.769066],[99.049969,18.769565],[99.049901,18.769567],[99.049896,18.769923],[99.049841,18.770456],[99.049611,18.770437],[99.0496,18.770148],[99.049633,18.769896],[99.049615,18.769532],[99.049092,18.769443],[99.049128,18.769189]]]}},{"type":"Feature","properties":{"k":"rural"},"geometry":{"type":"Polygon","coordinates":[[[99.049205,18.771187],[99.049264,18.770658],[99.04902,18.770575],[99.049068,18.770273],[99.048803,18.770034],[99.048859,18.769453],[99.049128,18.769189],[99.049092,18.769443],[99.049615,18.769532],[99.049633,18.769896],[99.0496,18.770148],[99.049611,18.770437],[99.049841,18.770456],[99.049816,18.771238],[99.049205,18.771187]]]}},{"type":"Feature","properties":{"k":"rural"},"geometry":{"type":"Polygon","coordinates":[[[99.042532,18.776707],[99.043427,18.776822],[99.04352,18.77638],[99.043807,18.776431],[99.043863,18.77609],[99.044183,18.776137],[99.043982,18.776904],[99.043931,18.777855],[99.043189,18.777806],[99.043198,18.777603],[99.043135,18.777598],[99.043158,18.777189],[99.042549,18.777156],[99.042532,18.776707]]]}},{"type":"Feature","properties":{"k":"rural"},"geometry":{"type":"Polygon","coordinates":[[[99.044354,18.77775],[99.044462,18.777121],[99.045195,18.777242],[99.044941,18.77785],[99.044821,18.777789],[99.044354,18.77775]]]}},{"type":"Feature","properties":{"k":"rural"},"geometry":{"type":"Polygon","coordinates":[[[99.043736,18.774245],[99.043938,18.773783],[99.044237,18.772722],[99.044258,18.772424],[99.04464,18.772433],[99.045515,18.772541],[99.045595,18.772357],[99.04607,18.772584],[99.046285,18.773159],[99.045697,18.773498],[99.04619,18.773743],[99.046467,18.774189],[99.046355,18.774438],[99.046377,18.77496],[99.045927,18.774928],[99.045603,18.774776],[99.044969,18.774563],[99.044528,18.774525],[99.044162,18.774452],[99.043736,18.774245]]]}},{"type":"Feature","properties":{"k":"forest"},"geometry":{"type":"Polygon","coordinates":[[[99.046467,18.774189],[99.04619,18.773743],[99.045697,18.773498],[99.046285,18.773159],[99.04607,18.772584],[99.045595,18.772357],[99.045805,18.772037],[99.046102,18.770921],[99.046696,18.771118],[99.046622,18.771336],[99.046711,18.772003],[99.047227,18.772352],[99.047203,18.772982],[99.047114,18.773364],[99.046827,18.773876],[99.046467,18.774189]]]}},{"type":"Feature","properties":{"k":"rural"},"geometry":{"type":"Polygon","coordinates":[[[99.046974,18.768668],[99.047194,18.768314],[99.048642,18.768265],[99.048682,18.768296],[99.048299,18.768773],[99.046974,18.768668]]]}},{"type":"Feature","properties":{"k":"rural"},"geometry":{"type":"Polygon","coordinates":[[[99.047194,18.768314],[99.047334,18.768072],[99.048233,18.768008],[99.048228,18.767975],[99.048534,18.767943],[99.048536,18.767799],[99.049394,18.767675],[99.049452,18.768005],[99.049318,18.768063],[99.048838,18.768154],[99.048682,18.768296],[99.048642,18.768265],[99.047194,18.768314]]]}},{"type":"Feature","properties":{"k":"rural"},"geometry":{"type":"Polygon","coordinates":[[[99.048893,18.765934],[99.050083,18.765587],[99.050204,18.765996],[99.049958,18.766033],[99.050027,18.766624],[99.049761,18.766644],[99.049593,18.766101],[99.049303,18.76617],[99.049068,18.766294],[99.048893,18.765934]]]}},{"type":"Feature","properties":{"k":"forest"},"geometry":{"type":"Polygon","coordinates":[[[99.049781,18.768064],[99.04955,18.767152],[99.049985,18.767075],[99.05008,18.766956],[99.050001,18.766404],[99.050279,18.766367],[99.050218,18.766078],[99.050544,18.766034],[99.050718,18.766969],[99.050761,18.767383],[99.050682,18.767764],[99.05047,18.767931],[99.049781,18.768064]]]}},{"type":"Feature","properties":{"k":"rural"},"geometry":{"type":"Polygon","coordinates":[[[99.044214,18.767651],[99.044593,18.767029],[99.045052,18.767218],[99.045698,18.767363],[99.045639,18.767592],[99.044975,18.767767],[99.04468,18.767788],[99.044214,18.767651]]]}},{"type":"Feature","properties":{"k":"rural"},"geometry":{"type":"Polygon","coordinates":[[[99.048604,18.765218],[99.048427,18.764558],[99.048119,18.764666],[99.048094,18.764212],[99.048293,18.764208],[99.048449,18.764113],[99.048762,18.764144],[99.048848,18.764789],[99.049362,18.764685],[99.0495,18.764513],[99.049439,18.764223],[99.050142,18.763964],[99.050483,18.764933],[99.050443,18.76507],[99.050212,18.765074],[99.050168,18.764953],[99.049953,18.764849],[99.048604,18.765218]]]}},{"type":"Feature","properties":{"k":"forest"},"geometry":{"type":"Polygon","coordinates":[[[99.046156,18.762674],[99.046922,18.762667],[99.047308,18.763547],[99.048398,18.763218],[99.049154,18.76389],[99.049119,18.764042],[99.048396,18.764051],[99.048279,18.76414],[99.047181,18.764168],[99.046913,18.764144],[99.046911,18.763198],[99.046518,18.763255],[99.046462,18.763481],[99.045949,18.763275],[99.046156,18.762674]]]}},{"type":"Feature","properties":{"k":"rural"},"geometry":{"type":"Polygon","coordinates":[[[99.045294,18.77132],[99.04458,18.771163],[99.044591,18.771088],[99.04421,18.770974],[99.04429,18.77047],[99.044213,18.770397],[99.044237,18.770068],[99.044717,18.770081],[99.044617,18.769677],[99.045463,18.76986],[99.045408,18.770181],[99.044843,18.770179],[99.044849,18.770499],[99.045499,18.770598],[99.045294,18.77132]]]}},{"type":"Feature","properties":{"k":"rural"},"geometry":{"type":"Polygon","coordinates":[[[99.045885,18.769974],[99.046261,18.769581],[99.047349,18.770542],[99.047029,18.770894],[99.045885,18.769974]]]}},{"type":"Feature","properties":{"k":"rural"},"geometry":{"type":"Polygon","coordinates":[[[99.046261,18.769581],[99.046445,18.769298],[99.046553,18.769035],[99.047984,18.769284],[99.047475,18.770383],[99.047349,18.770542],[99.046261,18.769581]]]}},{"type":"Feature","properties":{"k":"forest"},"geometry":{"type":"Polygon","coordinates":[[[99.044749,18.764051],[99.044983,18.762725],[99.045208,18.763308],[99.04558,18.763419],[99.045407,18.763958],[99.045092,18.764139],[99.044749,18.764051]]]}},{"type":"Feature","properties":{"k":"rural"},"geometry":{"type":"Polygon","coordinates":[[[99.046681,18.762608],[99.046307,18.76261],[99.046573,18.762083],[99.046307,18.762027],[99.046384,18.761788],[99.047071,18.76193],[99.04712,18.761601],[99.047374,18.761555],[99.047427,18.76132],[99.048376,18.76147],[99.048256,18.762262],[99.046681,18.762608]]]}},{"type":"Feature","properties":{"k":"rural"},"geometry":{"type":"Polygon","coordinates":[[[99.050198,18.764124],[99.049939,18.76333],[99.050272,18.763222],[99.05053,18.762954],[99.050921,18.763214],[99.05119,18.763817],[99.051229,18.764166],[99.050911,18.764231],[99.050886,18.764084],[99.050592,18.764045],[99.050198,18.764124]]]}},{"type":"Feature","properties":{"k":"rural"},"geometry":{"type":"Polygon","coordinates":[[[99.043736,18.772198],[99.043908,18.771436],[99.04444,18.771519],[99.044401,18.77169],[99.044673,18.771684],[99.044646,18.772018],[99.044321,18.771995],[99.044257,18.772259],[99.043736,18.772198]]]}},{"type":"Feature","properties":{"k":"rural"},"geometry":{"type":"Polygon","coordinates":[[[99.05133,18.761524],[99.05144,18.760748],[99.051394,18.760209],[99.051327,18.759763],[99.051126,18.759787],[99.051069,18.759393],[99.051291,18.759524],[99.051644,18.759574],[99.05169,18.759972],[99.052007,18.759956],[99.051914,18.760066],[99.051853,18.760282],[99.051853,18.760672],[99.051798,18.761312],[99.051679,18.761561],[99.05133,18.761524]]]}},{"type":"Feature","properties":{"k":"rural"},"geometry":{"type":"Polygon","coordinates":[[[99.050296,18.759544],[99.050047,18.759481],[99.050286,18.759044],[99.050505,18.758811],[99.050634,18.75876],[99.050696,18.758658],[99.051148,18.758439],[99.051029,18.757944],[99.051903,18.757793],[99.052428,18.757804],[99.052393,18.758808],[99.052257,18.758925],[99.051876,18.759042],[99.051586,18.759062],[99.051275,18.759037],[99.050989,18.759083],[99.050521,18.759281],[99.050296,18.759544]]]}},{"type":"Feature","properties":{"k":"forest"},"geometry":{"type":"Polygon","coordinates":[[[99.052393,18.758808],[99.052428,18.757804],[99.051903,18.757793],[99.051868,18.757502],[99.051942,18.757289],[99.052392,18.757391],[99.052493,18.757146],[99.052737,18.756974],[99.052921,18.756398],[99.053003,18.756609],[99.053011,18.756827],[99.052944,18.757107],[99.052852,18.757279],[99.052739,18.75763],[99.052607,18.757878],[99.052659,18.758062],[99.052589,18.758539],[99.052511,18.758681],[99.052393,18.758808]]]}},{"type":"Feature","properties":{"k":"park"},"geometry":{"type":"Polygon","coordinates":[[[98.984217,18.795528],[98.984277,18.795495],[98.985939,18.795416],[98.985941,18.795475],[98.986303,18.795466],[98.986303,18.795493],[98.984217,18.795528]]]}},{"type":"Feature","properties":{"k":"park"},"geometry":{"type":"Polygon","coordinates":[[[98.986778,18.795483],[98.986777,18.795453],[98.987161,18.795445],[98.987161,18.795395],[98.989896,18.795335],[98.989964,18.795352],[98.990017,18.795496],[98.990006,18.795545],[98.989942,18.795592],[98.988208,18.795656],[98.989971,18.79557],[98.989962,18.795381],[98.986778,18.795483]]]}},{"type":"Feature","properties":{"k":"park"},"geometry":{"type":"Polygon","coordinates":[[[98.990191,18.795386],[98.990253,18.795324],[98.991693,18.795273],[98.991731,18.795333],[98.990191,18.795386]]]}},{"type":"Feature","properties":{"k":"park"},"geometry":{"type":"Polygon","coordinates":[[[98.990214,18.795578],[98.990191,18.795554],[98.991722,18.795499],[98.99171,18.79552],[98.990214,18.795578]]]}},{"type":"Feature","properties":{"k":"park"},"geometry":{"type":"Polygon","coordinates":[[[98.991969,18.795484],[98.993759,18.795407],[98.99366,18.795436],[98.991996,18.795502],[98.991969,18.795484]]]}},{"type":"Feature","properties":{"k":"park"},"geometry":{"type":"Polygon","coordinates":[[[98.992906,18.782814],[98.992932,18.782814],[98.993068,18.784942],[98.993048,18.784941],[98.992906,18.782814]]]}},{"type":"Feature","properties":{"k":"rural"},"geometry":{"type":"Polygon","coordinates":[[[99.017348,18.753986],[99.017337,18.753774],[99.017052,18.753774],[99.01705,18.753574],[99.017459,18.753562],[99.017456,18.753762],[99.017623,18.753765],[99.017628,18.753982],[99.017348,18.753986]]]}},{"type":"Feature","properties":{"k":"park"},"geometry":{"type":"Polygon","coordinates":[[[98.986506,18.792601],[98.98764,18.792675],[98.987597,18.793005],[98.98655,18.793007],[98.986528,18.792994],[98.986506,18.792601]]]}},{"type":"Feature","properties":{"k":"rural"},"geometry":{"type":"Polygon","coordinates":[[[98.981483,18.739665],[98.98119,18.739257],[98.981162,18.738941],[98.981189,18.738827],[98.981302,18.738578],[98.981535,18.738342],[98.981858,18.738183],[98.981608,18.738497],[98.981457,18.738893],[98.981425,18.739157],[98.981483,18.739665]]]}},{"type":"Feature","properties":{"k":"park"},"geometry":{"type":"Polygon","coordinates":[[[98.975685,18.788846],[98.975677,18.788427],[98.975879,18.788425],[98.976142,18.788371],[98.976183,18.788018],[98.976781,18.788038],[98.976821,18.788166],[98.977006,18.788176],[98.977042,18.788796],[98.975685,18.788846]]]}},{"type":"Feature","properties":{"k":"forest"},"geometry":{"type":"Polygon","coordinates":[[[99.040145,18.825103],[99.040948,18.825113],[99.040978,18.825538],[99.040198,18.825602],[99.039992,18.82515],[99.040145,18.825103]]]}},{"type":"Feature","properties":{"k":"pitch"},"geometry":{"type":"Polygon","coordinates":[[[98.974006,18.756267],[98.974033,18.755823],[98.974262,18.755836],[98.974235,18.75628],[98.974006,18.756267]]]}},{"type":"Feature","properties":{"k":"pitch"},"geometry":{"type":"Polygon","coordinates":[[[98.986214,18.750847],[98.986176,18.750779],[98.986327,18.750705],[98.986364,18.750773],[98.986214,18.750847]]]}},{"type":"Feature","properties":{"k":"forest"},"geometry":{"type":"Polygon","coordinates":[[[98.934902,18.757048],[98.934751,18.756917],[98.934711,18.756846],[98.934731,18.756691],[98.934782,18.756598],[98.934827,18.756587],[98.934936,18.75672],[98.935027,18.756748],[98.935527,18.756585],[98.935432,18.757124],[98.935177,18.757197],[98.934902,18.757048]]]}},{"type":"Feature","properties":{"k":"forest"},"geometry":{"type":"Polygon","coordinates":[[[98.934572,18.757932],[98.93432,18.757818],[98.934371,18.757757],[98.93456,18.75776],[98.934664,18.757543],[98.93476,18.757528],[98.934757,18.757411],[98.934884,18.757289],[98.935103,18.757193],[98.935412,18.757838],[98.935089,18.757952],[98.934892,18.757899],[98.934572,18.757932]]]}},{"type":"Feature","properties":{"k":"forest"},"geometry":{"type":"Polygon","coordinates":[[[98.93509,18.758577],[98.934768,18.758689],[98.934433,18.758358],[98.9341,18.758343],[98.933937,18.758295],[98.93388,18.758214],[98.933872,18.758102],[98.934004,18.758028],[98.934213,18.758033],[98.934417,18.758097],[98.93461,18.758193],[98.934959,18.758437],[98.93509,18.758577]]]}},{"type":"Feature","properties":{"k":"rural"},"geometry":{"type":"Polygon","coordinates":[[[98.934572,18.758742],[98.934326,18.758844],[98.93424,18.758808],[98.933993,18.758323],[98.934433,18.758358],[98.934489,18.758397],[98.934768,18.758689],[98.934572,18.758742]]]}},{"type":"Feature","properties":{"k":"rural"},"geometry":{"type":"Polygon","coordinates":[[[98.934092,18.758699],[98.934183,18.75891],[98.933859,18.75907],[98.933658,18.759242],[98.933449,18.759659],[98.933347,18.760093],[98.933239,18.760065],[98.933293,18.759834],[98.933325,18.759471],[98.93318,18.759258],[98.932979,18.759136],[98.932821,18.759113],[98.932429,18.759186],[98.932392,18.759118],[98.93236,18.758869],[98.932268,18.758724],[98.932134,18.758612],[98.931992,18.75862],[98.931735,18.758917],[98.931582,18.75891],[98.931051,18.759138],[98.932282,18.758247],[98.932432,18.758176],[98.932837,18.758115],[98.933218,18.758069],[98.933508,18.758158],[98.93384,18.758323],[98.934041,18.758559],[98.934092,18.758699]]]}},{"type":"Feature","properties":{"k":"rural"},"geometry":{"type":"Polygon","coordinates":[[[98.93539,18.75845],[98.93509,18.758577],[98.934959,18.758437],[98.93461,18.758193],[98.934213,18.758033],[98.934004,18.758028],[98.933872,18.758102],[98.93388,18.758214],[98.933746,18.758159],[98.933852,18.757941],[98.934033,18.75791],[98.934112,18.757798],[98.934296,18.757312],[98.934449,18.757117],[98.934564,18.756833],[98.93459,18.756576],[98.934678,18.756179],[98.934827,18.756587],[98.934782,18.756598],[98.934731,18.756691],[98.934711,18.756846],[98.934751,18.756917],[98.934902,18.757048],[98.935091,18.75715],[98.935103,18.757193],[98.934884,18.757289],[98.934757,18.757411],[98.93476,18.757528],[98.934664,18.757543],[98.93456,18.75776],[98.934371,18.757757],[98.93432,18.757818],[98.934572,18.757932],[98.934892,18.757899],[98.935089,18.757952],[98.93528,18.758392],[98.93539,18.75845]]]}},{"type":"Feature","properties":{"k":"rural"},"geometry":{"type":"Polygon","coordinates":[[[98.954245,18.760513],[98.954194,18.760299],[98.954104,18.76031],[98.954091,18.760165],[98.954044,18.760169],[98.954035,18.759942],[98.953845,18.759375],[98.954148,18.759348],[98.954489,18.759401],[98.954352,18.760136],[98.95436,18.760272],[98.954419,18.76045],[98.954245,18.760513]]]}},{"type":"Feature","properties":{"k":"rural"},"geometry":{"type":"Polygon","coordinates":[[[98.957571,18.761228],[98.958432,18.761201],[98.958566,18.7622],[98.95829,18.762129],[98.957989,18.762166],[98.95782,18.762141],[98.957672,18.762052],[98.957576,18.76195],[98.957588,18.761615],[98.957552,18.761492],[98.957571,18.761228]]]}},{"type":"Feature","properties":{"k":"forest"},"geometry":{"type":"Polygon","coordinates":[[[98.962894,18.810953],[98.961192,18.810923],[98.961171,18.810735],[98.961334,18.810534],[98.961384,18.810321],[98.961372,18.810161],[98.961518,18.809877],[98.962078,18.81026],[98.962085,18.810357],[98.962475,18.810555],[98.962869,18.810593],[98.962894,18.810953]]]}},{"type":"Feature","properties":{"k":"pitch"},"geometry":{"type":"Polygon","coordinates":[[[98.942919,18.750489],[98.943165,18.750511],[98.94315,18.750667],[98.942904,18.750645],[98.942919,18.750489]]]}},{"type":"Feature","properties":{"k":"pitch"},"geometry":{"type":"Polygon","coordinates":[[[98.95712,18.797963],[98.957065,18.79657],[98.957122,18.796557],[98.957181,18.796669],[98.957238,18.797339],[98.9572,18.79788],[98.957173,18.797943],[98.95712,18.797963]]]}},{"type":"Feature","properties":{"k":"pitch"},"geometry":{"type":"Polygon","coordinates":[[[98.989,18.799769],[98.989009,18.799512],[98.98915,18.799516],[98.989141,18.799774],[98.989,18.799769]]]}},{"type":"Feature","properties":{"k":"park"},"geometry":{"type":"Polygon","coordinates":[[[99.011915,18.779962],[99.011863,18.779897],[99.01184,18.777341],[99.011876,18.777279],[99.01249,18.777246],[99.012522,18.778549],[99.01263,18.778672],[99.013133,18.778684],[99.013142,18.778551],[99.013309,18.778551],[99.01332,18.77844],[99.013426,18.778413],[99.013603,18.778856],[99.012994,18.779069],[99.012984,18.779299],[99.013073,18.77951],[99.011915,18.779962]]]}},{"type":"Feature","properties":{"k":"park"},"geometry":{"type":"Polygon","coordinates":[[[99.013555,18.782172],[99.013444,18.781715],[99.013736,18.78166],[99.014037,18.781842],[99.013785,18.782006],[99.01375,18.782083],[99.013708,18.782071],[99.013656,18.782152],[99.013555,18.782172]]]}},{"type":"Feature","properties":{"k":"pitch"},"geometry":{"type":"Polygon","coordinates":[[[99.009406,18.780869],[99.009371,18.781141],[99.009236,18.781126],[99.009271,18.780853],[99.009406,18.780869]]]}},{"type":"Feature","properties":{"k":"pitch"},"geometry":{"type":"Polygon","coordinates":[[[99.009445,18.780604],[99.009413,18.780849],[99.009272,18.780832],[99.009304,18.780587],[99.009445,18.780604]]]}},{"type":"Feature","properties":{"k":"park"},"geometry":{"type":"Polygon","coordinates":[[[99.021245,18.765264],[99.021159,18.76524],[99.021092,18.765268],[99.020878,18.765204],[99.020847,18.76517],[99.02078,18.765029],[99.020891,18.764795],[99.021379,18.76495],[99.021245,18.765264]]]}},{"type":"Feature","properties":{"k":"park"},"geometry":{"type":"Polygon","coordinates":[[[99.020737,18.766058],[99.020454,18.765939],[99.020425,18.765871],[99.020308,18.765919],[99.02027,18.765767],[99.020494,18.765692],[99.020559,18.765746],[99.020653,18.765718],[99.020854,18.765785],[99.020737,18.766058]]]}},{"type":"Feature","properties":{"k":"park"},"geometry":{"type":"Polygon","coordinates":[[[99.020155,18.766624],[99.020284,18.766323],[99.020363,18.766256],[99.020589,18.766323],[99.020608,18.766286],[99.020638,18.766295],[99.020561,18.76645],[99.020388,18.766466],[99.020298,18.766585],[99.020219,18.766626],[99.020155,18.766624]]]}},{"type":"Feature","properties":{"k":"park"},"geometry":{"type":"Polygon","coordinates":[[[99.020383,18.766701],[99.020367,18.766578],[99.020431,18.766516],[99.020496,18.766508],[99.020548,18.766588],[99.020539,18.766651],[99.020473,18.766711],[99.020383,18.766701]]]}},{"type":"Feature","properties":{"k":"park"},"geometry":{"type":"Polygon","coordinates":[[[99.020366,18.765478],[99.020211,18.765539],[99.02023,18.765593],[99.020173,18.765617],[99.020077,18.765409],[99.020169,18.765371],[99.02014,18.765306],[99.020228,18.76527],[99.020244,18.765308],[99.020294,18.765289],[99.020309,18.765328],[99.02022,18.765359],[99.020233,18.765392],[99.020321,18.765362],[99.020366,18.765478]]]}},{"type":"Feature","properties":{"k":"park"},"geometry":{"type":"Polygon","coordinates":[[[99.020182,18.766263],[99.020076,18.766299],[99.019671,18.766149],[99.019703,18.766135],[99.019673,18.766071],[99.020229,18.76584],[99.02027,18.765946],[99.020046,18.766022],[99.019954,18.766083],[99.019933,18.766038],[99.01983,18.76608],[99.019885,18.766202],[99.019989,18.76616],[99.019964,18.766105],[99.020135,18.766051],[99.020124,18.766099],[99.020246,18.766165],[99.020182,18.766263]]]}},{"type":"Feature","properties":{"k":"park"},"geometry":{"type":"Polygon","coordinates":[[[99.020661,18.765358],[99.020567,18.765408],[99.020586,18.765515],[99.020657,18.765558],[99.020728,18.765505],[99.02077,18.765556],[99.020619,18.76557],[99.020533,18.765511],[99.02051,18.765418],[99.020534,18.765355],[99.020653,18.765299],[99.020661,18.765358]]]}},{"type":"Feature","properties":{"k":"park"},"geometry":{"type":"Polygon","coordinates":[[[99.02069,18.765381],[99.020677,18.76528],[99.0208,18.765266],[99.020905,18.765325],[99.02076,18.765393],[99.02069,18.765381]]]}},{"type":"Feature","properties":{"k":"park"},"geometry":{"type":"Polygon","coordinates":[[[99.020736,18.76548],[99.020765,18.765425],[99.020923,18.765362],[99.0209,18.765467],[99.020856,18.765509],[99.020799,18.765543],[99.020736,18.76548]]]}},{"type":"Feature","properties":{"k":"park"},"geometry":{"type":"Polygon","coordinates":[[[99.020898,18.765703],[99.020844,18.765673],[99.020871,18.765608],[99.020952,18.765572],[99.020898,18.765703]]]}},{"type":"Feature","properties":{"k":"park"},"geometry":{"type":"Polygon","coordinates":[[[99.02032,18.766093],[99.020345,18.766033],[99.020662,18.766153],[99.020676,18.766119],[99.020704,18.766129],[99.020665,18.766223],[99.02032,18.766093]]]}},{"type":"Feature","properties":{"k":"park"},"geometry":{"type":"Polygon","coordinates":[[[99.020229,18.766065],[99.020239,18.766015],[99.020316,18.766011],[99.020277,18.766085],[99.020229,18.766065]]]}},{"type":"Feature","properties":{"k":"pitch"},"geometry":{"type":"Polygon","coordinates":[[[99.019104,18.76534],[99.018996,18.765184],[99.01903,18.765151],[99.01921,18.765221],[99.019104,18.76534]]]}},{"type":"Feature","properties":{"k":"park"},"geometry":{"type":"Polygon","coordinates":[[[99.000692,18.773567],[99.000675,18.773613],[99.000329,18.773241],[99.00046,18.773213],[99.000609,18.773487],[99.000653,18.773465],[99.000692,18.773567]]]}},{"type":"Feature","properties":{"k":"forest"},"geometry":{"type":"Polygon","coordinates":[[[99.00207,18.772321],[99.001762,18.77178],[99.002175,18.771633],[99.002438,18.772127],[99.00207,18.772321]]]}},{"type":"Feature","properties":{"k":"park","n":"สวนสุขภาพ"},"geometry":{"type":"Polygon","coordinates":[[[99.00245,18.772882],[99.002227,18.772361],[99.002417,18.77226],[99.002705,18.772695],[99.00245,18.772882]]]}},{"type":"Feature","properties":{"k":"pitch"},"geometry":{"type":"Polygon","coordinates":[[[99.001797,18.772139],[99.001857,18.772269],[99.001771,18.772305],[99.00171,18.772174],[99.001797,18.772139]]]}},{"type":"Feature","properties":{"k":"forest"},"geometry":{"type":"Polygon","coordinates":[[[98.974985,18.78611],[98.975377,18.785481],[98.975637,18.784823],[98.975632,18.784165],[98.975903,18.784127],[98.975905,18.784226],[98.975801,18.7843],[98.975653,18.785067],[98.975691,18.785156],[98.975908,18.785161],[98.975801,18.786044],[98.97535,18.786113],[98.974985,18.78611]]]}},{"type":"Feature","properties":{"k":"park","n":"Central Field"},"geometry":{"type":"Polygon","coordinates":[[[98.967871,18.790174],[98.967849,18.789978],[98.968257,18.789937],[98.968278,18.790133],[98.967871,18.790174]]]}},{"type":"Feature","properties":{"k":"park","n":"Muanjai Yard"},"geometry":{"type":"Polygon","coordinates":[[[98.967342,18.790158],[98.967329,18.790056],[98.967648,18.790019],[98.96767,18.790186],[98.967406,18.790217],[98.967397,18.790151],[98.967342,18.790158]]]}},{"type":"Feature","properties":{"k":"park"},"geometry":{"type":"Polygon","coordinates":[[[98.967464,18.78982],[98.967458,18.789772],[98.967578,18.789755],[98.967606,18.789723],[98.967722,18.789709],[98.96783,18.789738],[98.968004,18.789717],[98.968009,18.789758],[98.967464,18.78982]]]}},{"type":"Feature","properties":{"k":"forest"},"geometry":{"type":"Polygon","coordinates":[[[99.003116,18.773104],[99.003333,18.773424],[99.003846,18.773896],[99.003744,18.773939],[99.003441,18.77386],[99.00291,18.773291],[99.003116,18.773104]]]}},{"type":"Feature","properties":{"k":"forest"},"geometry":{"type":"Polygon","coordinates":[[[99.00159,18.779643],[99.001649,18.779488],[99.002188,18.778645],[99.002574,18.778391],[99.002695,18.778096],[99.002794,18.777962],[99.003111,18.777824],[99.003634,18.777776],[99.004291,18.777565],[99.004439,18.778012],[99.004428,18.778165],[99.003781,18.778383],[99.003811,18.77851],[99.004385,18.778571],[99.004457,18.778655],[99.004409,18.778833],[99.003948,18.77899],[99.00387,18.779249],[99.00159,18.779643]]]}},{"type":"Feature","properties":{"k":"pitch"},"geometry":{"type":"Polygon","coordinates":[[[99.002314,18.774664],[99.002541,18.774549],[99.002622,18.774691],[99.002395,18.774806],[99.002314,18.774664]]]}},{"type":"Feature","properties":{"k":"park"},"geometry":{"type":"Polygon","coordinates":[[[99.001236,18.774206],[99.000909,18.773853],[99.002204,18.773231],[99.002373,18.77322],[99.002333,18.773289],[99.002446,18.773363],[99.002304,18.77354],[99.002199,18.773469],[99.002014,18.7737],[99.001936,18.773637],[99.001721,18.773764],[99.001799,18.77398],[99.001418,18.774086],[99.001236,18.774206]]]}},{"type":"Feature","properties":{"k":"rural"},"geometry":{"type":"Polygon","coordinates":[[[99.054241,18.747632],[99.054497,18.746327],[99.055317,18.746109],[99.055344,18.746233],[99.055706,18.746304],[99.055701,18.746459],[99.055921,18.7465],[99.056319,18.746644],[99.055764,18.747446],[99.05513,18.748738],[99.055107,18.748948],[99.054657,18.748839],[99.054816,18.748456],[99.054488,18.748395],[99.054314,18.748247],[99.054362,18.748169],[99.054376,18.747838],[99.054429,18.747638],[99.054241,18.747632]]]}},{"type":"Feature","properties":{"k":"pitch"},"geometry":{"type":"Polygon","coordinates":[[[99.03213,18.784525],[99.032472,18.784557],[99.032418,18.785076],[99.032075,18.785044],[99.03213,18.784525]]]}},{"type":"Feature","properties":{"k":"park"},"geometry":{"type":"Polygon","coordinates":[[[99.026386,18.794335],[99.029123,18.794406],[99.02942,18.79448],[99.029535,18.794617],[99.029571,18.794729],[99.029493,18.794787],[99.029418,18.794729],[99.029311,18.794731],[99.02883,18.795087],[99.028717,18.795244],[99.028696,18.795361],[99.028557,18.795386],[99.028639,18.79553],[99.02811,18.795312],[99.026365,18.795171],[99.026386,18.794335]]]}},{"type":"Feature","properties":{"k":"rural"},"geometry":{"type":"Polygon","coordinates":[[[99.033577,18.802028],[99.033551,18.802201],[99.033825,18.802455],[99.033803,18.802515],[99.033448,18.802184],[99.033338,18.802126],[99.033243,18.802158],[99.033052,18.802089],[99.032967,18.802212],[99.032873,18.802286],[99.033189,18.802617],[99.032968,18.80275],[99.032901,18.802874],[99.032606,18.802927],[99.032521,18.802993],[99.032234,18.802776],[99.032055,18.802565],[99.031923,18.80249],[99.03181,18.802542],[99.031901,18.80274],[99.031859,18.803099],[99.031912,18.803111],[99.032058,18.80305],[99.032392,18.803343],[99.032498,18.803351],[99.032514,18.803437],[99.032356,18.803981],[99.032714,18.804127],[99.032836,18.804142],[99.032872,18.804096],[99.032799,18.803998],[99.032806,18.803827],[99.032859,18.803781],[99.032951,18.803817],[99.033033,18.803903],[99.03313,18.803753],[99.03317,18.803521],[99.033106,18.803274],[99.033361,18.802962],[99.033793,18.803127],[99.033948,18.803282],[99.034388,18.803471],[99.034672,18.803659],[99.034639,18.804299],[99.034297,18.805348],[99.033923,18.805908],[99.03309,18.805604],[99.033059,18.804714],[99.033306,18.804189],[99.032925,18.804063],[99.032786,18.804365],[99.032455,18.804306],[99.032409,18.804416],[99.031032,18.804047],[99.030864,18.803868],[99.031105,18.803424],[99.031196,18.803057],[99.031882,18.80242],[99.03204,18.801857],[99.031761,18.801658],[99.032017,18.801147],[99.032125,18.801192],[99.032176,18.801334],[99.032455,18.801287],[99.032478,18.801423],[99.032652,18.801573],[99.032915,18.801616],[99.032969,18.801595],[99.033267,18.801847],[99.033577,18.802028]]]}},{"type":"Feature","properties":{"k":"rural"},"geometry":{"type":"Polygon","coordinates":[[[99.038642,18.799365],[99.038858,18.79937],[99.038604,18.80082],[99.038225,18.800739],[99.038431,18.800348],[99.038223,18.800191],[99.038283,18.800135],[99.038411,18.799678],[99.038411,18.799464],[99.038647,18.799449],[99.038642,18.799365]]]}},{"type":"Feature","properties":{"k":"rural"},"geometry":{"type":"Polygon","coordinates":[[[99.039176,18.79939],[99.039634,18.799408],[99.03962,18.799949],[99.039683,18.800183],[99.040049,18.800195],[99.040163,18.800543],[99.039953,18.800589],[99.03973,18.800566],[99.039687,18.800908],[99.039556,18.800872],[99.039546,18.800782],[99.039033,18.800764],[99.039119,18.800241],[99.039176,18.79939]]]}},{"type":"Feature","properties":{"k":"park"},"geometry":{"type":"Polygon","coordinates":[[[98.950081,18.804238],[98.950148,18.804158],[98.950285,18.804113],[98.950463,18.804112],[98.950619,18.804154],[98.950615,18.804256],[98.950495,18.804255],[98.950492,18.804312],[98.95034,18.804311],[98.950342,18.804227],[98.950269,18.804227],[98.950269,18.804272],[98.950061,18.804269],[98.950081,18.804238]]]}},{"type":"Feature","properties":{"k":"park"},"geometry":{"type":"Polygon","coordinates":[[[98.950509,18.805345],[98.950283,18.805275],[98.950271,18.805244],[98.950345,18.805192],[98.95046,18.805205],[98.95058,18.805317],[98.950509,18.805345]]]}},{"type":"Feature","properties":{"k":"park"},"geometry":{"type":"Polygon","coordinates":[[[98.950635,18.805379],[98.951354,18.805995],[98.951847,18.806617],[98.95058,18.805402],[98.950635,18.805379]]]}},{"type":"Feature","properties":{"k":"park"},"geometry":{"type":"Polygon","coordinates":[[[98.949786,18.805105],[98.949773,18.805175],[98.949676,18.805209],[98.949641,18.80518],[98.949511,18.805278],[98.949383,18.805287],[98.949267,18.805242],[98.949222,18.805256],[98.949182,18.805299],[98.949196,18.805334],[98.949165,18.805393],[98.949078,18.805109],[98.94908,18.804888],[98.949117,18.804872],[98.949223,18.804954],[98.949786,18.805105]]]}},{"type":"Feature","properties":{"k":"forest"},"geometry":{"type":"Polygon","coordinates":[[[98.949078,18.805109],[98.949165,18.805393],[98.948992,18.805357],[98.948725,18.805505],[98.948516,18.805439],[98.948461,18.805464],[98.948332,18.805443],[98.94834,18.805495],[98.948388,18.805538],[98.948107,18.805976],[98.948074,18.806276],[98.947891,18.80641],[98.947479,18.806477],[98.947452,18.806071],[98.947538,18.805898],[98.947989,18.805756],[98.948022,18.8057],[98.947946,18.805374],[98.948329,18.805284],[98.948536,18.805114],[98.949078,18.805109]]]}},{"type":"Feature","properties":{"k":"park"},"geometry":{"type":"Polygon","coordinates":[[[98.949481,18.804899],[98.949227,18.804806],[98.94919,18.804737],[98.949226,18.804481],[98.949634,18.804499],[98.949612,18.804669],[98.949481,18.804899]]]}},{"type":"Feature","properties":{"k":"pitch"},"geometry":{"type":"Polygon","coordinates":[[[98.956381,18.798324],[98.956392,18.798663],[98.956225,18.798668],[98.956214,18.798329],[98.956381,18.798324]]]}},{"type":"Feature","properties":{"k":"park"},"geometry":{"type":"Polygon","coordinates":[[[98.951587,18.794354],[98.951,18.794352],[98.951,18.794627],[98.950796,18.794635],[98.950784,18.794363],[98.951076,18.794284],[98.951591,18.794261],[98.951587,18.794354]]]}},{"type":"Feature","properties":{"k":"park"},"geometry":{"type":"Polygon","coordinates":[[[98.951427,18.802556],[98.951455,18.802523],[98.951521,18.80252],[98.951556,18.802595],[98.951481,18.80264],[98.951428,18.8026],[98.951427,18.802556]]]}},{"type":"Feature","properties":{"k":"pitch"},"geometry":{"type":"Polygon","coordinates":[[[98.956339,18.797802],[98.956351,18.797767],[98.956565,18.797759],[98.956532,18.7979],[98.956339,18.797802]]]}},{"type":"Feature","properties":{"k":"forest"},"geometry":{"type":"Polygon","coordinates":[[[98.956142,18.805033],[98.956111,18.805284],[98.955676,18.805294],[98.955537,18.804593],[98.955225,18.804705],[98.955102,18.804436],[98.955676,18.804217],[98.955815,18.804314],[98.9561,18.804192],[98.956534,18.803694],[98.956803,18.803623],[98.956856,18.803313],[98.957307,18.803212],[98.957414,18.803268],[98.957575,18.803842],[98.957183,18.804101],[98.957189,18.804573],[98.956647,18.804756],[98.956604,18.804989],[98.956142,18.805033]]]}},{"type":"Feature","properties":{"k":"rural"},"geometry":{"type":"Polygon","coordinates":[[[98.958946,18.805621],[98.958887,18.805327],[98.958626,18.805375],[98.958565,18.805035],[98.959141,18.804961],[98.959337,18.805142],[98.959348,18.805398],[98.958946,18.805621]]]}},{"type":"Feature","properties":{"k":"park"},"geometry":{"type":"Polygon","coordinates":[[[98.958565,18.802869],[98.95872,18.803409],[98.95872,18.803508],[98.958648,18.803612],[98.958535,18.803653],[98.958557,18.803138],[98.958506,18.80302],[98.958565,18.802869]]]}},{"type":"Feature","properties":{"k":"park"},"geometry":{"type":"Polygon","coordinates":[[[98.95915,18.803462],[98.959149,18.803543],[98.958676,18.803652],[98.958769,18.80349],[98.958832,18.803473],[98.958881,18.8035],[98.95915,18.803462]]]}},{"type":"Feature","properties":{"k":"park"},"geometry":{"type":"Polygon","coordinates":[[[98.958751,18.803401],[98.958639,18.802993],[98.958691,18.802902],[98.958671,18.802808],[98.958608,18.802793],[98.958651,18.802755],[98.958915,18.802679],[98.958967,18.802992],[98.959152,18.802967],[98.95915,18.80343],[98.958883,18.803459],[98.958751,18.803401]]]}},{"type":"Feature","properties":{"k":"park"},"geometry":{"type":"Polygon","coordinates":[[[98.956523,18.806555],[98.956572,18.806522],[98.956658,18.806534],[98.956699,18.806611],[98.956678,18.806667],[98.956625,18.806699],[98.95654,18.806681],[98.956508,18.806635],[98.956523,18.806555]]]}},{"type":"Feature","properties":{"k":"rural"},"geometry":{"type":"Polygon","coordinates":[[[99.02621,18.730279],[99.024882,18.729632],[99.024957,18.729403],[99.025038,18.729423],[99.025108,18.728974],[99.024807,18.728979],[99.024772,18.728725],[99.024998,18.728461],[99.025167,18.728529],[99.025269,18.728494],[99.025387,18.728301],[99.025537,18.728298],[99.025542,18.72805],[99.026157,18.728076],[99.026324,18.72853],[99.02592,18.728654],[99.026022,18.729357],[99.026451,18.729301],[99.026427,18.72956],[99.026288,18.730132],[99.02621,18.730279]]]}},{"type":"Feature","properties":{"k":"rural"},"geometry":{"type":"Polygon","coordinates":[[[99.008119,18.756844],[99.008125,18.756794],[99.008223,18.756714],[99.008203,18.75648],[99.008659,18.756327],[99.009417,18.756123],[99.010472,18.75598],[99.010523,18.756111],[99.009784,18.756441],[99.008785,18.757211],[99.008294,18.756865],[99.008119,18.756844]]]}},{"type":"Feature","properties":{"k":"pitch"},"geometry":{"type":"Polygon","coordinates":[[[99.018939,18.811815],[99.019049,18.811034],[99.019241,18.811052],[99.019124,18.81184],[99.018939,18.811815]]]}},{"type":"Feature","properties":{"k":"forest"},"geometry":{"type":"Polygon","coordinates":[[[98.985864,18.75734],[98.985459,18.756822],[98.98565,18.756197],[98.985631,18.755958],[98.985516,18.755486],[98.985577,18.755283],[98.985103,18.754513],[98.984534,18.754722],[98.984298,18.754643],[98.984137,18.754437],[98.984094,18.754089],[98.983885,18.753944],[98.983869,18.753797],[98.98528,18.753363],[98.985427,18.75334],[98.985569,18.753523],[98.985786,18.753546],[98.98584,18.754043],[98.985526,18.754229],[98.985548,18.754744],[98.985746,18.75492],[98.986004,18.755026],[98.986339,18.755354],[98.986588,18.756151],[98.986355,18.756449],[98.986363,18.756576],[98.986449,18.756614],[98.986851,18.75656],[98.986913,18.756662],[98.985864,18.75734]]]}},{"type":"Feature","properties":{"k":"pitch"},"geometry":{"type":"Polygon","coordinates":[[[98.987014,18.756172],[98.987097,18.756019],[98.987256,18.756096],[98.987172,18.756249],[98.987014,18.756172]]]}},{"type":"Feature","properties":{"k":"pitch"},"geometry":{"type":"Polygon","coordinates":[[[98.986911,18.756362],[98.987003,18.756198],[98.987155,18.756274],[98.987063,18.756438],[98.986911,18.756362]]]}},{"type":"Feature","properties":{"k":"rural"},"geometry":{"type":"Polygon","coordinates":[[[98.992786,18.777151],[98.993089,18.777105],[98.993114,18.777255],[98.992811,18.777301],[98.992786,18.777151]]]}},{"type":"Feature","properties":{"k":"forest"},"geometry":{"type":"Polygon","coordinates":[[[98.985685,18.848969],[98.985084,18.847761],[98.984012,18.847919],[98.984049,18.84763],[98.984468,18.847642],[98.984449,18.847391],[98.984692,18.847378],[98.984758,18.847563],[98.985127,18.847451],[98.984888,18.847105],[98.984749,18.846293],[98.984558,18.846297],[98.984462,18.845509],[98.984617,18.845478],[98.984708,18.84598],[98.985096,18.847113],[98.985917,18.848877],[98.985685,18.848969]]]}},{"type":"Feature","properties":{"k":"forest"},"geometry":{"type":"Polygon","coordinates":[[[98.986351,18.850863],[98.986446,18.850743],[98.986738,18.850184],[98.986834,18.849802],[98.986865,18.849492],[98.98684,18.849235],[98.986469,18.848708],[98.986267,18.848512],[98.986176,18.848357],[98.987358,18.848247],[98.987726,18.849129],[98.987743,18.849299],[98.987719,18.849372],[98.987465,18.849822],[98.987362,18.84978],[98.987327,18.849871],[98.987409,18.84992],[98.986984,18.850587],[98.98679,18.851062],[98.986351,18.850863]]]}},{"type":"Feature","properties":{"k":"forest"},"geometry":{"type":"Polygon","coordinates":[[[98.985065,18.788738],[98.985189,18.78862],[98.985112,18.788563],[98.984979,18.788534],[98.984932,18.788469],[98.984781,18.788482],[98.984713,18.788555],[98.984567,18.788547],[98.984575,18.788425],[98.98518,18.788396],[98.985309,18.788494],[98.985395,18.788794],[98.985125,18.788811],[98.985065,18.788738]]]}},{"type":"Feature","properties":{"k":"rural"},"geometry":{"type":"Polygon","coordinates":[[[98.990914,18.788206],[98.990857,18.787966],[98.991022,18.787959],[98.99103,18.788094],[98.990914,18.788206]]]}},{"type":"Feature","properties":{"k":"rural"},"geometry":{"type":"Polygon","coordinates":[[[98.991084,18.787996],[98.991187,18.787989],[98.991214,18.788073],[98.991286,18.788078],[98.991276,18.788148],[98.991101,18.788173],[98.991084,18.787996]]]}},{"type":"Feature","properties":{"k":"forest"},"geometry":{"type":"Polygon","coordinates":[[[98.991426,18.788339],[98.991503,18.788316],[98.99149,18.788248],[98.991732,18.788211],[98.991712,18.788582],[98.991471,18.788474],[98.991505,18.788414],[98.991426,18.788339]]]}},{"type":"Feature","properties":{"k":"park"},"geometry":{"type":"Polygon","coordinates":[[[99.009512,18.73874],[99.009264,18.738776],[99.009221,18.738923],[99.008499,18.738714],[99.008499,18.738287],[99.009363,18.738342],[99.009512,18.73874]]]}},{"type":"Feature","properties":{"k":"pitch"},"geometry":{"type":"Polygon","coordinates":[[[99.023682,18.839727],[99.023712,18.839593],[99.023962,18.839644],[99.023932,18.839778],[99.023682,18.839727]]]}},{"type":"Feature","properties":{"k":"golf"},"geometry":{"type":"Polygon","coordinates":[[[98.97802,18.822151],[98.977964,18.822038],[98.980005,18.821174],[98.980052,18.821318],[98.97802,18.822151]]]}},{"type":"Feature","properties":{"k":"park"},"geometry":{"type":"Polygon","coordinates":[[[98.970632,18.800028],[98.972003,18.799293],[98.972267,18.799781],[98.971912,18.7999],[98.971945,18.800474],[98.971354,18.80056],[98.971132,18.800731],[98.970869,18.800275],[98.9707,18.800129],[98.970632,18.800028]]]}},{"type":"Feature","properties":{"k":"park"},"geometry":{"type":"Polygon","coordinates":[[[99.017553,18.759881],[99.01752,18.759872],[99.017541,18.759838],[99.017749,18.759637],[99.017791,18.759564],[99.017864,18.759533],[99.017553,18.759881]]]}},{"type":"Feature","properties":{"k":"pitch"},"geometry":{"type":"Polygon","coordinates":[[[98.966371,18.742513],[98.966327,18.74231],[98.966423,18.742291],[98.966467,18.742494],[98.966371,18.742513]]]}},{"type":"Feature","properties":{"k":"pitch"},"geometry":{"type":"Polygon","coordinates":[[[98.966754,18.742441],[98.96671,18.742238],[98.966806,18.74222],[98.96685,18.742423],[98.966754,18.742441]]]}},{"type":"Feature","properties":{"k":"pitch"},"geometry":{"type":"Polygon","coordinates":[[[99.016472,18.794525],[99.016503,18.794247],[99.016654,18.794262],[99.016623,18.79454],[99.016472,18.794525]]]}},{"type":"Feature","properties":{"k":"pitch"},"geometry":{"type":"Polygon","coordinates":[[[99.016632,18.794541],[99.016663,18.794263],[99.016814,18.794278],[99.016783,18.794556],[99.016632,18.794541]]]}},{"type":"Feature","properties":{"k":"pitch"},"geometry":{"type":"Polygon","coordinates":[[[99.016797,18.794556],[99.016828,18.794279],[99.01698,18.794294],[99.016949,18.794572],[99.016797,18.794556]]]}},{"type":"Feature","properties":{"k":"pitch"},"geometry":{"type":"Polygon","coordinates":[[[99.016955,18.794577],[99.016986,18.794299],[99.017137,18.794314],[99.017106,18.794592],[99.016955,18.794577]]]}},{"type":"Feature","properties":{"k":"park"},"geometry":{"type":"Polygon","coordinates":[[[98.960633,18.749014],[98.960714,18.748083],[98.960597,18.747847],[98.960572,18.747329],[98.960617,18.747252],[98.961327,18.747065],[98.961697,18.74693],[98.963249,18.749158],[98.960633,18.749014]]]}},{"type":"Feature","properties":{"k":"pitch"},"geometry":{"type":"Polygon","coordinates":[[[98.925145,18.746244],[98.925088,18.746099],[98.925172,18.74607],[98.925228,18.746215],[98.925145,18.746244]]]}},{"type":"Feature","properties":{"k":"pitch"},"geometry":{"type":"Polygon","coordinates":[[[98.925241,18.746206],[98.925183,18.746066],[98.925264,18.746036],[98.925321,18.746177],[98.925241,18.746206]]]}},{"type":"Feature","properties":{"k":"pitch"},"geometry":{"type":"Polygon","coordinates":[[[98.924925,18.746331],[98.924868,18.746185],[98.925008,18.746136],[98.925065,18.746282],[98.924925,18.746331]]]}},{"type":"Feature","properties":{"k":"rural"},"geometry":{"type":"Polygon","coordinates":[[[99.055323,18.74349],[99.055331,18.744854],[99.054915,18.744803],[99.054692,18.743341],[99.054741,18.743285],[99.054912,18.743437],[99.055313,18.74345],[99.055323,18.74349]]]}},{"type":"Feature","properties":{"k":"park"},"geometry":{"type":"Polygon","coordinates":[[[98.993785,18.785126],[98.993776,18.785075],[98.993851,18.785059],[98.993859,18.785108],[98.993785,18.785126]]]}},{"type":"Feature","properties":{"k":"park"},"geometry":{"type":"Polygon","coordinates":[[[99.047305,18.845999],[99.047271,18.845797],[99.047703,18.845753],[99.047728,18.846033],[99.047349,18.846073],[99.047305,18.845999]]]}}]}