{"type":"FeatureCollection","features":[{"type":"Feature","properties":{"k":"temple","n":"Wat Phuak Hong"},"geometry":{"type":"Polygon","coordinates":[[[98.980539,18.783316],[98.980552,18.783255],[98.980485,18.782849],[98.981284,18.782702],[98.981341,18.782712],[98.981403,18.783255],[98.980993,18.783319],[98.980596,18.78334],[98.980539,18.783316]],[[98.980692,18.783317],[98.980845,18.783293],[98.980833,18.783212],[98.980677,18.783241],[98.980692,18.783317]],[[98.980583,18.783015],[98.9807,18.783004],[98.980706,18.783056],[98.980755,18.783051],[98.980751,18.783008],[98.980778,18.783005],[98.980769,18.782919],[98.980575,18.782937],[98.980583,18.783015]],[[98.980556,18.782922],[98.98081,18.782892],[98.98081,18.782818],[98.980547,18.782846],[98.980556,18.782922]],[[98.980979,18.782985],[98.981213,18.782956],[98.981198,18.782882],[98.98097,18.782909],[98.980979,18.782985]],[[98.981111,18.782854],[98.981265,18.782842],[98.98126,18.78276],[98.981101,18.782778],[98.981111,18.782854]],[[98.981331,18.783249],[98.981393,18.783242],[98.981358,18.78297],[98.981296,18.782977],[98.981331,18.783249]],[[98.980879,18.782891],[98.980827,18.782905],[98.98079,18.782971],[98.980826,18.783038],[98.980881,18.783052],[98.980932,18.783031],[98.980959,18.782983],[98.980948,18.782931],[98.980879,18.782891]]]}},{"type":"Feature","properties":{"k":"temple","n":"Wat Chang Taem"},"geometry":{"type":"Polygon","coordinates":[[[98.987765,18.784915],[98.988361,18.784953],[98.988277,18.785486],[98.987763,18.785463],[98.987765,18.784915]],[[98.987994,18.785376],[98.988228,18.785382],[98.98823,18.785294],[98.987997,18.785288],[98.987994,18.785376]],[[98.987781,18.785205],[98.987965,18.785208],[98.987969,18.784961],[98.987785,18.784958],[98.987781,18.785205]],[[98.987978,18.785043],[98.98812,18.785046],[98.988121,18.784974],[98.987979,18.784971],[98.987978,18.785043]],[[98.988127,18.785049],[98.988324,18.785065],[98.98833,18.784997],[98.988134,18.784981],[98.988127,18.785049]]]}},{"type":"Feature","properties":{"k":"campus"},"geometry":{"type":"Polygon","coordinates":[[[98.949172,18.798041],[98.949243,18.797989],[98.949535,18.797904],[98.949538,18.798245],[98.94945,18.798246],[98.949451,18.798408],[98.949391,18.798395],[98.949292,18.798492],[98.94915,18.79853],[98.949058,18.798855],[98.948997,18.798835],[98.948946,18.798971],[98.948706,18.79881],[98.948547,18.798587],[98.948985,18.798459],[98.949039,18.798409],[98.949014,18.798378],[98.948828,18.798417],[98.948808,18.798325],[98.948835,18.798206],[98.948898,18.798216],[98.948989,18.798097],[98.949075,18.798054],[98.949172,18.798041]],[[98.949095,18.798217],[98.949173,18.798283],[98.94914,18.798193],[98.949095,18.798217]],[[98.949148,18.798191],[98.949183,18.798282],[98.949199,18.79819],[98.949148,18.798191]],[[98.949206,18.798192],[98.949192,18.798286],[98.949252,18.798216],[98.949206,18.798192]],[[98.949139,18.798399],[98.949174,18.798314],[98.949094,18.798373],[98.949139,18.798399]],[[98.949088,18.798368],[98.949166,18.798308],[98.949063,18.798324],[98.949088,18.798368]],[[98.949257,18.79822],[98.949197,18.798292],[98.949284,18.798264],[98.949257,18.79822]],[[98.949062,18.79832],[98.949163,18.798296],[98.949062,18.798272],[98.949062,18.79832]],[[98.949287,18.798273],[98.949198,18.798298],[98.949285,18.798324],[98.949287,18.798273]],[[98.949284,18.798328],[98.949196,18.798307],[98.949258,18.798371],[98.949284,18.798328]],[[98.949254,18.798374],[98.949189,18.798313],[98.949209,18.7984],[98.949254,18.798374]],[[98.949065,18.798263],[98.949165,18.79829],[98.949091,18.798222],[98.949065,18.798263]],[[98.949201,18.798402],[98.949183,18.798315],[98.949147,18.798402],[98.949201,18.798402]]]}},{"type":"Feature","properties":{"k":"temple","n":"Wat Pa Phaeng"},"geometry":{"type":"MultiPolygon","coordinates":[[[[98.999558,18.801884],[98.999299,18.801988],[98.99897,18.801237],[98.999011,18.801169],[98.999191,18.801213],[98.999558,18.801884]]],[[[98.998612,18.802198],[98.998406,18.801388],[98.99879,18.80114],[98.999201,18.802049],[98.998612,18.802198]]]]}},{"type":"Feature","properties":{"k":"hospital","n":"ศูนย์สุขภาพ มช"},"geometry":{"type":"Polygon","coordinates":[[[98.955746,18.799105],[98.955876,18.799184],[98.955841,18.799236],[98.955866,18.799259],[98.955886,18.799225],[98.95601,18.799321],[98.956037,18.799322],[98.956039,18.799387],[98.955988,18.799427],[98.955984,18.799482],[98.956008,18.799508],[98.955793,18.799504],[98.955798,18.799451],[98.955695,18.799435],[98.955645,18.799371],[98.955489,18.799414],[98.955475,18.799405],[98.955533,18.799389],[98.955534,18.799336],[98.955391,18.799334],[98.955393,18.799223],[98.955351,18.799222],[98.955352,18.799171],[98.95533,18.799171],[98.95533,18.79912],[98.955353,18.79912],[98.955353,18.7991],[98.955746,18.799105]],[[98.95572,18.79929],[98.955709,18.799339],[98.955739,18.799382],[98.955791,18.799392],[98.955831,18.799371],[98.955847,18.799309],[98.955821,18.799273],[98.955778,18.79926],[98.95572,18.79929]]]}},{"type":"Feature","properties":{"k":"campus","n":"CMU Language Institute"},"geometry":{"type":"Polygon","coordinates":[[[98.957943,18.795554],[98.95794,18.795145],[98.958649,18.79514],[98.958651,18.795368],[98.958474,18.795369],[98.958474,18.795411],[98.958517,18.795411],[98.958518,18.795563],[98.957943,18.795554]],[[98.958073,18.795352],[98.958387,18.795349],[98.958386,18.795269],[98.958072,18.795272],[98.958073,18.795352]]]}},{"type":"Feature","properties":{"k":"apron"},"geometry":{"type":"Polygon","coordinates":[[[98.967629,18.76347],[98.96765,18.770448],[98.967479,18.770604],[98.967001,18.771299],[98.966648,18.771097],[98.966268,18.771637],[98.966271,18.77255],[98.966033,18.772558],[98.966022,18.772974],[98.965984,18.773059],[98.965923,18.773106],[98.965763,18.773144],[98.965481,18.773152],[98.965455,18.77158],[98.965804,18.771187],[98.965642,18.77102],[98.965646,18.770745],[98.965768,18.770722],[98.965869,18.770654],[98.966047,18.770428],[98.966199,18.770134],[98.966289,18.769779],[98.966358,18.769121],[98.966342,18.766557],[98.966288,18.766203],[98.966252,18.766094],[98.966194,18.766009],[98.966204,18.763481],[98.967629,18.76347]]]}},{"type":"Feature","properties":{"k":"market","n":"Chiang Mai Night Bazaar"},"geometry":{"type":"Polygon","coordinates":[[[99.000902,18.78735],[99.000214,18.784],[98.9999,18.782244],[99.000016,18.782207],[99.00074,18.78586],[99.000982,18.787329],[99.000902,18.78735]]]}},{"type":"Feature","properties":{"k":"wall"},"geometry":{"type":"Polygon","coordinates":[[[98.986456,18.795402],[98.986457,18.795456],[98.985948,18.795469],[98.985946,18.795415],[98.986456,18.795402]]]}},{"type":"Feature","properties":{"k":"terminal"},"geometry":{"type":"Polygon","coordinates":[[[98.967768,18.767441],[98.967813,18.76744],[98.967813,18.767423],[98.968451,18.767429],[98.968453,18.770413],[98.968364,18.770455],[98.968355,18.770441],[98.968113,18.770571],[98.967824,18.77057],[98.967803,18.770042],[98.967804,18.768353],[98.967763,18.768351],[98.967768,18.767441]]]}},{"type":"Feature","properties":{"k":"market","n":"Warorot Market"},"geometry":{"type":"Polygon","coordinates":[[[99.000732,18.79025],[99.000592,18.790711],[99.000229,18.790628],[99.000339,18.790222],[99.000594,18.789738],[99.000822,18.789814],[99.000732,18.79025]]]}},{"type":"Feature","properties":{"k":"temple","n":"Wat Phra Singh"},"geometry":{"type":"Polygon","coordinates":[[[98.980571,18.789438],[98.980476,18.789315],[98.98043,18.789156],[98.98034,18.787808],[98.982339,18.787673],[98.982424,18.788606],[98.982415,18.789338],[98.982395,18.789377],[98.982332,18.789402],[98.980771,18.789497],[98.980641,18.78948],[98.980571,18.789438]]]}},{"type":"Feature","properties":{"k":"market","n":"Kad Ruam Chok"},"geometry":{"type":"Polygon","coordinates":[[[99.010694,18.824635],[99.010869,18.824618],[99.010876,18.824694],[99.011437,18.824655],[99.011437,18.824626],[99.011752,18.824619],[99.01176,18.824763],[99.011584,18.824767],[99.011597,18.825001],[99.011752,18.82499],[99.011763,18.825136],[99.011849,18.825141],[99.011861,18.825329],[99.010929,18.825382],[99.010925,18.825301],[99.010861,18.825302],[99.010857,18.825285],[99.010713,18.825295],[99.010679,18.824849],[99.010694,18.824635]]]}},{"type":"Feature","properties":{"k":"temple","n":"Chiang Mai Buddhist Shrine"},"geometry":{"type":"Polygon","coordinates":[[[99.002073,18.787438],[99.001782,18.787518],[99.001636,18.787042],[99.001928,18.786962],[99.002073,18.787438]]]}},{"type":"Feature","properties":{"k":"wall"},"geometry":{"type":"Polygon","coordinates":[[[98.986756,18.795447],[98.986755,18.795398],[98.987143,18.795388],[98.987145,18.795438],[98.986756,18.795447]]]}},{"type":"Feature","properties":{"k":"temple","n":"Wat Don Chan"},"geometry":{"type":"Polygon","coordinates":[[[99.032174,18.760576],[99.032043,18.760083],[99.032731,18.759868],[99.032878,18.75976],[99.033109,18.760338],[99.032174,18.760576]]]}},{"type":"Feature","properties":{"k":"hospital","n":"Rajavej Chiang Mai Hospital"},"geometry":{"type":"Polygon","coordinates":[[[99.003891,18.766816],[99.003945,18.766673],[99.003974,18.766666],[99.004594,18.76686],[99.004637,18.766913],[99.004587,18.767029],[99.004524,18.767042],[99.003904,18.766848],[99.003891,18.766816]]]}},{"type":"Feature","properties":{"k":"worship"},"geometry":{"type":"Polygon","coordinates":[[[98.974641,18.79833],[98.974577,18.798221],[98.974839,18.798083],[98.974903,18.798193],[98.974641,18.79833]]]}},{"type":"Feature","properties":{"k":"campus","n":"Srithana Commercial College"},"geometry":{"type":"Polygon","coordinates":[[[98.973055,18.798219],[98.972717,18.797622],[98.972434,18.797765],[98.972875,18.798543],[98.972779,18.798592],[98.972263,18.797681],[98.972743,18.797437],[98.973157,18.798168],[98.973055,18.798219]]]}},{"type":"Feature","properties":{"k":"market"},"geometry":{"type":"Polygon","coordinates":[[[98.983529,18.804412],[98.983546,18.804282],[98.984167,18.804355],[98.98415,18.804485],[98.983529,18.804412]]]}},{"type":"Feature","properties":{"k":"market","n":"Thalat Thannin"},"geometry":{"type":"Polygon","coordinates":[[[98.984236,18.80455],[98.984278,18.804228],[98.98467,18.804274],[98.984676,18.80423],[98.984759,18.804239],[98.984772,18.804145],[98.985086,18.804182],[98.985007,18.80478],[98.984704,18.804745],[98.984716,18.804651],[98.984633,18.804641],[98.984639,18.804597],[98.984236,18.80455]]]}},{"type":"Feature","properties":{"k":"market"},"geometry":{"type":"Polygon","coordinates":[[[98.983499,18.804625],[98.983516,18.804504],[98.984119,18.80458],[98.984102,18.804701],[98.983499,18.804625]]]}},{"type":"Feature","properties":{"k":"market","n":"Om Mueang Market"},"geometry":{"type":"Polygon","coordinates":[[[99.025811,18.76415],[99.026014,18.763673],[99.026323,18.763792],[99.026124,18.764259],[99.025811,18.76415]]]}},{"type":"Feature","properties":{"k":"campus","n":"Mettasuksa School"},"geometry":{"type":"Polygon","coordinates":[[[98.987739,18.786174],[98.987747,18.78605],[98.98812,18.786072],[98.988112,18.786197],[98.987739,18.786174]]]}},{"type":"Feature","properties":{"k":"campus","n":"Wat Don Chan School"},"geometry":{"type":"Polygon","coordinates":[[[99.03324,18.758857],[99.03359,18.758748],[99.033765,18.759045],[99.032731,18.759868],[99.032527,18.759923],[99.032425,18.759524],[99.032188,18.759418],[99.031976,18.759244],[99.03324,18.758857]]]}},{"type":"Feature","properties":{"k":"temple"},"geometry":{"type":"Polygon","coordinates":[[[99.015266,18.799649],[99.015426,18.799408],[99.015504,18.799454],[99.015343,18.799695],[99.015266,18.799649]]]}},{"type":"Feature","properties":{"k":"temple","n":"Wat Chiang Man"},"geometry":{"type":"Polygon","coordinates":[[[98.989944,18.794138],[98.989391,18.794225],[98.988844,18.794267],[98.988842,18.793304],[98.989918,18.793331],[98.989914,18.793786],[98.989944,18.794138]]]}},{"type":"Feature","properties":{"k":"temple"},"geometry":{"type":"Polygon","coordinates":[[[98.995834,18.754015],[98.995808,18.753935],[98.996049,18.753865],[98.996076,18.753945],[98.995834,18.754015]]]}},{"type":"Feature","properties":{"k":"temple","n":"Wat Ban Klang"},"geometry":{"type":"Polygon","coordinates":[[[99.001346,18.736523],[99.001966,18.736565],[99.001915,18.737085],[99.001287,18.737087],[99.001346,18.736523]]]}},{"type":"Feature","properties":{"k":"campus","n":"Wachirawit School"},"geometry":{"type":"Polygon","coordinates":[[[99.022603,18.803127],[99.022644,18.802941],[99.023171,18.803045],[99.02313,18.803231],[99.022603,18.803127]]]}},{"type":"Feature","properties":{"k":"campus","n":"Khansuwan Anusorn School"},"geometry":{"type":"Polygon","coordinates":[[[99.00506,18.767876],[99.005017,18.768374],[99.004497,18.768404],[99.004259,18.767764],[99.004554,18.767321],[99.005002,18.767301],[99.005041,18.767601],[99.005465,18.767505],[99.005503,18.767652],[99.00557,18.767635],[99.005592,18.767747],[99.00506,18.767876]]]}},{"type":"Feature","properties":{"k":"hospital","n":"McCormick Hospital"},"geometry":{"type":"Polygon","coordinates":[[[99.009178,18.797894],[99.009674,18.795615],[99.011585,18.796081],[99.012073,18.796436],[99.012157,18.796527],[99.011818,18.79682],[99.011644,18.798038],[99.011478,18.798475],[99.011325,18.798713],[99.011027,18.798681],[99.010933,18.798851],[99.009178,18.797894]]]}},{"type":"Feature","properties":{"k":"campus","n":"Department of Industrial Technology"},"geometry":{"type":"Polygon","coordinates":[[[98.982181,18.791894],[98.982183,18.791703],[98.982238,18.791701],[98.982237,18.791685],[98.982611,18.791674],[98.982612,18.791693],[98.982701,18.791692],[98.982703,18.791875],[98.982611,18.791878],[98.98261,18.791909],[98.982245,18.791917],[98.982243,18.791892],[98.982181,18.791894]]]}},{"type":"Feature","properties":{"k":"temple","n":"Wat Tha Duea"},"geometry":{"type":"Polygon","coordinates":[[[98.991276,18.842234],[98.991288,18.842163],[98.991591,18.842206],[98.99158,18.842278],[98.991276,18.842234]]]}},{"type":"Feature","properties":{"k":"hospital","n":"Chang Puak Hospital"},"geometry":{"type":"Polygon","coordinates":[[[98.986789,18.799183],[98.986867,18.79882],[98.986915,18.798827],[98.986921,18.798802],[98.987073,18.798822],[98.987066,18.798856],[98.987099,18.798866],[98.987049,18.799181],[98.986946,18.799165],[98.986898,18.799423],[98.986827,18.799414],[98.986834,18.799369],[98.986792,18.799366],[98.986789,18.799183]]]}},{"type":"Feature","properties":{"k":"campus","n":"Kowit Thamrong School"},"geometry":{"type":"Polygon","coordinates":[[[98.98563,18.797854],[98.98563,18.797753],[98.986156,18.797755],[98.986155,18.797856],[98.98563,18.797854]]]}},{"type":"Feature","properties":{"k":"hospital","n":"Chiang Mai Hospital"},"geometry":{"type":"Polygon","coordinates":[[[98.981123,18.810671],[98.981248,18.810459],[98.981613,18.810525],[98.98162,18.810858],[98.981593,18.811006],[98.981423,18.810988],[98.981438,18.810837],[98.981286,18.810803],[98.981123,18.810671]]]}},{"type":"Feature","properties":{"k":"market","n":"Changpuak Market"},"geometry":{"type":"Polygon","coordinates":[[[98.985454,18.796421],[98.985454,18.796064],[98.986202,18.796057],[98.986186,18.796371],[98.985454,18.796421]]]}},{"type":"Feature","properties":{"k":"worship"},"geometry":{"type":"Polygon","coordinates":[[[98.983234,18.796316],[98.983229,18.79599],[98.983324,18.795989],[98.983327,18.796178],[98.983381,18.796177],[98.983383,18.796314],[98.983234,18.796316]]]}},{"type":"Feature","properties":{"k":"market"},"geometry":{"type":"Polygon","coordinates":[[[99.054132,18.740248],[99.054095,18.740044],[99.054174,18.740031],[99.054211,18.740236],[99.054132,18.740248]]]}},{"type":"Feature","properties":{"k":"market"},"geometry":{"type":"Polygon","coordinates":[[[99.053666,18.740635],[99.053676,18.740509],[99.053879,18.740523],[99.05387,18.740649],[99.053666,18.740635]]]}},{"type":"Feature","properties":{"k":"temple","n":"Sao Hin Temple"},"geometry":{"type":"Polygon","coordinates":[[[99.003071,18.754337],[99.002905,18.754477],[99.001554,18.75355],[99.001664,18.753397],[99.001748,18.753392],[99.002232,18.753111],[99.002736,18.752762],[99.003211,18.753268],[99.003714,18.753756],[99.003327,18.75413],[99.003286,18.754356],[99.003071,18.754337]]]}},{"type":"Feature","properties":{"k":"temple","n":"Wat Si Kham Chom Phu"},"geometry":{"type":"Polygon","coordinates":[[[99.052367,18.738033],[99.051751,18.738358],[99.051527,18.737933],[99.052142,18.737653],[99.052367,18.738033]]]}},{"type":"Feature","properties":{"k":"campus"},"geometry":{"type":"Polygon","coordinates":[[[99.051761,18.738392],[99.052469,18.738024],[99.052748,18.738458],[99.052104,18.738905],[99.051761,18.738392]]]}},{"type":"Feature","properties":{"k":"worship"},"geometry":{"type":"Polygon","coordinates":[[[99.004974,18.789072],[99.004951,18.789032],[99.005147,18.788929],[99.005152,18.788794],[99.005257,18.788735],[99.005259,18.788542],[99.005327,18.788543],[99.005314,18.788737],[99.005444,18.788804],[99.005433,18.788961],[99.005289,18.789032],[99.005173,18.788974],[99.004974,18.789072]]]}},{"type":"Feature","properties":{"k":"temple","n":"Wat Dao Dueng"},"geometry":{"type":"Polygon","coordinates":[[[98.991024,18.778746],[98.991062,18.778168],[98.991615,18.778204],[98.991703,18.778299],[98.99171,18.778565],[98.991814,18.778778],[98.991024,18.778746]]]}},{"type":"Feature","properties":{"k":"market","n":"Chiang Mai Gate Market"},"geometry":{"type":"Polygon","coordinates":[[[98.988075,18.7821],[98.988027,18.781892],[98.988056,18.781735],[98.988159,18.781497],[98.988754,18.781486],[98.988759,18.781549],[98.988657,18.782057],[98.988542,18.782046],[98.988553,18.781734],[98.988296,18.781736],[98.988339,18.781952],[98.988319,18.782028],[98.988241,18.78209],[98.988075,18.7821]]]}},{"type":"Feature","properties":{"k":"temple","n":"wat Phrathat Doi Suthep Racha Worawihan"},"geometry":{"type":"Polygon","coordinates":[[[98.921534,18.805321],[98.921204,18.805263],[98.920972,18.805126],[98.92081,18.804473],[98.921108,18.803982],[98.92144,18.803989],[98.921563,18.803928],[98.921633,18.803968],[98.921926,18.804267],[98.922344,18.804447],[98.922705,18.804893],[98.923283,18.804517],[98.923481,18.804819],[98.923406,18.805202],[98.922862,18.805794],[98.922492,18.805913],[98.921534,18.805321]]]}},{"type":"Feature","properties":{"k":"market","n":"Nong Hoi Fresh Market"},"geometry":{"type":"Polygon","coordinates":[[[99.005746,18.763855],[99.005999,18.763867],[99.006019,18.764131],[99.00662,18.764101],[99.006616,18.76438],[99.005746,18.764471],[99.005746,18.763855]]]}},{"type":"Feature","properties":{"k":"worship"},"geometry":{"type":"Polygon","coordinates":[[[99.002857,18.77497],[99.003205,18.774795],[99.003253,18.774879],[99.003226,18.774892],[99.003389,18.775182],[99.00308,18.775338],[99.003046,18.775278],[99.003091,18.775256],[99.002961,18.775026],[99.002905,18.775054],[99.002857,18.77497]]]}},{"type":"Feature","properties":{"k":"campus","n":"Payap University"},"geometry":{"type":"Polygon","coordinates":[[[99.030802,18.797284],[99.030911,18.796756],[99.030949,18.79602],[99.030847,18.795888],[99.030664,18.795806],[99.029776,18.795677],[99.029596,18.795624],[99.02926,18.795324],[99.029468,18.795093],[99.029887,18.79499],[99.030171,18.794568],[99.030209,18.794264],[99.030191,18.794154],[99.030134,18.794046],[99.03011,18.793781],[99.030179,18.793425],[99.030299,18.793117],[99.030467,18.79299],[99.03061,18.792771],[99.03089,18.792831],[99.031179,18.79313],[99.03127,18.793326],[99.031471,18.793405],[99.031685,18.793291],[99.03213,18.793343],[99.0323,18.793428],[99.032992,18.793473],[99.033219,18.793535],[99.033552,18.793748],[99.034248,18.793868],[99.035134,18.794068],[99.035825,18.794122],[99.036115,18.794183],[99.036119,18.794261],[99.035941,18.794847],[99.035719,18.795287],[99.036179,18.795432],[99.035857,18.796035],[99.035524,18.796898],[99.035261,18.797777],[99.035116,18.798071],[99.034827,18.798422],[99.034516,18.798655],[99.034124,18.798818],[99.034033,18.798752],[99.033877,18.798731],[99.033732,18.798731],[99.033556,18.798798],[99.033448,18.798665],[99.033335,18.798305],[99.033303,18.798071],[99.033223,18.798051],[99.031855,18.798184],[99.031631,18.7994],[99.0315,18.799385],[99.031462,18.799613],[99.030832,18.799507],[99.030836,18.799473],[99.030184,18.799416],[99.030244,18.799271],[99.030356,18.797321],[99.030802,18.797284]]]}},{"type":"Feature","properties":{"k":"worship"},"geometry":{"type":"Polygon","coordinates":[[[99.031789,18.796108],[99.031869,18.795965],[99.031913,18.795988],[99.031936,18.795947],[99.03209,18.796025],[99.032069,18.796062],[99.032107,18.796081],[99.032102,18.79619],[99.031887,18.796252],[99.031811,18.796175],[99.031832,18.796135],[99.031789,18.796108]]]}},{"type":"Feature","properties":{"k":"apron"},"geometry":{"type":"Polygon","coordinates":[[[98.965672,18.777076],[98.965671,18.776864],[98.96575,18.776802],[98.965796,18.776677],[98.965794,18.776204],[98.965752,18.776121],[98.965669,18.776056],[98.965669,18.775835],[98.965774,18.775736],[98.965796,18.775674],[98.965797,18.774554],[98.965749,18.774453],[98.965668,18.774395],[98.965667,18.774169],[98.965745,18.774158],[98.965835,18.774095],[98.965858,18.774049],[98.965861,18.773806],[98.966314,18.773801],[98.966321,18.774032],[98.966385,18.774124],[98.966458,18.774165],[98.966837,18.774172],[98.966847,18.776023],[98.966809,18.77605],[98.966782,18.777074],[98.965672,18.777076]]]}},{"type":"Feature","properties":{"k":"market","n":"Aueng Kam Market"},"geometry":{"type":"Polygon","coordinates":[[[99.027482,18.783763],[99.027632,18.783753],[99.027672,18.784293],[99.027522,18.784303],[99.027482,18.783763]]]}},{"type":"Feature","properties":{"k":"campus","n":"Hopra School"},"geometry":{"type":"Polygon","coordinates":[[[98.98198,18.79211],[98.981083,18.792035],[98.981019,18.792059],[98.979663,18.792057],[98.979663,18.792032],[98.979538,18.792034],[98.979527,18.791497],[98.981123,18.791519],[98.982089,18.791485],[98.98198,18.79211]]]}},{"type":"Feature","properties":{"k":"temple","n":"Wat Dokeung"},"geometry":{"type":"Polygon","coordinates":[[[98.992074,18.790018],[98.992846,18.789943],[98.992909,18.790388],[98.992078,18.790406],[98.992074,18.790018]]]}},{"type":"Feature","properties":{"k":"temple","n":"Wat Chomphu"},"geometry":{"type":"Polygon","coordinates":[[[98.994289,18.791527],[98.994352,18.791038],[98.994414,18.7909],[98.994654,18.790884],[98.994812,18.791237],[98.994797,18.791528],[98.994289,18.791527]]]}},{"type":"Feature","properties":{"k":"campus","n":"San Sai Witthayakhom School"},"geometry":{"type":"Polygon","coordinates":[[[99.043586,18.845483],[99.043647,18.846573],[99.042514,18.846762],[99.042333,18.845561],[99.043586,18.845483]]]}},{"type":"Feature","properties":{"k":"temple","n":"Wat Ban Tho"},"geometry":{"type":"Polygon","coordinates":[[[99.046246,18.845999],[99.045731,18.846192],[99.045468,18.845832],[99.045484,18.845614],[99.045881,18.845411],[99.045994,18.845497],[99.046246,18.845999]]]}},{"type":"Feature","properties":{"k":"temple","n":"Si Song Mueang Temple"},"geometry":{"type":"Polygon","coordinates":[[[99.043988,18.733218],[99.044535,18.733188],[99.044552,18.733426],[99.044508,18.733741],[99.044089,18.733762],[99.044048,18.733705],[99.043988,18.733218]]]}},{"type":"Feature","properties":{"k":"hospital"},"geometry":{"type":"Polygon","coordinates":[[[99.050125,18.7379],[99.050201,18.73783],[99.050237,18.737865],[99.050275,18.737829],[99.050321,18.737874],[99.050277,18.737915],[99.050316,18.737953],[99.050248,18.738017],[99.050125,18.7379]]]}},{"type":"Feature","properties":{"k":"temple","n":"Wat Pa Bong"},"geometry":{"type":"Polygon","coordinates":[[[99.054213,18.740398],[99.053942,18.740425],[99.053907,18.74036],[99.053858,18.740071],[99.053928,18.739993],[99.054222,18.739951],[99.054282,18.74025],[99.054213,18.740398]]]}},{"type":"Feature","properties":{"k":"temple","n":"Wat Si Sai Mun"},"geometry":{"type":"Polygon","coordinates":[[[99.020243,18.847419],[99.020701,18.847751],[99.020439,18.848083],[99.019985,18.847721],[99.020243,18.847419]]]}},{"type":"Feature","properties":{"k":"campus","n":"Ping Karattana School"},"geometry":{"type":"Polygon","coordinates":[[[99.009991,18.789761],[99.010189,18.789636],[99.010421,18.789966],[99.010223,18.790092],[99.009991,18.789761]]]}},{"type":"Feature","properties":{"k":"campus","n":"Chiang Mai International School"},"geometry":{"type":"Polygon","coordinates":[[[99.004085,18.79812],[99.004306,18.797357],[99.004911,18.797531],[99.005186,18.798155],[99.005291,18.798575],[99.005412,18.798922],[99.005322,18.799819],[99.005048,18.799808],[99.005026,18.799478],[99.004624,18.798567],[99.004085,18.79812]]]}},{"type":"Feature","properties":{"k":"temple"},"geometry":{"type":"Polygon","coordinates":[[[99.043073,18.768408],[99.043395,18.768388],[99.043695,18.768494],[99.04354,18.769002],[99.043003,18.768886],[99.043009,18.768494],[99.043073,18.768408]]]}},{"type":"Feature","properties":{"k":"campus","n":"Tha Sawa La School"},"geometry":{"type":"Polygon","coordinates":[[[99.043047,18.769019],[99.043532,18.769089],[99.043253,18.769885],[99.042907,18.76985],[99.043047,18.769019]]]}},{"type":"Feature","properties":{"k":"worship"},"geometry":{"type":"Polygon","coordinates":[[[99.001669,18.786535],[99.001639,18.786875],[99.001304,18.786949],[99.001283,18.786832],[99.001344,18.786823],[99.001334,18.786787],[99.001414,18.786771],[99.001423,18.786592],[99.001385,18.786591],[99.001385,18.786525],[99.001669,18.786535]]]}},{"type":"Feature","properties":{"k":"campus","n":"Nakornpayap International School"},"geometry":{"type":"Polygon","coordinates":[[[98.99089,18.846727],[98.990875,18.846929],[98.991068,18.846944],[98.991049,18.847169],[98.99086,18.847249],[98.990844,18.847418],[98.990797,18.847414],[98.99079,18.847744],[98.990693,18.847698],[98.99067,18.847965],[98.990341,18.847939],[98.990358,18.847741],[98.990407,18.847745],[98.990463,18.847104],[98.990572,18.847112],[98.99059,18.84691],[98.99074,18.846921],[98.990758,18.846717],[98.99089,18.846727]]]}},{"type":"Feature","properties":{"k":"temple"},"geometry":{"type":"Polygon","coordinates":[[[99.021366,18.831435],[99.021768,18.830598],[99.022661,18.83084],[99.022418,18.831645],[99.021366,18.831435]]]}},{"type":"Feature","properties":{"k":"campus","n":"Lanna International School"},"geometry":{"type":"Polygon","coordinates":[[[98.95954,18.747958],[98.959553,18.747245],[98.959504,18.747163],[98.959472,18.746969],[98.959921,18.746912],[98.96011,18.747022],[98.960154,18.747131],[98.960183,18.747984],[98.95954,18.747958]]]}},{"type":"Feature","properties":{"k":"campus","n":"Marmara School - Wichai Wittaya English Program"},"geometry":{"type":"Polygon","coordinates":[[[98.998249,18.767251],[98.998694,18.766141],[98.99879,18.766054],[98.998893,18.766074],[98.998788,18.767599],[98.998249,18.767251]]]}},{"type":"Feature","properties":{"k":"temple","n":"Wat Tong Kai"},"geometry":{"type":"Polygon","coordinates":[[[98.9305,18.737421],[98.931254,18.737424],[98.931288,18.737815],[98.930498,18.737808],[98.9305,18.737421]]]}},{"type":"Feature","properties":{"k":"campus","n":"Payap University Kaew Nawarat Campus"},"geometry":{"type":"Polygon","coordinates":[[[99.007662,18.800079],[99.008033,18.798341],[99.00822,18.797649],[99.00827,18.797575],[99.008353,18.797568],[99.010832,18.798969],[99.010361,18.799723],[99.009943,18.800592],[99.009451,18.800406],[99.009341,18.800598],[99.008839,18.800342],[99.008538,18.800247],[99.007662,18.800079]]]}},{"type":"Feature","properties":{"k":"campus","n":"Navamindarajudis Phayap School"},"geometry":{"type":"Polygon","coordinates":[[[98.958831,18.841679],[98.963846,18.842213],[98.962433,18.843175],[98.96099,18.844043],[98.959635,18.845081],[98.95954,18.845249],[98.959443,18.845507],[98.958702,18.845263],[98.957199,18.844621],[98.956762,18.844632],[98.956756,18.844319],[98.957824,18.844327],[98.957784,18.841634],[98.958567,18.841644],[98.958831,18.841679]]]}},{"type":"Feature","properties":{"k":"market"},"geometry":{"type":"Polygon","coordinates":[[[98.919949,18.804981],[98.920275,18.804955],[98.920294,18.805175],[98.919971,18.805198],[98.919949,18.804981]]]}},{"type":"Feature","properties":{"k":"campus","n":"The Prince Royal's College"},"geometry":{"type":"Polygon","coordinates":[[[99.003175,18.794995],[99.004711,18.795616],[99.008061,18.797438],[99.008103,18.797537],[99.00808,18.797651],[99.007944,18.798209],[99.007885,18.798351],[99.007506,18.800051],[99.007457,18.800092],[99.006282,18.79999],[99.006306,18.799476],[99.006093,18.799296],[99.005486,18.799238],[99.005466,18.798869],[99.005156,18.797764],[99.005158,18.797525],[99.003186,18.797021],[99.003027,18.797007],[99.002946,18.796922],[99.003121,18.795041],[99.003175,18.794995]]]}},{"type":"Feature","properties":{"k":"temple","n":"Wat Chetupon"},"geometry":{"type":"Polygon","coordinates":[[[99.003041,18.797067],[99.003239,18.797092],[99.004306,18.797357],[99.004111,18.798027],[99.002939,18.797722],[99.003041,18.797067]]]}},{"type":"Feature","properties":{"k":"hospital","n":"Maharaj Nakorn Chiang Mai Hospital"},"geometry":{"type":"Polygon","coordinates":[[[98.970623,18.791191],[98.97057,18.790426],[98.970978,18.790402],[98.970943,18.789182],[98.971595,18.789136],[98.973183,18.789089],[98.97321,18.789127],[98.973364,18.789127],[98.973397,18.789156],[98.973458,18.789155],[98.973488,18.789126],[98.974574,18.789103],[98.977529,18.788968],[98.977614,18.788987],[98.977713,18.789067],[98.977799,18.78975],[98.977981,18.791919],[98.976852,18.791859],[98.97682,18.792272],[98.976763,18.792362],[98.976041,18.793117],[98.975922,18.7936],[98.9755,18.793547],[98.974291,18.79365],[98.974151,18.794219],[98.974094,18.794644],[98.973488,18.794718],[98.973462,18.794132],[98.973379,18.793685],[98.973225,18.793188],[98.973089,18.792347],[98.97102,18.793496],[98.970829,18.793469],[98.970782,18.792748],[98.970623,18.791191]]]}},{"type":"Feature","properties":{"k":"campus","n":"Chiang Mai University"},"geometry":{"type":"Polygon","coordinates":[[[98.960407,18.799624],[98.957583,18.799448],[98.95736,18.79959],[98.957404,18.800719],[98.95725,18.801589],[98.95712,18.802041],[98.957306,18.803003],[98.957469,18.803276],[98.956985,18.803492],[98.956771,18.803766],[98.95655,18.803952],[98.956313,18.80406],[98.955917,18.804154],[98.955795,18.804265],[98.955746,18.804412],[98.955801,18.805317],[98.95601,18.807568],[98.954785,18.808238],[98.952915,18.809162],[98.952671,18.808729],[98.951993,18.807349],[98.951944,18.806874],[98.951469,18.806432],[98.951422,18.806472],[98.95149,18.80716],[98.951484,18.807484],[98.950355,18.808242],[98.950266,18.808417],[98.950156,18.808566],[98.94988,18.808785],[98.949704,18.809066],[98.948919,18.809909],[98.948883,18.810041],[98.94909,18.810583],[98.94872,18.810665],[98.948144,18.810651],[98.948616,18.809682],[98.948232,18.80917],[98.947979,18.809028],[98.947323,18.809293],[98.94719,18.809241],[98.947094,18.808689],[98.947281,18.80697],[98.947335,18.806024],[98.946036,18.805588],[98.946315,18.804187],[98.946754,18.803618],[98.947076,18.80182],[98.946716,18.799414],[98.946481,18.798804],[98.946585,18.798607],[98.94825,18.796682],[98.948455,18.796176],[98.948615,18.795587],[98.948544,18.794585],[98.950762,18.794136],[98.951853,18.793791],[98.956802,18.792446],[98.960019,18.791337],[98.960527,18.791192],[98.960597,18.791235],[98.961792,18.79464],[98.961801,18.794989],[98.961775,18.795258],[98.960407,18.799624]]]}},{"type":"Feature","properties":{"k":"campus"},"geometry":{"type":"Polygon","coordinates":[[[99.046557,18.795833],[99.04663,18.79644],[99.046056,18.796531],[99.046093,18.795828],[99.046557,18.795833]]]}},{"type":"Feature","properties":{"k":"campus","n":"Payap University"},"geometry":{"type":"Polygon","coordinates":[[[99.040675,18.795605],[99.041834,18.795776],[99.042681,18.796011],[99.042553,18.796446],[99.042391,18.796499],[99.042199,18.797553],[99.042102,18.797677],[99.041931,18.798224],[99.041855,18.798317],[99.042091,18.798743],[99.042016,18.799302],[99.042563,18.799505],[99.043239,18.799707],[99.044387,18.799971],[99.044248,18.800692],[99.044623,18.800814],[99.04457,18.801139],[99.044398,18.801099],[99.044076,18.802378],[99.044301,18.802493],[99.043955,18.803583],[99.042601,18.803209],[99.042038,18.802865],[99.041243,18.802765],[99.041082,18.802582],[99.041016,18.802271],[99.040965,18.801438],[99.040974,18.801186],[99.040485,18.801148],[99.040021,18.799828],[99.039977,18.799403],[99.039914,18.799331],[99.0389,18.799195],[99.038926,18.798611],[99.038218,18.798538],[99.037907,18.798154],[99.03722,18.797956],[99.036576,18.796519],[99.036019,18.796509],[99.036394,18.795715],[99.037296,18.794105],[99.037322,18.794025],[99.037596,18.793886],[99.037827,18.793571],[99.038036,18.793571],[99.038282,18.793492],[99.038481,18.793858],[99.038915,18.79381],[99.038993,18.793985],[99.038792,18.794404],[99.038744,18.794719],[99.038578,18.794848],[99.038612,18.794993],[99.038588,18.795102],[99.039227,18.795143],[99.039219,18.795473],[99.040675,18.795605]]]}},{"type":"Feature","properties":{"k":"campus","n":"โรงเรียนบ้านสันพระเนตร"},"geometry":{"type":"Polygon","coordinates":[[[99.045267,18.80469],[99.045241,18.805188],[99.044876,18.805175],[99.044992,18.804652],[99.045267,18.80469]]]}},{"type":"Feature","properties":{"k":"temple","n":"วัดสันพระเนตร"},"geometry":{"type":"Polygon","coordinates":[[[99.044992,18.804652],[99.044876,18.805175],[99.044317,18.805076],[99.044489,18.804611],[99.044992,18.804652]]]}},{"type":"Feature","properties":{"k":"market","n":"Suthep Market"},"geometry":{"type":"Polygon","coordinates":[[[98.961101,18.790486],[98.961031,18.790286],[98.961704,18.790077],[98.961774,18.790278],[98.961101,18.790486]]]}},{"type":"Feature","properties":{"k":"campus","n":"Lanna Polytechnic College Chiangmai"},"geometry":{"type":"Polygon","coordinates":[[[98.991972,18.814353],[98.991921,18.81295],[98.995633,18.813584],[98.99546,18.814508],[98.995995,18.814614],[98.995974,18.814756],[98.994015,18.814734],[98.992482,18.814414],[98.991972,18.814353]]]}},{"type":"Feature","properties":{"k":"campus","n":"Lanna Commercial Technological College"},"geometry":{"type":"Polygon","coordinates":[[[98.973028,18.811113],[98.972915,18.811006],[98.972849,18.811035],[98.97279,18.810902],[98.972852,18.810874],[98.97289,18.810715],[98.973025,18.810658],[98.973175,18.810775],[98.97327,18.810742],[98.973318,18.810851],[98.973219,18.810891],[98.97319,18.811046],[98.973028,18.811113]]]}},{"type":"Feature","properties":{"k":"campus","n":"Lanna Commercial College"},"geometry":{"type":"Polygon","coordinates":[[[98.971743,18.811439],[98.972158,18.810317],[98.973404,18.810127],[98.973453,18.810527],[98.973907,18.810547],[98.973891,18.810842],[98.9735,18.810969],[98.973164,18.811456],[98.973049,18.81189],[98.972778,18.811804],[98.972138,18.811764],[98.971797,18.811682],[98.971755,18.811591],[98.971743,18.811439]]]}},{"type":"Feature","properties":{"k":"campus","n":"The Far Eastern University"},"geometry":{"type":"Polygon","coordinates":[[[98.975455,18.771811],[98.974344,18.771216],[98.974411,18.770868],[98.975288,18.770376],[98.975602,18.770536],[98.975746,18.771246],[98.975455,18.771811]]]}},{"type":"Feature","properties":{"k":"market","n":"Lan Chot Rot"},"geometry":{"type":"Polygon","coordinates":[[[98.997336,18.794605],[98.997388,18.793918],[98.997658,18.794075],[98.99775,18.793897],[98.998041,18.794122],[98.998034,18.79427],[98.997587,18.794247],[98.997551,18.794613],[98.997336,18.794605]]]}},{"type":"Feature","properties":{"k":"market","n":"Mueang Mai Market"},"geometry":{"type":"Polygon","coordinates":[[[98.9976,18.798208],[98.996915,18.796679],[98.999154,18.796151],[98.999282,18.796753],[98.999506,18.79745],[98.999135,18.797493],[98.998664,18.797673],[98.998544,18.797874],[98.9976,18.798208]]]}},{"type":"Feature","properties":{"k":"temple","n":"Wat Si Soda (Phra Aram Luang)"},"geometry":{"type":"Polygon","coordinates":[[[98.945788,18.814063],[98.945768,18.813805],[98.946218,18.813772],[98.946239,18.81403],[98.945788,18.814063]]]}},{"type":"Feature","properties":{"k":"market","n":"Ton Lam Yai Flower Market"},"geometry":{"type":"Polygon","coordinates":[[[99.001382,18.791018],[99.001186,18.790857],[99.001639,18.790363],[99.001914,18.790547],[99.001382,18.791018]]]}},{"type":"Feature","properties":{"k":"market"},"geometry":{"type":"Polygon","coordinates":[[[98.970888,18.808678],[98.970785,18.80863],[98.971147,18.808287],[98.971551,18.807837],[98.971569,18.807891],[98.970888,18.808678]]]}},{"type":"Feature","properties":{"k":"market"},"geometry":{"type":"Polygon","coordinates":[[[98.983364,18.804225],[98.983464,18.804238],[98.983395,18.804703],[98.984141,18.804802],[98.984127,18.804898],[98.983281,18.804786],[98.983364,18.804225]]]}},{"type":"Feature","properties":{"k":"market","n":"Kat Mae Yuak"},"geometry":{"type":"Polygon","coordinates":[[[98.976308,18.834127],[98.97637,18.833953],[98.976811,18.834094],[98.976749,18.834268],[98.976308,18.834127]]]}},{"type":"Feature","properties":{"k":"temple","n":"Wat Ubosot"},"geometry":{"type":"Polygon","coordinates":[[[99.049406,18.753259],[99.049905,18.753327],[99.049849,18.754064],[99.049296,18.753942],[99.04916,18.753876],[99.049406,18.753259]]]}},{"type":"Feature","properties":{"k":"temple","n":"Wat Sri Dornchai"},"geometry":{"type":"Polygon","coordinates":[[[99.001057,18.781229],[99.000969,18.781829],[98.999951,18.781813],[98.999863,18.781259],[98.999916,18.781197],[99.001057,18.781229]]]}},{"type":"Feature","properties":{"k":"campus","n":"Wat Suet Ana Chai School"},"geometry":{"type":"Polygon","coordinates":[[[99.000969,18.781829],[99.000914,18.782273],[99.000849,18.782291],[99.000037,18.782243],[98.999951,18.781813],[99.000969,18.781829]]]}},{"type":"Feature","properties":{"k":"temple","n":"Wat San Si"},"geometry":{"type":"Polygon","coordinates":[[[99.044035,18.819885],[99.04378,18.820479],[99.043257,18.820087],[99.043393,18.819741],[99.043449,18.819667],[99.044035,18.819885]]]}},{"type":"Feature","properties":{"k":"market","n":"Jing Jai Market"},"geometry":{"type":"Polygon","coordinates":[[[98.995691,18.808683],[98.995222,18.808698],[98.994219,18.808565],[98.99422,18.807635],[98.994142,18.807405],[98.995097,18.807203],[98.995413,18.807183],[98.995691,18.808683]]]}},{"type":"Feature","properties":{"k":"temple","n":"Wat Muen Ngun Gong"},"geometry":{"type":"Polygon","coordinates":[[[98.98041,18.78533],[98.980375,18.785105],[98.980593,18.7851],[98.980593,18.785016],[98.981413,18.784993],[98.98142,18.785703],[98.981044,18.785707],[98.981051,18.785345],[98.98041,18.78533]]]}},{"type":"Feature","properties":{"k":"campus","n":"The Northern School for the Blind"},"geometry":{"type":"Polygon","coordinates":[[[98.978531,18.787739],[98.978511,18.787724],[98.978503,18.787622],[98.978524,18.78762],[98.978533,18.787565],[98.978908,18.787538],[98.978893,18.787431],[98.978523,18.787461],[98.978527,18.787506],[98.978447,18.787511],[98.978432,18.787317],[98.979006,18.78728],[98.97905,18.787729],[98.97886,18.787745],[98.978855,18.787716],[98.978531,18.787739]]]}},{"type":"Feature","properties":{"k":"campus","n":"Wattanothai Payap School"},"geometry":{"type":"Polygon","coordinates":[[[98.977483,18.783732],[98.977583,18.78612],[98.975762,18.786047],[98.974952,18.786125],[98.975358,18.785504],[98.975667,18.784813],[98.975665,18.784177],[98.97589,18.784138],[98.975924,18.783798],[98.977483,18.783732]]]}},{"type":"Feature","properties":{"k":"worship"},"geometry":{"type":"Polygon","coordinates":[[[99.005385,18.796272],[99.005314,18.796392],[99.005215,18.796339],[99.005284,18.796224],[99.005256,18.796208],[99.005301,18.796131],[99.005328,18.796146],[99.005352,18.796106],[99.005454,18.79616],[99.00543,18.7962],[99.005463,18.796218],[99.00542,18.796291],[99.005385,18.796272]]]}},{"type":"Feature","properties":{"k":"temple","n":"Wat Pha Bong"},"geometry":{"type":"Polygon","coordinates":[[[98.981724,18.789573],[98.982369,18.789554],[98.982403,18.78959],[98.98234,18.789956],[98.98175,18.789958],[98.981724,18.789573]]]}},{"type":"Feature","properties":{"k":"temple","n":"Wat Si Koet"},"geometry":{"type":"Polygon","coordinates":[[[98.983348,18.787883],[98.984352,18.78784],[98.984405,18.78835],[98.983372,18.788409],[98.983348,18.787883]]]}},{"type":"Feature","properties":{"k":"temple","n":"Wat Tung Yu"},"geometry":{"type":"Polygon","coordinates":[[[98.983837,18.78849],[98.984412,18.788454],[98.984407,18.789137],[98.983853,18.78915],[98.983837,18.78849]]]}},{"type":"Feature","properties":{"k":"temple","n":"Wat Chai Phrakiat"},"geometry":{"type":"Polygon","coordinates":[[[98.985474,18.788399],[98.986283,18.788363],[98.986298,18.789123],[98.985609,18.789148],[98.985537,18.788973],[98.985525,18.788682],[98.985474,18.788399]]]}},{"type":"Feature","properties":{"k":"temple","n":"Wat Phan Tao"},"geometry":{"type":"Polygon","coordinates":[[[98.986986,18.787433],[98.987944,18.787456],[98.98794,18.787674],[98.987901,18.787909],[98.986962,18.787945],[98.986986,18.787433]]]}},{"type":"Feature","properties":{"k":"temple","n":"Wat Chedi Luang"},"geometry":{"type":"Polygon","coordinates":[[[98.987007,18.78596],[98.988147,18.786045],[98.987944,18.787456],[98.986986,18.787433],[98.986962,18.787945],[98.985607,18.787985],[98.985567,18.786853],[98.985668,18.786106],[98.985887,18.786093],[98.985899,18.785994],[98.987007,18.78596]]]}},{"type":"Feature","properties":{"k":"campus","n":"Fahmai Kindergarten (Chong Fah-Sin Soeng)"},"geometry":{"type":"Polygon","coordinates":[[[99.038755,18.737282],[99.038805,18.737593],[99.0389,18.739539],[99.036687,18.739543],[99.036912,18.738751],[99.037435,18.737948],[99.038241,18.737455],[99.038755,18.737282]]]}},{"type":"Feature","properties":{"k":"temple","n":"Wat Tha Luk"},"geometry":{"type":"Polygon","coordinates":[[[98.996197,18.831456],[98.996633,18.831736],[98.996308,18.832192],[98.99575,18.831809],[98.996197,18.831456]]]}},{"type":"Feature","properties":{"k":"temple","n":"Wat Sai Moon Myanmar"},"geometry":{"type":"Polygon","coordinates":[[[98.991056,18.782601],[98.990818,18.782604],[98.990687,18.781735],[98.991644,18.781719],[98.991778,18.782415],[98.991056,18.782601]]]}},{"type":"Feature","properties":{"k":"temple","n":"Wat Saimoonmuang"},"geometry":{"type":"Polygon","coordinates":[[[98.99216,18.782358],[98.992723,18.782354],[98.992765,18.782793],[98.992374,18.782836],[98.992117,18.782897],[98.992098,18.78273],[98.992167,18.782726],[98.99216,18.782358]]]}},{"type":"Feature","properties":{"k":"campus","n":"Montfort College Secondary School"},"geometry":{"type":"Polygon","coordinates":[[[99.020355,18.767362],[99.018697,18.766705],[99.018547,18.766165],[99.018205,18.765796],[99.019238,18.763647],[99.01947,18.763073],[99.01999,18.762967],[99.020252,18.762891],[99.020369,18.764009],[99.020202,18.764352],[99.021451,18.764839],[99.020355,18.767362]]]}},{"type":"Feature","properties":{"k":"temple","n":"Wat Phun Ohn"},"geometry":{"type":"Polygon","coordinates":[[[98.991118,18.787729],[98.991087,18.787465],[98.991218,18.787451],[98.991249,18.787715],[98.991118,18.787729]]]}},{"type":"Feature","properties":{"k":"market","n":"Nim City Community Mall"},"geometry":{"type":"Polygon","coordinates":[[[98.976186,18.771628],[98.976079,18.77098],[98.977283,18.771603],[98.977294,18.771584],[98.977789,18.77181],[98.9782,18.772053],[98.978322,18.771975],[98.978437,18.77199],[98.978341,18.772358],[98.978214,18.773063],[98.977455,18.772716],[98.977504,18.772544],[98.977433,18.77253],[98.977504,18.772209],[98.976186,18.771628]]]}},{"type":"Feature","properties":{"k":"temple","n":"Wat Doi Kaeo"},"geometry":{"type":"Polygon","coordinates":[[[98.919971,18.740077],[98.920517,18.740159],[98.920481,18.740782],[98.919877,18.740778],[98.919971,18.740077]]]}},{"type":"Feature","properties":{"k":"temple","n":"Thep Montien"},"geometry":{"type":"Polygon","coordinates":[[[98.990428,18.799349],[98.990385,18.798946],[98.990459,18.798941],[98.990469,18.799014],[98.990598,18.799012],[98.990593,18.799353],[98.990428,18.799349]]]}},{"type":"Feature","properties":{"k":"temple","n":"Wat Mo Kham Tuang"},"geometry":{"type":"Polygon","coordinates":[[[98.985643,18.79471],[98.985688,18.795291],[98.985073,18.795338],[98.985028,18.794757],[98.985614,18.794686],[98.985643,18.79471]]]}},{"type":"Feature","properties":{"k":"temple","n":"Wat Saen Mueang Ma Luang"},"geometry":{"type":"Polygon","coordinates":[[[98.98576,18.793754],[98.986569,18.793752],[98.986953,18.793784],[98.986865,18.794277],[98.9858,18.794241],[98.98576,18.793754]]]}},{"type":"Feature","properties":{"k":"temple","n":"Wat Nong Pa Khrang"},"geometry":{"type":"Polygon","coordinates":[[[99.022262,18.789496],[99.022285,18.788914],[99.023245,18.788973],[99.023203,18.789486],[99.022262,18.789496]]]}},{"type":"Feature","properties":{"k":"temple","n":"Wat San Pa Khoi"},"geometry":{"type":"Polygon","coordinates":[[[99.008687,18.785999],[99.008679,18.786631],[99.00825,18.786562],[99.007914,18.78647],[99.007582,18.786349],[99.007697,18.786087],[99.007571,18.786029],[99.007797,18.785854],[99.007963,18.785788],[99.008687,18.785999]]]}},{"type":"Feature","properties":{"k":"campus","n":"Thebodint School"},"geometry":{"type":"Polygon","coordinates":[[[98.987384,18.801063],[98.987422,18.801278],[98.987017,18.801342],[98.986979,18.801127],[98.987384,18.801063]]]}},{"type":"Feature","properties":{"k":"campus"},"geometry":{"type":"Polygon","coordinates":[[[98.953388,18.801446],[98.9535,18.80141],[98.953531,18.801493],[98.95349,18.801506],[98.953506,18.801549],[98.953581,18.801525],[98.953615,18.801616],[98.953442,18.801673],[98.95342,18.801615],[98.953375,18.801629],[98.953382,18.80165],[98.953294,18.801679],[98.953304,18.801706],[98.953206,18.801738],[98.953189,18.80169],[98.953082,18.801725],[98.953048,18.801634],[98.953155,18.801599],[98.95311,18.801477],[98.95314,18.801467],[98.953104,18.80137],[98.953371,18.801391],[98.953388,18.801446]]]}},{"type":"Feature","properties":{"k":"temple","n":"Pung Tao Kong Shrine"},"geometry":{"type":"Polygon","coordinates":[[[99.00205,18.789821],[99.002008,18.789903],[99.001776,18.789798],[99.001818,18.789716],[99.00205,18.789821]]]}},{"type":"Feature","properties":{"k":"campus","n":"Chiangmai Commercial Technology College"},"geometry":{"type":"Polygon","coordinates":[[[98.993267,18.783218],[98.993718,18.783198],[98.993672,18.782919],[98.993795,18.782906],[98.993753,18.782718],[98.994139,18.782568],[98.994232,18.782877],[98.99419,18.78289],[98.994313,18.783315],[98.993933,18.783556],[98.993752,18.783632],[98.993538,18.783674],[98.993297,18.783666],[98.993267,18.783218]]]}},{"type":"Feature","properties":{"k":"temple","n":"วัดธาตุกลาง"},"geometry":{"type":"Polygon","coordinates":[[[98.989185,18.776665],[98.989302,18.776684],[98.989281,18.7768],[98.989163,18.776781],[98.989185,18.776665]]]}},{"type":"Feature","properties":{"k":"temple","n":"Wat Thatkam"},"geometry":{"type":"Polygon","coordinates":[[[98.988295,18.777822],[98.988311,18.777582],[98.988238,18.777306],[98.988329,18.777153],[98.988982,18.777281],[98.988817,18.777914],[98.988295,18.777822]]]}},{"type":"Feature","properties":{"k":"market"},"geometry":{"type":"Polygon","coordinates":[[[99.005027,18.814413],[99.005162,18.814123],[99.005303,18.814181],[99.005168,18.814472],[99.005027,18.814413]]]}},{"type":"Feature","properties":{"k":"market"},"geometry":{"type":"Polygon","coordinates":[[[99.005021,18.814813],[99.004913,18.81477],[99.004958,18.814667],[99.004928,18.814655],[99.004971,18.814557],[99.005001,18.814569],[99.005059,18.814439],[99.005168,18.814482],[99.005021,18.814813]]]}},{"type":"Feature","properties":{"k":"hospital","n":"Chiang Mai Ram Hospital"},"geometry":{"type":"Polygon","coordinates":[[[98.978039,18.794589],[98.978056,18.795298],[98.97727,18.795331],[98.97726,18.794802],[98.976916,18.794777],[98.976954,18.794546],[98.977547,18.794604],[98.978039,18.794589]]]}},{"type":"Feature","properties":{"k":"market","n":"Lannatique market"},"geometry":{"type":"Polygon","coordinates":[[[99.000019,18.786976],[98.999966,18.786696],[99.000605,18.786588],[99.000657,18.786869],[99.000019,18.786976]]]}},{"type":"Feature","properties":{"k":"temple","n":"Wat Bupparam"},"geometry":{"type":"Polygon","coordinates":[[[98.998545,18.78756],[98.998628,18.788263],[98.997684,18.788235],[98.997717,18.787551],[98.998545,18.78756]]]}},{"type":"Feature","properties":{"k":"temple","n":"Wat Duang Di"},"geometry":{"type":"Polygon","coordinates":[[[98.988892,18.789269],[98.988879,18.789599],[98.988817,18.789652],[98.988106,18.789714],[98.988112,18.78936],[98.988168,18.789355],[98.988165,18.789262],[98.988892,18.789269]]]}},{"type":"Feature","properties":{"k":"temple","n":"Wat Pa Poe"},"geometry":{"type":"Polygon","coordinates":[[[98.991194,18.749516],[98.991257,18.749034],[98.991965,18.749111],[98.991987,18.749536],[98.991557,18.749542],[98.991194,18.749516]]]}},{"type":"Feature","properties":{"k":"temple","n":"Chedi Liam Temple"},"geometry":{"type":"Polygon","coordinates":[[[98.995468,18.754245],[98.995176,18.753484],[98.996007,18.753238],[98.99629,18.754026],[98.995553,18.754257],[98.995468,18.754245]]]}},{"type":"Feature","properties":{"k":"wall"},"geometry":{"type":"Polygon","coordinates":[[[98.993093,18.795241],[98.993092,18.795206],[98.993597,18.795186],[98.993613,18.794707],[98.993658,18.794705],[98.993678,18.795166],[98.99374,18.795184],[98.993753,18.795209],[98.993707,18.795289],[98.993497,18.795296],[98.993413,18.795233],[98.993093,18.795241]]]}},{"type":"Feature","properties":{"k":"wall"},"geometry":{"type":"Polygon","coordinates":[[[98.993215,18.787742],[98.993165,18.786887],[98.99321,18.786884],[98.993259,18.787739],[98.993215,18.787742]]]}},{"type":"Feature","properties":{"k":"wall"},"geometry":{"type":"Polygon","coordinates":[[[98.993295,18.788379],[98.993255,18.788381],[98.993221,18.787789],[98.993261,18.787787],[98.993295,18.788379]]]}},{"type":"Feature","properties":{"k":"temple","n":"Wat Lam Chang"},"geometry":{"type":"Polygon","coordinates":[[[98.990018,18.793289],[98.990086,18.792807],[98.990961,18.792806],[98.991006,18.792845],[98.991018,18.79327],[98.99011,18.793312],[98.990018,18.793289]]]}},{"type":"Feature","properties":{"k":"campus","n":"Chiang Mai Polytechnic College"},"geometry":{"type":"Polygon","coordinates":[[[98.965157,18.803463],[98.965084,18.803337],[98.96541,18.803167],[98.965483,18.803293],[98.965157,18.803463]]]}},{"type":"Feature","properties":{"k":"campus","n":"Yupparaj Wittayalai School"},"geometry":{"type":"Polygon","coordinates":[[[98.988705,18.790808],[98.990025,18.790819],[98.990089,18.790897],[98.990072,18.79162],[98.989858,18.79162],[98.989439,18.79171],[98.989185,18.791734],[98.989178,18.792252],[98.989586,18.792239],[98.989578,18.792655],[98.988921,18.79271],[98.988915,18.793242],[98.987892,18.793215],[98.987798,18.793198],[98.987727,18.793134],[98.987722,18.793083],[98.987764,18.792924],[98.987861,18.792245],[98.987909,18.790858],[98.987927,18.790816],[98.988022,18.790761],[98.988591,18.790778],[98.988615,18.790812],[98.988705,18.790808]]]}},{"type":"Feature","properties":{"k":"hospital","n":"Lanna Hospital Extension"},"geometry":{"type":"Polygon","coordinates":[[[98.99543,18.81499],[98.99537,18.815347],[98.995185,18.815301],[98.995004,18.81615],[98.992059,18.816287],[98.992011,18.815282],[98.992867,18.815239],[98.992923,18.814691],[98.993913,18.81497],[98.99543,18.81499]]]}},{"type":"Feature","properties":{"k":"campus","n":"Kawila Wittayalai School"},"geometry":{"type":"Polygon","coordinates":[[[99.022618,18.766701],[99.022783,18.765344],[99.022775,18.763776],[99.023858,18.76372],[99.02389,18.763791],[99.024448,18.7637],[99.024419,18.764028],[99.024538,18.764375],[99.024255,18.764595],[99.024178,18.76516],[99.024083,18.765316],[99.024178,18.765411],[99.024072,18.765706],[99.023938,18.766793],[99.02397,18.767199],[99.023638,18.769952],[99.023652,18.770297],[99.023385,18.770318],[99.023412,18.77047],[99.022811,18.770653],[99.022811,18.771222],[99.02272,18.771165],[99.022479,18.771176],[99.022677,18.770754],[99.022714,18.770196],[99.022366,18.770181],[99.022618,18.766701]]]}},{"type":"Feature","properties":{"k":"worship"},"geometry":{"type":"Polygon","coordinates":[[[99.012601,18.751135],[99.012785,18.751205],[99.01276,18.751262],[99.012577,18.751192],[99.012601,18.751135]]]}},{"type":"Feature","properties":{"k":"campus","n":"Chongfah Sinseung Wanichbumrung School"},"geometry":{"type":"Polygon","coordinates":[[[99.032665,18.737846],[99.034878,18.737951],[99.036089,18.737982],[99.035916,18.739055],[99.035772,18.739548],[99.033043,18.739519],[99.032996,18.738971],[99.032743,18.738257],[99.032665,18.737846]]]}},{"type":"Feature","properties":{"k":"campus","n":"CMU Language Institute"},"geometry":{"type":"Polygon","coordinates":[[[98.957745,18.79562],[98.957741,18.795158],[98.957881,18.795156],[98.957886,18.795619],[98.957745,18.79562]]]}},{"type":"Feature","properties":{"k":"hospital","n":"Bangkok Hospital"},"geometry":{"type":"Polygon","coordinates":[[[99.025723,18.788766],[99.025957,18.788225],[99.026277,18.788252],[99.027348,18.788629],[99.027084,18.789235],[99.026573,18.789045],[99.026464,18.789063],[99.025734,18.789062],[99.025723,18.788766]]]}},{"type":"Feature","properties":{"k":"temple","n":"Wat Mueang Mang"},"geometry":{"type":"Polygon","coordinates":[[[98.991831,18.780005],[98.991845,18.780475],[98.991616,18.780462],[98.9909,18.780364],[98.990892,18.779932],[98.991831,18.780005]]]}},{"type":"Feature","properties":{"k":"temple","n":"Wat Chet Lin - Wat Jedlin"},"geometry":{"type":"Polygon","coordinates":[[[98.98855,18.783635],[98.988472,18.784139],[98.987511,18.784041],[98.98724,18.784069],[98.987216,18.783667],[98.987341,18.783648],[98.987317,18.783514],[98.987975,18.783485],[98.987982,18.783554],[98.988187,18.783537],[98.98855,18.783635]]]}},{"type":"Feature","properties":{"k":"campus","n":"Sirimangkalajarn Elementary School"},"geometry":{"type":"Polygon","coordinates":[[[98.95651,18.747634],[98.95652,18.7473],[98.957245,18.747289],[98.957509,18.747305],[98.957528,18.747472],[98.957096,18.747462],[98.957104,18.747642],[98.95651,18.747634]]]}},{"type":"Feature","properties":{"k":"temple","n":"Wat Tamnak Suankhwan Sirimangkalajarn"},"geometry":{"type":"Polygon","coordinates":[[[98.955858,18.747291],[98.95652,18.7473],[98.95651,18.747634],[98.957104,18.747642],[98.957096,18.747462],[98.957528,18.747472],[98.957542,18.747721],[98.957522,18.747821],[98.957308,18.747998],[98.957235,18.748133],[98.957138,18.748482],[98.95709,18.74855],[98.955906,18.748521],[98.955849,18.748409],[98.955858,18.747291]]]}},{"type":"Feature","properties":{"k":"temple","n":"วัดศรีบุญเรือง"},"geometry":{"type":"Polygon","coordinates":[[[99.042041,18.737136],[99.042057,18.736656],[99.042474,18.736667],[99.043135,18.736831],[99.042995,18.737247],[99.042928,18.737287],[99.042041,18.737136]]]}},{"type":"Feature","properties":{"k":"temple","n":"Wat Rachamontian"},"geometry":{"type":"Polygon","coordinates":[[[98.982984,18.795416],[98.982472,18.795431],[98.982436,18.794816],[98.982815,18.794805],[98.982984,18.795416]]]}},{"type":"Feature","properties":{"k":"market","n":"Thalat San Pa Khoi"},"geometry":{"type":"Polygon","coordinates":[[[99.008772,18.786483],[99.008782,18.786053],[99.009573,18.785536],[99.009563,18.786485],[99.008772,18.786483]]]}},{"type":"Feature","properties":{"k":"temple","n":"Wat Pha Lat"},"geometry":{"type":"Polygon","coordinates":[[[98.9343,18.799541],[98.933738,18.799631],[98.933593,18.799446],[98.933529,18.799079],[98.93341,18.798914],[98.934063,18.798637],[98.934931,18.798613],[98.934991,18.798703],[98.9346,18.798769],[98.934401,18.799373],[98.9343,18.799541]]]}},{"type":"Feature","properties":{"k":"temple","n":"Wat Muen San"},"geometry":{"type":"Polygon","coordinates":[[[98.984196,18.776438],[98.985235,18.77672],[98.984969,18.777586],[98.983958,18.777233],[98.984196,18.776438]]]}},{"type":"Feature","properties":{"k":"campus","n":"อนุบาลพรรณี"},"geometry":{"type":"Polygon","coordinates":[[[98.986434,18.788993],[98.986458,18.789243],[98.98635,18.78925],[98.986344,18.788867],[98.98648,18.78884],[98.986488,18.788861],[98.986589,18.788848],[98.986663,18.789226],[98.986539,18.789244],[98.986499,18.788982],[98.986434,18.788993]]]}},{"type":"Feature","properties":{"k":"market","n":"Kad Muang Mai"},"geometry":{"type":"Polygon","coordinates":[[[98.996962,18.795391],[98.996935,18.794739],[98.997255,18.794737],[98.997314,18.795373],[98.996962,18.795391]]]}},{"type":"Feature","properties":{"k":"temple","n":"Wat Cheatawan"},"geometry":{"type":"Polygon","coordinates":[[[98.99598,18.788284],[98.99605,18.788798],[98.995373,18.788883],[98.995339,18.788516],[98.995363,18.788214],[98.99598,18.788284]]]}},{"type":"Feature","properties":{"k":"temple","n":"Wat Saen Fang"},"geometry":{"type":"Polygon","coordinates":[[[98.998657,18.789025],[98.998892,18.789056],[98.998875,18.789168],[98.99864,18.789136],[98.998657,18.789025]]]}},{"type":"Feature","properties":{"k":"temple","n":"Wat Sri Suphan"},"geometry":{"type":"Polygon","coordinates":[[[98.982614,18.778839],[98.982991,18.777979],[98.984084,18.778656],[98.983587,18.779317],[98.982614,18.778839]]]}},{"type":"Feature","properties":{"k":"temple","n":"Sala Tham"},"geometry":{"type":"Polygon","coordinates":[[[98.952715,18.805],[98.95264,18.804874],[98.952809,18.804788],[98.952882,18.80492],[98.952715,18.805]]]}},{"type":"Feature","properties":{"k":"market"},"geometry":{"type":"Polygon","coordinates":[[[98.948416,18.799532],[98.94841,18.799438],[98.948735,18.799419],[98.948741,18.799512],[98.948416,18.799532]]]}},{"type":"Feature","properties":{"k":"hospital","n":"Theppanya Hospital"},"geometry":{"type":"Polygon","coordinates":[[[99.01124,18.810571],[99.011212,18.810204],[99.011243,18.810154],[99.011423,18.810001],[99.011461,18.810041],[99.011587,18.810049],[99.011553,18.810544],[99.01124,18.810571]]]}},{"type":"Feature","properties":{"k":"temple","n":"Wat Phra That Doi Kham"},"geometry":{"type":"Polygon","coordinates":[[[98.919043,18.759331],[98.919124,18.759453],[98.918738,18.759682],[98.918564,18.75942],[98.918952,18.75919],[98.919029,18.759306],[98.918996,18.759326],[98.918981,18.759303],[98.918923,18.759337],[98.918883,18.759276],[98.918618,18.759433],[98.918749,18.75963],[98.919066,18.759442],[98.919007,18.759353],[98.919043,18.759331]]]}},{"type":"Feature","properties":{"k":"temple"},"geometry":{"type":"Polygon","coordinates":[[[98.918017,18.75988],[98.918061,18.760009],[98.917801,18.760088],[98.917757,18.75996],[98.918017,18.75988]]]}},{"type":"Feature","properties":{"k":"temple","n":"Wat Phratat Doikham"},"geometry":{"type":"Polygon","coordinates":[[[98.917434,18.759044],[98.917584,18.759472],[98.917674,18.759565],[98.917923,18.759624],[98.918247,18.759773],[98.918469,18.759737],[98.918541,18.759582],[98.918506,18.759376],[98.918929,18.75915],[98.918952,18.75919],[98.919063,18.759118],[98.919259,18.759396],[98.919206,18.759503],[98.918838,18.759732],[98.918651,18.759741],[98.91808,18.76017],[98.917279,18.759959],[98.916974,18.759847],[98.916922,18.759714],[98.917313,18.75953],[98.917236,18.759081],[98.917434,18.759044]]]}},{"type":"Feature","properties":{"k":"market","n":"Jet Yod Plaza"},"geometry":{"type":"Polygon","coordinates":[[[98.964008,18.807767],[98.964124,18.807755],[98.964167,18.808133],[98.964051,18.808145],[98.964008,18.807767]]]}},{"type":"Feature","properties":{"k":"temple","n":"Wat Jed Yod"},"geometry":{"type":"Polygon","coordinates":[[[98.972287,18.809013],[98.972286,18.809111],[98.97205,18.80911],[98.97205,18.809013],[98.972287,18.809013]]]}},{"type":"Feature","properties":{"k":"temple","n":"Wat Tonyang Huang"},"geometry":{"type":"Polygon","coordinates":[[[99.048173,18.746382],[99.048127,18.747054],[99.047486,18.747121],[99.047451,18.747093],[99.047445,18.746767],[99.047518,18.746462],[99.048173,18.746382]]]}},{"type":"Feature","properties":{"k":"temple","n":"Wat Rong Don Chai"},"geometry":{"type":"Polygon","coordinates":[[[99.050371,18.75001],[99.050364,18.750049],[99.050123,18.750232],[99.049964,18.750466],[99.049639,18.750429],[99.049624,18.750191],[99.050028,18.749952],[99.050092,18.749939],[99.050371,18.75001]]]}},{"type":"Feature","properties":{"k":"wall"},"geometry":{"type":"Polygon","coordinates":[[[98.977836,18.7821],[98.977858,18.781838],[98.977914,18.781736],[98.977848,18.781675],[98.97788,18.781603],[98.978016,18.78158],[98.978065,18.781662],[98.978393,18.781634],[98.978402,18.781658],[98.978069,18.781697],[98.977995,18.781723],[98.97793,18.781792],[98.977884,18.781887],[98.97786,18.782098],[98.977836,18.7821]]]}},{"type":"Feature","properties":{"k":"wall"},"geometry":{"type":"Polygon","coordinates":[[[98.981428,18.795598],[98.978717,18.795691],[98.97866,18.795672],[98.978594,18.795715],[98.978534,18.795702],[98.978504,18.795633],[98.978552,18.795583],[98.978506,18.795504],[98.978479,18.795371],[98.978462,18.795015],[98.978503,18.795015],[98.978547,18.795456],[98.978644,18.795575],[98.978708,18.79561],[98.978892,18.795631],[98.981425,18.795572],[98.981428,18.795598]]]}},{"type":"Feature","properties":{"k":"market","n":"Mae Hia Fresh Market"},"geometry":{"type":"Polygon","coordinates":[[[98.942226,18.747843],[98.941646,18.747901],[98.941625,18.747714],[98.94175,18.747701],[98.941736,18.747581],[98.942192,18.747535],[98.942226,18.747843]]]}},{"type":"Feature","properties":{"k":"campus","n":"American Pacific International School (Primary)"},"geometry":{"type":"Polygon","coordinates":[[[98.942877,18.748319],[98.943196,18.7482],[98.943064,18.748685],[98.942316,18.748847],[98.942098,18.748095],[98.942469,18.748004],[98.942512,18.748063],[98.942753,18.748004],[98.942877,18.748319]]]}},{"type":"Feature","properties":{"k":"temple","n":"Wat Fon Soi"},"geometry":{"type":"Polygon","coordinates":[[[98.988261,18.78247],[98.988707,18.7825],[98.988688,18.782958],[98.988259,18.782977],[98.988261,18.78247]]]}},{"type":"Feature","properties":{"k":"campus","n":"CB1"},"geometry":{"type":"Polygon","coordinates":[[[98.95343,18.802096],[98.95337,18.801989],[98.953918,18.801713],[98.953978,18.80182],[98.953867,18.801876],[98.954016,18.802141],[98.95413,18.802083],[98.9542,18.802209],[98.953631,18.802496],[98.95356,18.80237],[98.95391,18.802194],[98.953761,18.801929],[98.95343,18.802096]]]}},{"type":"Feature","properties":{"k":"temple","n":"Wat Suan Dok Monk Chat"},"geometry":{"type":"Polygon","coordinates":[[[98.968106,18.78799],[98.968139,18.788241],[98.96746,18.788322],[98.967427,18.788071],[98.968106,18.78799]]]}},{"type":"Feature","properties":{"k":"wall"},"geometry":{"type":"Polygon","coordinates":[[[98.978181,18.789096],[98.978173,18.788938],[98.978232,18.788935],[98.97824,18.789093],[98.978181,18.789096]]]}},{"type":"Feature","properties":{"k":"temple","n":"Wat Nong Krai Luang"},"geometry":{"type":"Polygon","coordinates":[[[99.021703,18.843073],[99.022191,18.843251],[99.021786,18.844066],[99.021155,18.843832],[99.021703,18.843073]]]}},{"type":"Feature","properties":{"k":"campus","n":"ChiangMai Rajabhat University"},"geometry":{"type":"Polygon","coordinates":[[[98.984977,18.809076],[98.985084,18.808425],[98.985605,18.808445],[98.985605,18.808387],[98.985721,18.808397],[98.985747,18.808113],[98.985116,18.808052],[98.98529,18.806465],[98.985628,18.806437],[98.985631,18.806396],[98.98576,18.806388],[98.985758,18.806211],[98.985318,18.806238],[98.985355,18.805919],[98.98584,18.805989],[98.985877,18.805699],[98.985634,18.805671],[98.985667,18.805476],[98.986787,18.805583],[98.987147,18.80552],[98.987183,18.805688],[98.987694,18.805739],[98.987862,18.806768],[98.988354,18.80682],[98.988561,18.807107],[98.988587,18.807264],[98.988726,18.807252],[98.988654,18.807586],[98.988567,18.807607],[98.988573,18.807826],[98.988535,18.808433],[98.988112,18.808455],[98.986546,18.808927],[98.986482,18.809034],[98.986243,18.809123],[98.984977,18.809076]]]}},{"type":"Feature","properties":{"k":"market"},"geometry":{"type":"Polygon","coordinates":[[[99.039959,18.81968],[99.039815,18.819567],[99.040142,18.819196],[99.040286,18.81931],[99.039959,18.81968]]]}},{"type":"Feature","properties":{"k":"wall"},"geometry":{"type":"Polygon","coordinates":[[[98.989056,18.781401],[98.989054,18.781357],[98.989438,18.781341],[98.98944,18.781384],[98.989056,18.781401]]]}},{"type":"Feature","properties":{"k":"wall"},"geometry":{"type":"Polygon","coordinates":[[[98.988674,18.781398],[98.988673,18.781357],[98.988892,18.781354],[98.988892,18.781395],[98.988674,18.781398]]]}},{"type":"Feature","properties":{"k":"hospital","n":"St. Peter Eye Hospital"},"geometry":{"type":"Polygon","coordinates":[[[98.990784,18.811473],[98.990804,18.811236],[98.99098,18.811249],[98.990959,18.811487],[98.990784,18.811473]]]}},{"type":"Feature","properties":{"k":"campus","n":"Asia Technological College"},"geometry":{"type":"Polygon","coordinates":[[[99.016628,18.758675],[99.01663,18.758591],[99.016549,18.75859],[99.016554,18.758338],[99.017102,18.758346],[99.017098,18.758592],[99.017036,18.758591],[99.017035,18.75869],[99.016937,18.758689],[99.016935,18.758766],[99.016717,18.758763],[99.016719,18.758676],[99.016628,18.758675]]]}},{"type":"Feature","properties":{"k":"campus","n":"Pimandek Chiangmai School"},"geometry":{"type":"Polygon","coordinates":[[[98.995751,18.759543],[98.995726,18.759497],[98.99568,18.759518],[98.995491,18.759163],[98.995588,18.759116],[98.995764,18.759447],[98.995862,18.7594],[98.995939,18.759544],[98.995825,18.759599],[98.995925,18.759787],[98.995836,18.75983],[98.995697,18.759569],[98.995751,18.759543]]]}},{"type":"Feature","properties":{"k":"temple","n":"Thai Lin Foawian"},"geometry":{"type":"Polygon","coordinates":[[[99.021974,18.749682],[99.022113,18.749285],[99.022194,18.749311],[99.022156,18.749417],[99.022338,18.749474],[99.022372,18.749377],[99.022452,18.749403],[99.022316,18.74979],[99.021974,18.749682]]]}},{"type":"Feature","properties":{"k":"hospital","n":"Chiang Mai Municipality Hospital"},"geometry":{"type":"Polygon","coordinates":[[[99.001663,18.788551],[99.001691,18.788396],[99.001952,18.78844],[99.001924,18.788594],[99.001663,18.788551]]]}},{"type":"Feature","properties":{"k":"temple"},"geometry":{"type":"Polygon","coordinates":[[[98.999078,18.825224],[98.99852,18.825148],[98.998434,18.824927],[98.99837,18.824846],[98.998402,18.824442],[98.999164,18.82443],[98.999078,18.825224]]]}},{"type":"Feature","properties":{"k":"temple"},"geometry":{"type":"Polygon","coordinates":[[[99.003787,18.817509],[99.004401,18.817669],[99.004229,18.818167],[99.004141,18.818255],[99.003816,18.818164],[99.00365,18.818072],[99.003787,18.817509]]]}},{"type":"Feature","properties":{"k":"temple","n":"Wat Tha Sa Toi"},"geometry":{"type":"Polygon","coordinates":[[[99.007717,18.783051],[99.007121,18.783047],[99.007011,18.783006],[99.007027,18.78265],[99.007406,18.782285],[99.007748,18.782282],[99.007717,18.783051]]]}},{"type":"Feature","properties":{"k":"campus","n":"Wat Tasatoi School"},"geometry":{"type":"Polygon","coordinates":[[[99.007027,18.78265],[99.006697,18.782635],[99.006928,18.782089],[99.007698,18.782134],[99.007759,18.782171],[99.007748,18.782282],[99.007406,18.782285],[99.007027,18.78265]]]}},{"type":"Feature","properties":{"k":"temple","n":"Wat Mahawan"},"geometry":{"type":"Polygon","coordinates":[[[98.995131,18.787571],[98.99549,18.787595],[98.995496,18.787406],[98.995791,18.787357],[98.995944,18.788078],[98.995102,18.787964],[98.995131,18.787571]]]}},{"type":"Feature","properties":{"k":"temple","n":"Wat San Pa Liang"},"geometry":{"type":"Polygon","coordinates":[[[99.018054,18.754625],[99.018137,18.754246],[99.017989,18.754226],[99.01799,18.754174],[99.018222,18.754179],[99.018233,18.753955],[99.018602,18.753962],[99.018643,18.753706],[99.019281,18.753859],[99.018972,18.75422],[99.018902,18.754383],[99.018552,18.754628],[99.018524,18.754732],[99.018054,18.754625]]]}},{"type":"Feature","properties":{"k":"temple","n":"Wat Chang Kham"},"geometry":{"type":"Polygon","coordinates":[[[99.001895,18.747869],[99.002128,18.747771],[99.002185,18.747893],[99.001952,18.747991],[99.001895,18.747869]]]}},{"type":"Feature","properties":{"k":"hospital","n":"Nakornping Hospital Outpatient Department"},"geometry":{"type":"Polygon","coordinates":[[[98.997255,18.781511],[98.997687,18.781473],[98.9977,18.781612],[98.997268,18.78165],[98.997255,18.781511]]]}},{"type":"Feature","properties":{"k":"temple","n":"Wat Muen Larn"},"geometry":{"type":"Polygon","coordinates":[[[98.992379,18.787859],[98.992405,18.788287],[98.99178,18.788372],[98.991767,18.787906],[98.992379,18.787859]]]}},{"type":"Feature","properties":{"k":"temple","n":"Wat Dokkham"},"geometry":{"type":"Polygon","coordinates":[[[98.993187,18.789074],[98.993206,18.789394],[98.992779,18.789422],[98.992774,18.789113],[98.993187,18.789074]]]}},{"type":"Feature","properties":{"k":"campus","n":"Dok Ngoen School"},"geometry":{"type":"Polygon","coordinates":[[[98.993928,18.788907],[98.993982,18.789063],[98.993905,18.789087],[98.993893,18.789051],[98.993717,18.789105],[98.993676,18.788984],[98.993928,18.788907]]]}},{"type":"Feature","properties":{"k":"temple","n":"Wat Puak Chang"},"geometry":{"type":"Polygon","coordinates":[[[98.993576,18.780326],[98.993767,18.780331],[98.993735,18.781001],[98.993058,18.78097],[98.993026,18.780609],[98.993045,18.780544],[98.993109,18.780497],[98.993278,18.780452],[98.993576,18.780326]]]}},{"type":"Feature","properties":{"k":"temple","n":"Wat Phan Tong"},"geometry":{"type":"Polygon","coordinates":[[[98.996288,18.78434],[98.996469,18.784791],[98.995729,18.785095],[98.995603,18.784557],[98.996288,18.78434]]]}},{"type":"Feature","properties":{"k":"temple","n":"Wat Loi Kroh"},"geometry":{"type":"Polygon","coordinates":[[[98.996446,18.784409],[98.996588,18.784402],[98.996584,18.784323],[98.997053,18.784292],[98.997267,18.785016],[98.99673,18.785147],[98.996632,18.784808],[98.996456,18.784486],[98.996446,18.784409]]]}},{"type":"Feature","properties":{"k":"temple","n":"Wat Chang Kong"},"geometry":{"type":"Polygon","coordinates":[[[98.997724,18.784793],[98.998442,18.784656],[98.998512,18.785111],[98.997836,18.785258],[98.997724,18.784793]]]}},{"type":"Feature","properties":{"k":"temple","n":"Wat Pha Khao"},"geometry":{"type":"Polygon","coordinates":[[[98.991084,18.785355],[98.991588,18.785301],[98.991714,18.785959],[98.991298,18.785997],[98.991175,18.786058],[98.991121,18.78606],[98.991084,18.785355]]]}},{"type":"Feature","properties":{"k":"temple","n":"Wat Muentoom"},"geometry":{"type":"Polygon","coordinates":[[[98.989615,18.783915],[98.989561,18.7844],[98.988584,18.78434],[98.988632,18.784074],[98.988749,18.784044],[98.988812,18.783888],[98.989615,18.783915]]]}},{"type":"Feature","properties":{"k":"campus","n":"Metro Technology School"},"geometry":{"type":"Polygon","coordinates":[[[98.994139,18.782568],[98.994412,18.782459],[98.994932,18.782347],[98.995088,18.782532],[98.994941,18.782586],[98.994903,18.782674],[98.994931,18.783098],[98.994924,18.783355],[98.994605,18.783276],[98.994313,18.783315],[98.99419,18.78289],[98.994232,18.782877],[98.994139,18.782568]]]}},{"type":"Feature","properties":{"k":"temple","n":"Wat Tha Kham"},"geometry":{"type":"Polygon","coordinates":[[[98.946774,18.743074],[98.946881,18.742883],[98.947248,18.742625],[98.947495,18.743087],[98.947447,18.743201],[98.946886,18.743384],[98.946774,18.743074]]]}},{"type":"Feature","properties":{"k":"temple","n":"Wat Don Pin"},"geometry":{"type":"Polygon","coordinates":[[[98.95697,18.735371],[98.956938,18.735325],[98.956968,18.734825],[98.957011,18.734715],[98.957711,18.734448],[98.957874,18.73479],[98.957969,18.735268],[98.957702,18.735279],[98.95697,18.735371]]]}},{"type":"Feature","properties":{"k":"temple","n":"Wat Buak Khrok Luang"},"geometry":{"type":"Polygon","coordinates":[[[99.038028,18.779587],[99.038035,18.779487],[99.038295,18.779504],[99.038293,18.779527],[99.038337,18.779529],[99.038333,18.779582],[99.038289,18.779579],[99.038288,18.779603],[99.038028,18.779587]]]}},{"type":"Feature","properties":{"k":"worship"},"geometry":{"type":"Polygon","coordinates":[[[98.988235,18.730173],[98.988303,18.730029],[98.988559,18.730137],[98.988491,18.730281],[98.988235,18.730173]]]}},{"type":"Feature","properties":{"k":"temple","n":"Wat Chiang Khang"},"geometry":{"type":"Polygon","coordinates":[[[99.039435,18.750661],[99.039624,18.750625],[99.039656,18.750696],[99.040021,18.750594],[99.039924,18.750244],[99.040437,18.750224],[99.040442,18.75061],[99.040233,18.750636],[99.040318,18.751016],[99.039456,18.751138],[99.039435,18.750661]]]}},{"type":"Feature","properties":{"k":"temple","n":"Wat San Klang Tai"},"geometry":{"type":"Polygon","coordinates":[[[99.055792,18.762784],[99.055757,18.763048],[99.055924,18.763558],[99.055591,18.763657],[99.055537,18.763805],[99.055521,18.764167],[99.05513,18.764289],[99.054998,18.763682],[99.054679,18.763073],[99.055792,18.762784]]]}},{"type":"Feature","properties":{"k":"temple","n":"Wat San Klang Nuea"},"geometry":{"type":"Polygon","coordinates":[[[99.0537,18.77213],[99.053641,18.771581],[99.054446,18.771509],[99.054477,18.771545],[99.054526,18.771745],[99.054629,18.771755],[99.054558,18.77216],[99.0537,18.77213]]]}},{"type":"Feature","properties":{"k":"temple","n":"Wat Chai Sri Phoon"},"geometry":{"type":"Polygon","coordinates":[[[98.993921,18.793703],[98.994329,18.793702],[98.994396,18.794796],[98.994281,18.795035],[98.994024,18.795032],[98.993977,18.794993],[98.993921,18.793703]]]}},{"type":"Feature","properties":{"k":"campus","n":"Chit Phakdi School"},"geometry":{"type":"Polygon","coordinates":[[[99.006442,18.791821],[99.006437,18.791644],[99.006828,18.791634],[99.006833,18.791811],[99.006442,18.791821]]]}},{"type":"Feature","properties":{"k":"temple","n":"Wat Prasat"},"geometry":{"type":"Polygon","coordinates":[[[98.980383,18.790048],[98.980366,18.789645],[98.981679,18.789571],[98.98168,18.789914],[98.98091,18.789951],[98.980913,18.790023],[98.980383,18.790048]]]}},{"type":"Feature","properties":{"k":"temple","n":"Wat Panping"},"geometry":{"type":"Polygon","coordinates":[[[98.990405,18.789721],[98.990399,18.789613],[98.99065,18.789601],[98.990656,18.789708],[98.990405,18.789721]]]}},{"type":"Feature","properties":{"k":"temple","n":"Wat Umong Maha Therachan"},"geometry":{"type":"Polygon","coordinates":[[[98.989825,18.789399],[98.989917,18.789398],[98.989952,18.789428],[98.989993,18.789428],[98.989994,18.789472],[98.989882,18.78949],[98.989882,18.78953],[98.989844,18.78953],[98.989843,18.789491],[98.989781,18.789479],[98.989781,18.789436],[98.989812,18.789435],[98.989825,18.789399]]]}},{"type":"Feature","properties":{"k":"worship"},"geometry":{"type":"Polygon","coordinates":[[[99.048196,18.802718],[99.048462,18.802758],[99.048441,18.802882],[99.048175,18.802842],[99.048196,18.802718]]]}},{"type":"Feature","properties":{"k":"temple","n":"Wat San Sai Mun"},"geometry":{"type":"Polygon","coordinates":[[[99.030215,18.81768],[99.030577,18.818211],[99.030102,18.818346],[99.030097,18.818282],[99.029823,18.818348],[99.029737,18.818087],[99.029716,18.817762],[99.030215,18.81768]]]}},{"type":"Feature","properties":{"k":"worship"},"geometry":{"type":"Polygon","coordinates":[[[99.009751,18.73104],[99.009772,18.730877],[99.010115,18.730916],[99.010094,18.731079],[99.009751,18.73104]]]}},{"type":"Feature","properties":{"k":"campus","n":"Wat Kong Rai School"},"geometry":{"type":"Polygon","coordinates":[[[99.019464,18.732585],[99.019227,18.732175],[99.019491,18.731973],[99.019615,18.731771],[99.020495,18.731287],[99.020607,18.731524],[99.020505,18.731633],[99.02071,18.731835],[99.019464,18.732585]]]}},{"type":"Feature","properties":{"k":"temple","n":"Wat Phang Yoi"},"geometry":{"type":"Polygon","coordinates":[[[99.021645,18.739064],[99.02165,18.738979],[99.02192,18.738992],[99.021916,18.739077],[99.021645,18.739064]]]}},{"type":"Feature","properties":{"k":"temple","n":"Wat Don Chuen"},"geometry":{"type":"Polygon","coordinates":[[[99.025595,18.734959],[99.025577,18.735403],[99.025515,18.735643],[99.025212,18.735682],[99.025037,18.73549],[99.024837,18.734902],[99.024982,18.734808],[99.025577,18.734811],[99.025595,18.734959]]]}},{"type":"Feature","properties":{"k":"market","n":"Ton Lam Yai Market"},"geometry":{"type":"Polygon","coordinates":[[[99.00141,18.790005],[99.001519,18.790062],[99.001707,18.790221],[99.001143,18.790855],[99.001087,18.790825],[99.001224,18.790266],[99.00141,18.790005]]]}},{"type":"Feature","properties":{"k":"worship"},"geometry":{"type":"Polygon","coordinates":[[[98.973562,18.749736],[98.973514,18.749616],[98.973624,18.749576],[98.973673,18.749696],[98.973562,18.749736]]]}},{"type":"Feature","properties":{"k":"hospital"},"geometry":{"type":"Polygon","coordinates":[[[98.994535,18.773263],[98.994586,18.773297],[98.994672,18.773287],[98.994508,18.773495],[98.994377,18.773399],[98.99434,18.773082],[98.994384,18.773028],[98.994439,18.773066],[98.994407,18.773117],[98.994542,18.773219],[98.994535,18.773263]]]}},{"type":"Feature","properties":{"k":"temple","n":"Wat Hua Fai"},"geometry":{"type":"Polygon","coordinates":[[[98.993184,18.773734],[98.993197,18.773291],[98.99397,18.773324],[98.993986,18.773845],[98.993184,18.773734]]]}},{"type":"Feature","properties":{"k":"temple"},"geometry":{"type":"Polygon","coordinates":[[[98.954648,18.771003],[98.955628,18.770513],[98.955968,18.771412],[98.954983,18.771722],[98.954869,18.771219],[98.954648,18.771003]]]}},{"type":"Feature","properties":{"k":"apron"},"geometry":{"type":"Polygon","coordinates":[[[98.965348,18.781246],[98.965391,18.781016],[98.965374,18.779867],[98.965667,18.779864],[98.965664,18.778834],[98.966251,18.778839],[98.966268,18.77967],[98.965861,18.779694],[98.965847,18.780485],[98.965639,18.780498],[98.965656,18.781224],[98.965593,18.781348],[98.965348,18.781246]]]}},{"type":"Feature","properties":{"k":"worship"},"geometry":{"type":"Polygon","coordinates":[[[98.9579,18.807588],[98.957809,18.807421],[98.958298,18.807182],[98.958389,18.807349],[98.9579,18.807588]]]}},{"type":"Feature","properties":{"k":"temple","n":"Wat Mueang Sattra Noi"},"geometry":{"type":"Polygon","coordinates":[[[99.015453,18.764657],[99.01547,18.764495],[99.01611,18.764525],[99.016084,18.764664],[99.015453,18.764657]]]}},{"type":"Feature","properties":{"k":"campus","n":"Wat Mueang Sattra School"},"geometry":{"type":"Polygon","coordinates":[[[99.015333,18.765341],[99.015483,18.764771],[99.016024,18.764824],[99.015902,18.765204],[99.01563,18.765329],[99.015333,18.765341]]]}},{"type":"Feature","properties":{"k":"temple","n":"Wat Si Bun Rueang"},"geometry":{"type":"Polygon","coordinates":[[[98.99959,18.753544],[98.999531,18.753623],[98.999448,18.753566],[98.999609,18.753355],[98.999692,18.753411],[98.999615,18.753512],[98.999634,18.753525],[98.999609,18.753557],[98.99959,18.753544]]]}},{"type":"Feature","properties":{"k":"temple","n":"Wat Fa Ham"},"geometry":{"type":"Polygon","coordinates":[[[99.004287,18.804012],[99.005575,18.803862],[99.005552,18.80447],[99.004716,18.804578],[99.004695,18.804908],[99.00424,18.804865],[99.004287,18.804012]]]}},{"type":"Feature","properties":{"k":"campus","n":"Phat Thi Ra Kindergarten School"},"geometry":{"type":"Polygon","coordinates":[[[98.988792,18.746902],[98.988604,18.74668],[98.988972,18.746482],[98.98911,18.746729],[98.988792,18.746902]]]}},{"type":"Feature","properties":{"k":"market"},"geometry":{"type":"Polygon","coordinates":[[[98.980153,18.739316],[98.980021,18.739486],[98.979815,18.739303],[98.979966,18.739151],[98.980153,18.739316]]]}},{"type":"Feature","properties":{"k":"temple","n":"Wat Don Chai"},"geometry":{"type":"Polygon","coordinates":[[[98.980215,18.735876],[98.980212,18.735767],[98.980445,18.735761],[98.980448,18.735869],[98.980215,18.735876]]]}},{"type":"Feature","properties":{"k":"temple","n":"Wat San Khue"},"geometry":{"type":"Polygon","coordinates":[[[99.01977,18.744969],[99.01955,18.744343],[99.01957,18.74428],[99.020162,18.744292],[99.02024,18.744322],[99.020265,18.744403],[99.020501,18.744536],[99.020363,18.744735],[99.01977,18.744969]]]}},{"type":"Feature","properties":{"k":"campus","n":"Global Holistic Education Institute"},"geometry":{"type":"Polygon","coordinates":[[[98.991803,18.732462],[98.991566,18.732463],[98.99157,18.732372],[98.991848,18.732394],[98.991845,18.732463],[98.991803,18.732462]]]}},{"type":"Feature","properties":{"k":"campus","n":"Nakornping Aphibalkit School of Nursing Aide"},"geometry":{"type":"Polygon","coordinates":[[[98.982225,18.790542],[98.982212,18.790682],[98.981964,18.79066],[98.981982,18.790482],[98.982035,18.790486],[98.982031,18.790525],[98.982225,18.790542]]]}},{"type":"Feature","properties":{"k":"temple","n":"Chiangmai Samakkee Charity Foundation"},"geometry":{"type":"Polygon","coordinates":[[[99.001185,18.783839],[99.001106,18.78333],[99.001194,18.783129],[99.001734,18.783042],[99.001759,18.783745],[99.001679,18.783821],[99.001185,18.783839]]]}},{"type":"Feature","properties":{"k":"temple","n":"Wat Chaimongkol"},"geometry":{"type":"Polygon","coordinates":[[[99.003894,18.780849],[99.004258,18.78013],[99.005355,18.780483],[99.004946,18.781209],[99.003894,18.780849]]]}},{"type":"Feature","properties":{"k":"temple","n":"Wat Pa Phrao Nai"},"geometry":{"type":"Polygon","coordinates":[[[98.980375,18.793126],[98.980864,18.793181],[98.980853,18.79345],[98.980332,18.793415],[98.980375,18.793126]]]}},{"type":"Feature","properties":{"k":"temple","n":"Wat Dubphai"},"geometry":{"type":"Polygon","coordinates":[[[98.98107,18.79258],[98.981936,18.792626],[98.981909,18.793075],[98.981043,18.793029],[98.98107,18.79258]]]}},{"type":"Feature","properties":{"k":"campus","n":"Singapore International School Chiangmai"},"geometry":{"type":"Polygon","coordinates":[[[98.979921,18.797508],[98.979414,18.796544],[98.980413,18.796516],[98.980691,18.797163],[98.979921,18.797508]]]}},{"type":"Feature","properties":{"k":"campus","n":"Suep Nathi Tham School"},"geometry":{"type":"Polygon","coordinates":[[[98.989916,18.733505],[98.989302,18.733668],[98.989106,18.733289],[98.988844,18.732969],[98.988667,18.732675],[98.988487,18.732253],[98.988409,18.731968],[98.988368,18.731624],[98.988388,18.731308],[98.989411,18.731426],[98.989916,18.733505]]]}},{"type":"Feature","properties":{"k":"market","n":"Boreboom Market"},"geometry":{"type":"Polygon","coordinates":[[[98.982088,18.815272],[98.982093,18.815132],[98.982466,18.81515],[98.982565,18.814993],[98.982659,18.81495],[98.982774,18.814967],[98.982626,18.815307],[98.982088,18.815272]]]}},{"type":"Feature","properties":{"k":"campus","n":"Wat Khuang Sing School"},"geometry":{"type":"Polygon","coordinates":[[[98.982525,18.81323],[98.982541,18.813118],[98.983056,18.813184],[98.98304,18.813296],[98.982525,18.81323]]]}},{"type":"Feature","properties":{"k":"temple","n":"Wat Khuang Sing"},"geometry":{"type":"Polygon","coordinates":[[[98.982438,18.81295],[98.982443,18.812806],[98.982774,18.812817],[98.982769,18.812961],[98.982438,18.81295]]]}},{"type":"Feature","properties":{"k":"market","n":"Khamtiang Flower Market"},"geometry":{"type":"Polygon","coordinates":[[[98.99707,18.805822],[98.99715,18.804832],[98.997681,18.80438],[98.997814,18.804836],[99.001108,18.80424],[99.001501,18.804997],[99.001383,18.805035],[99.000736,18.805104],[98.999664,18.80505],[98.99957,18.806189],[98.999415,18.806845],[98.999291,18.807165],[98.998928,18.807185],[98.998521,18.807432],[98.99751,18.807601],[98.996211,18.807624],[98.996227,18.808678],[98.995691,18.808683],[98.995413,18.807183],[98.995419,18.806494],[98.996562,18.806504],[98.99707,18.805822]]]}},{"type":"Feature","properties":{"k":"temple","n":"Wat Phuak Taem"},"geometry":{"type":"Polygon","coordinates":[[[98.983374,18.782708],[98.983293,18.782746],[98.982942,18.782766],[98.982779,18.782721],[98.982721,18.782107],[98.983429,18.78212],[98.983374,18.782708]]]}},{"type":"Feature","properties":{"k":"temple","n":"สมาคมจีนเตี้ยเอี้ยเชียงใหม่"},"geometry":{"type":"Polygon","coordinates":[[[98.978085,18.78378],[98.978455,18.783758],[98.978463,18.784097],[98.97811,18.784132],[98.978085,18.78378]]]}},{"type":"Feature","properties":{"k":"campus","n":"Wat Muen Ngoen Kong School"},"geometry":{"type":"Polygon","coordinates":[[[98.980311,18.785719],[98.980248,18.785329],[98.981051,18.785345],[98.981044,18.785707],[98.980311,18.785719]]]}},{"type":"Feature","properties":{"k":"campus","n":"Mayuree Kindergarten"},"geometry":{"type":"Polygon","coordinates":[[[98.968475,18.75174],[98.968506,18.751558],[98.968725,18.751592],[98.968694,18.751774],[98.968475,18.75174]]]}},{"type":"Feature","properties":{"k":"hospital","n":"Center for Geriatric Medicine"},"geometry":{"type":"Polygon","coordinates":[[[98.968997,18.756629],[98.968685,18.756169],[98.969382,18.756169],[98.969607,18.756201],[98.969645,18.756679],[98.968997,18.756629]]]}},{"type":"Feature","properties":{"k":"temple","n":"Ho Inthakhin City Pillar Shrine Chiang Mai"},"geometry":{"type":"Polygon","coordinates":[[[98.98776,18.786835],[98.987772,18.786716],[98.987875,18.786726],[98.987862,18.786845],[98.98776,18.786835]]]}},{"type":"Feature","properties":{"k":"hospital","n":"Chang Phuak Branch Nakorn Ping Hospital"},"geometry":{"type":"Polygon","coordinates":[[[98.970145,18.809417],[98.970132,18.809514],[98.970203,18.809522],[98.970195,18.80958],[98.970124,18.809572],[98.970114,18.809646],[98.970017,18.809634],[98.970048,18.809406],[98.970145,18.809417]]]}},{"type":"Feature","properties":{"k":"campus","n":"Faculty of Art and Architecture"},"geometry":{"type":"Polygon","coordinates":[[[98.971041,18.810267],[98.972113,18.810229],[98.971745,18.81117],[98.970454,18.811182],[98.970401,18.811133],[98.970195,18.811132],[98.970549,18.809985],[98.970813,18.810046],[98.971041,18.810267]]]}},{"type":"Feature","properties":{"k":"market"},"geometry":{"type":"Polygon","coordinates":[[[98.998057,18.747686],[98.997846,18.747477],[98.997931,18.7474],[98.998142,18.74761],[98.998057,18.747686]]]}},{"type":"Feature","properties":{"k":"market","n":"Thongkham Market"},"geometry":{"type":"Polygon","coordinates":[[[99.008084,18.785698],[99.008632,18.785177],[99.008622,18.785893],[99.008084,18.785698]]]}},{"type":"Feature","properties":{"k":"temple","n":"Wat Nantaram"},"geometry":{"type":"Polygon","coordinates":[[[98.985685,18.773897],[98.985856,18.77386],[98.986457,18.773997],[98.98657,18.773897],[98.986764,18.773929],[98.986788,18.773866],[98.987085,18.773924],[98.987094,18.774063],[98.987173,18.774078],[98.987064,18.774497],[98.987155,18.77454],[98.98702,18.77498],[98.986909,18.775117],[98.986775,18.775493],[98.985667,18.775187],[98.98577,18.774683],[98.985582,18.774631],[98.985685,18.773897]]]}},{"type":"Feature","properties":{"k":"temple","n":"Wat Langka"},"geometry":{"type":"Polygon","coordinates":[[[99.006114,18.811557],[99.006396,18.811552],[99.006398,18.811647],[99.006115,18.811651],[99.006114,18.811557]]]}},{"type":"Feature","properties":{"k":"campus"},"geometry":{"type":"Polygon","coordinates":[[[98.955713,18.845558],[98.955565,18.844996],[98.955967,18.844381],[98.956756,18.844319],[98.956762,18.844632],[98.957199,18.844621],[98.957179,18.845728],[98.955713,18.845558]]]}},{"type":"Feature","properties":{"k":"wall"},"geometry":{"type":"Polygon","coordinates":[[[98.978171,18.788734],[98.978151,18.788333],[98.978206,18.788331],[98.978225,18.788732],[98.978171,18.788734]]]}},{"type":"Feature","properties":{"k":"campus","n":"Chiang Mai University Demonstration School"},"geometry":{"type":"Polygon","coordinates":[[[98.953388,18.796311],[98.953384,18.793901],[98.955721,18.79418],[98.955417,18.795706],[98.955,18.795651],[98.955078,18.795251],[98.954178,18.795125],[98.954087,18.795738],[98.954041,18.796334],[98.953512,18.796408],[98.953388,18.796311]]]}},{"type":"Feature","properties":{"k":"temple"},"geometry":{"type":"Polygon","coordinates":[[[99.051384,18.731039],[99.052078,18.73088],[99.052301,18.731599],[99.050989,18.732084],[99.050876,18.732068],[99.050726,18.731961],[99.050555,18.731733],[99.050458,18.731472],[99.050808,18.731274],[99.051384,18.731039]]]}},{"type":"Feature","properties":{"k":"market","n":"Anusarn Market"},"geometry":{"type":"Polygon","coordinates":[[[99.001788,18.782819],[99.001039,18.782877],[99.001077,18.78314],[99.000242,18.7833],[99.000037,18.782272],[99.000975,18.782324],[99.001039,18.781832],[99.001422,18.781875],[99.00144,18.782473],[99.00152,18.782469],[99.001522,18.78254],[99.001786,18.782514],[99.001788,18.782304],[99.002155,18.782315],[99.002505,18.782204],[99.002708,18.782202],[99.002713,18.782289],[99.002976,18.782312],[99.002967,18.782555],[99.002898,18.782572],[99.002902,18.782847],[99.002569,18.78285],[99.002539,18.7828],[99.001793,18.782939],[99.001788,18.782819]]]}},{"type":"Feature","properties":{"k":"temple"},"geometry":{"type":"Polygon","coordinates":[[[98.998013,18.783642],[98.9981,18.783669],[98.998075,18.783743],[98.997988,18.783716],[98.998013,18.783642]]]}},{"type":"Feature","properties":{"k":"temple","n":"Wat Up Khut"},"geometry":{"type":"Polygon","coordinates":[[[99.000953,18.78705],[99.001544,18.786942],[99.001666,18.787699],[99.001145,18.787813],[99.001121,18.78779],[99.001004,18.787368],[99.000953,18.78705]]]}},{"type":"Feature","properties":{"k":"campus","n":"The Chiang Mai Christian School"},"geometry":{"type":"Polygon","coordinates":[[[99.005536,18.786919],[99.005281,18.786955],[99.005274,18.78691],[99.005222,18.786918],[99.005213,18.786861],[99.005264,18.786854],[99.005259,18.786828],[99.005516,18.786791],[99.005536,18.786919]]]}},{"type":"Feature","properties":{"k":"worship"},"geometry":{"type":"Polygon","coordinates":[[[99.006932,18.792203],[99.006872,18.791944],[99.007063,18.791858],[99.007118,18.792162],[99.006932,18.792203]]]}},{"type":"Feature","properties":{"k":"temple","n":"Wat Mueang Lang"},"geometry":{"type":"Polygon","coordinates":[[[98.995091,18.820367],[98.995334,18.8204],[98.995319,18.8205],[98.995076,18.820467],[98.995091,18.820367]]]}},{"type":"Feature","properties":{"k":"temple","n":"Wat Ket Karam"},"geometry":{"type":"Polygon","coordinates":[[[99.002851,18.792446],[99.002849,18.79251],[99.002539,18.792502],[99.00254,18.792437],[99.002851,18.792446]]]}},{"type":"Feature","properties":{"k":"market","n":"Talatsot Chumchon Wat Ban Tho"},"geometry":{"type":"Polygon","coordinates":[[[98.989383,18.8369],[98.989628,18.837021],[98.989897,18.837074],[98.989863,18.83717],[98.989679,18.837144],[98.989614,18.837455],[98.989226,18.837388],[98.989383,18.8369]]]}},{"type":"Feature","properties":{"k":"temple","n":"Wat Ban Tho"},"geometry":{"type":"Polygon","coordinates":[[[98.988791,18.83717],[98.98855,18.837121],[98.988571,18.83703],[98.988812,18.837082],[98.988791,18.83717]]]}},{"type":"Feature","properties":{"k":"hospital","n":"Lanna Hospital"},"geometry":{"type":"Polygon","coordinates":[[[98.989995,18.813358],[98.98984,18.81237],[98.991393,18.812154],[98.991763,18.812083],[98.991862,18.813322],[98.989995,18.813358]]]}},{"type":"Feature","properties":{"k":"campus","n":"International College of Digital Innovation"},"geometry":{"type":"Polygon","coordinates":[[[98.96711,18.793949],[98.967079,18.793799],[98.967405,18.793739],[98.967436,18.793887],[98.967324,18.793907],[98.967312,18.793848],[98.967216,18.793866],[98.967229,18.793928],[98.96711,18.793949]]]}},{"type":"Feature","properties":{"k":"campus","n":"Wat San Sai Mun School"},"geometry":{"type":"Polygon","coordinates":[[[99.030577,18.818211],[99.030863,18.818648],[99.030103,18.818915],[99.029851,18.818426],[99.030577,18.818211]]]}},{"type":"Feature","properties":{"k":"market","n":"Sam Yaek Market"},"geometry":{"type":"Polygon","coordinates":[[[99.028415,18.811671],[99.02725,18.810863],[99.027487,18.810516],[99.028231,18.811041],[99.0283,18.811164],[99.028415,18.811671]]]}},{"type":"Feature","properties":{"k":"temple","n":"Wat Ram Poeng (Tapotaram)"},"geometry":{"type":"Polygon","coordinates":[[[98.94942,18.775371],[98.948615,18.775547],[98.947995,18.775479],[98.947738,18.774425],[98.949047,18.774194],[98.94942,18.775371]]]}},{"type":"Feature","properties":{"k":"temple","n":"Wat Chang Kian"},"geometry":{"type":"Polygon","coordinates":[[[98.960364,18.808455],[98.960288,18.808302],[98.960472,18.80822],[98.960519,18.808314],[98.960564,18.808294],[98.960593,18.808353],[98.960364,18.808455]]]}},{"type":"Feature","properties":{"k":"temple","n":"Wat Khuan Kama"},"geometry":{"type":"Polygon","coordinates":[[[98.98332,18.795086],[98.983326,18.79504],[98.98337,18.795015],[98.984051,18.794946],[98.984071,18.794983],[98.984099,18.795377],[98.98339,18.795404],[98.98332,18.795086]]]}},{"type":"Feature","properties":{"k":"temple"},"geometry":{"type":"Polygon","coordinates":[[[98.97914,18.781025],[98.979122,18.780838],[98.979253,18.780824],[98.97927,18.781017],[98.97914,18.781025]]]}},{"type":"Feature","properties":{"k":"campus","n":"Chiang Mai Polytechnic College"},"geometry":{"type":"Polygon","coordinates":[[[98.964552,18.803252],[98.965573,18.802727],[98.96582,18.803149],[98.965693,18.803216],[98.965858,18.80358],[98.965688,18.803638],[98.965142,18.803506],[98.964985,18.803597],[98.96472,18.803541],[98.964552,18.803252]]]}},{"type":"Feature","properties":{"k":"temple"},"geometry":{"type":"Polygon","coordinates":[[[98.995919,18.754101],[98.995885,18.754031],[98.996055,18.753973],[98.996085,18.754047],[98.995919,18.754101]]]}},{"type":"Feature","properties":{"k":"temple","n":"Wat Kong Sai"},"geometry":{"type":"Polygon","coordinates":[[[99.020635,18.730694],[99.019979,18.730452],[99.019672,18.730397],[99.019431,18.730389],[99.019449,18.730272],[99.019651,18.730004],[99.019937,18.72969],[99.020229,18.729248],[99.020587,18.729325],[99.020545,18.729588],[99.021188,18.729652],[99.021165,18.729795],[99.020891,18.730186],[99.020635,18.730694]]]}},{"type":"Feature","properties":{"k":"market"},"geometry":{"type":"Polygon","coordinates":[[[99.021118,18.731076],[99.020901,18.730899],[99.02094,18.730843],[99.021165,18.731003],[99.021118,18.731076]]]}},{"type":"Feature","properties":{"k":"temple"},"geometry":{"type":"Polygon","coordinates":[[[98.93394,18.80076],[98.934049,18.800712],[98.934094,18.800803],[98.933984,18.800851],[98.93394,18.80076]]]}},{"type":"Feature","properties":{"k":"temple","n":"Wat Ou Sai Kham"},"geometry":{"type":"Polygon","coordinates":[[[98.994784,18.789353],[98.994869,18.78958],[98.99448,18.789694],[98.994381,18.789461],[98.994784,18.789353]]]}},{"type":"Feature","properties":{"k":"temple","n":"Wat Si Ping Mueang"},"geometry":{"type":"Polygon","coordinates":[[[98.982269,18.771058],[98.982665,18.771107],[98.983023,18.771207],[98.982705,18.771634],[98.982167,18.771489],[98.982269,18.771058]]]}},{"type":"Feature","properties":{"k":"market"},"geometry":{"type":"Polygon","coordinates":[[[98.993014,18.773046],[98.99303,18.77286],[98.993232,18.772876],[98.993241,18.772783],[98.993467,18.772801],[98.993459,18.772894],[98.993642,18.772909],[98.993626,18.773094],[98.993014,18.773046]]]}},{"type":"Feature","properties":{"k":"temple","n":"Wat Ku Tao"},"geometry":{"type":"Polygon","coordinates":[[[98.988049,18.802186],[98.989224,18.802281],[98.989203,18.802943],[98.988124,18.802944],[98.988049,18.802186]]]}},{"type":"Feature","properties":{"k":"campus","n":"Institute of Physical Education Chiangmai"},"geometry":{"type":"Polygon","coordinates":[[[98.990413,18.799523],[98.991261,18.79954],[98.991277,18.800367],[98.991304,18.80052],[98.990657,18.80064],[98.990596,18.800485],[98.990374,18.800534],[98.990311,18.800345],[98.990086,18.800405],[98.99002,18.80011],[98.99009,18.799514],[98.990413,18.799523]]]}},{"type":"Feature","properties":{"k":"temple"},"geometry":{"type":"Polygon","coordinates":[[[98.985933,18.751814],[98.985889,18.75171],[98.986126,18.751622],[98.986169,18.751726],[98.985933,18.751814]]]}},{"type":"Feature","properties":{"k":"worship"},"geometry":{"type":"Polygon","coordinates":[[[98.973393,18.815181],[98.973402,18.815394],[98.973243,18.8154],[98.973234,18.815187],[98.973393,18.815181]]]}},{"type":"Feature","properties":{"k":"market","n":"Kad Kom"},"geometry":{"type":"Polygon","coordinates":[[[98.989654,18.775467],[98.989774,18.774822],[98.990318,18.774897],[98.990243,18.775148],[98.990045,18.775117],[98.989966,18.775518],[98.989654,18.775467]]]}},{"type":"Feature","properties":{"k":"temple","n":"Wat Yang Kuang"},"geometry":{"type":"Polygon","coordinates":[[[98.988864,18.776181],[98.988844,18.775703],[98.988892,18.775488],[98.988803,18.775474],[98.988815,18.77541],[98.989365,18.775506],[98.989216,18.776209],[98.988864,18.776181]]]}},{"type":"Feature","properties":{"k":"temple","n":"Guan Im Chinese Temple"},"geometry":{"type":"Polygon","coordinates":[[[98.996812,18.799705],[98.996689,18.799436],[98.996995,18.799311],[98.997117,18.79958],[98.996812,18.799705]]]}},{"type":"Feature","properties":{"k":"market","n":"Mueang Samut Market"},"geometry":{"type":"Polygon","coordinates":[[[98.996825,18.796373],[98.997483,18.796231],[98.997541,18.796473],[98.996883,18.796615],[98.996825,18.796373]]]}},{"type":"Feature","properties":{"k":"temple"},"geometry":{"type":"Polygon","coordinates":[[[98.991034,18.782041],[98.991028,18.782055],[98.990983,18.782037],[98.990962,18.782002],[98.990982,18.781945],[98.99104,18.781934],[98.991086,18.781958],[98.991087,18.782016],[98.991034,18.782041]]]}},{"type":"Feature","properties":{"k":"temple","n":"Wat Phra Chao Meng Rai"},"geometry":{"type":"Polygon","coordinates":[[[98.984525,18.784806],[98.984354,18.785531],[98.983778,18.785445],[98.983902,18.784669],[98.984525,18.784806]]]}},{"type":"Feature","properties":{"k":"temple","n":"Wat Inthakhin Sadue Muang"},"geometry":{"type":"Polygon","coordinates":[[[98.986687,18.789771],[98.986685,18.789289],[98.987362,18.789286],[98.987364,18.789768],[98.986687,18.789771]]]}},{"type":"Feature","properties":{"k":"temple","n":"Wat Sam Pao"},"geometry":{"type":"Polygon","coordinates":[[[98.990345,18.788489],[98.990351,18.788036],[98.990807,18.787993],[98.990817,18.788422],[98.990688,18.78844],[98.990685,18.788476],[98.990345,18.788489]]]}},{"type":"Feature","properties":{"k":"temple","n":"วัดเมธัง"},"geometry":{"type":"Polygon","coordinates":[[[98.978528,18.785721],[98.978533,18.785248],[98.979008,18.785252],[98.979004,18.785725],[98.978528,18.785721]]]}},{"type":"Feature","properties":{"k":"temple","n":"Wat Pan Whaen"},"geometry":{"type":"Polygon","coordinates":[[[98.985288,18.783235],[98.985454,18.782765],[98.98613,18.782836],[98.986211,18.783184],[98.985873,18.783189],[98.985835,18.78338],[98.985288,18.783235]]]}},{"type":"Feature","properties":{"k":"temple","n":"Wat Lok Molee"},"geometry":{"type":"Polygon","coordinates":[[[98.982229,18.795931],[98.982826,18.795909],[98.982866,18.796518],[98.982886,18.796516],[98.982909,18.796806],[98.982881,18.7969],[98.982503,18.796921],[98.98247,18.796713],[98.982352,18.796731],[98.982311,18.796524],[98.982262,18.796429],[98.982229,18.795931]]]}},{"type":"Feature","properties":{"k":"temple","n":"Wat Santi Tham"},"geometry":{"type":"Polygon","coordinates":[[[98.98081,18.799307],[98.979179,18.800053],[98.979235,18.800175],[98.978739,18.800414],[98.978498,18.799794],[98.979774,18.799378],[98.979892,18.799389],[98.980695,18.799045],[98.98081,18.799307]]]}},{"type":"Feature","properties":{"k":"temple","n":"วัดปันเส่า"},"geometry":{"type":"Polygon","coordinates":[[[98.976852,18.791859],[98.977981,18.791919],[98.97801,18.792515],[98.977379,18.792526],[98.977378,18.79239],[98.976771,18.792375],[98.97682,18.792272],[98.976852,18.791859]]]}},{"type":"Feature","properties":{"k":"temple","n":"Wat Pan Sao"},"geometry":{"type":"Polygon","coordinates":[[[98.977533,18.792215],[98.977533,18.792148],[98.977675,18.792147],[98.977675,18.792214],[98.977533,18.792215]]]}},{"type":"Feature","properties":{"k":"temple","n":"วัดหนองคำ"},"geometry":{"type":"Polygon","coordinates":[[[98.997092,18.790221],[98.997023,18.790323],[98.996532,18.7908],[98.996046,18.790714],[98.995891,18.790274],[98.99607,18.79015],[98.996076,18.790076],[98.996215,18.790071],[98.996229,18.78998],[98.996457,18.789924],[98.996607,18.78997],[98.996593,18.790031],[98.996797,18.790074],[98.997092,18.790221]]]}},{"type":"Feature","properties":{"k":"temple","n":"Wat Pa Phrao Nok"},"geometry":{"type":"Polygon","coordinates":[[[98.996733,18.763579],[98.996317,18.763082],[98.996492,18.762901],[98.997251,18.762546],[98.997479,18.762947],[98.996733,18.763579]]]}},{"type":"Feature","properties":{"k":"temple","n":"Wat Puak Pia"},"geometry":{"type":"Polygon","coordinates":[[[98.981147,18.779618],[98.980331,18.779658],[98.980257,18.77911],[98.981096,18.779091],[98.981147,18.779618]]]}},{"type":"Feature","properties":{"k":"campus","n":"โรงเรียนเชตุพนศึกษา"},"geometry":{"type":"Polygon","coordinates":[[[99.003138,18.797382],[99.003176,18.797387],[99.003167,18.797453],[99.003129,18.797449],[99.00312,18.797514],[99.00315,18.797518],[99.003142,18.797577],[99.003111,18.797573],[99.003108,18.797595],[99.002987,18.79758],[99.003043,18.797191],[99.003113,18.7972],[99.003096,18.797315],[99.003147,18.797322],[99.003138,18.797382]]]}},{"type":"Feature","properties":{"k":"temple","n":"Wat Tha Srikhong"},"geometry":{"type":"Polygon","coordinates":[[[99.001299,18.796179],[99.000977,18.796072],[99.000841,18.795968],[99.000763,18.795836],[99.000758,18.795752],[99.001519,18.795658],[99.001551,18.795889],[99.001517,18.796019],[99.00138,18.796169],[99.001299,18.796179]]]}},{"type":"Feature","properties":{"k":"temple","n":"วัดพันอ้น"},"geometry":{"type":"Polygon","coordinates":[[[98.990298,18.787968],[98.990335,18.787274],[98.990824,18.787203],[98.990832,18.787295],[98.991213,18.787264],[98.991301,18.787908],[98.990298,18.787968]]]}},{"type":"Feature","properties":{"k":"campus","n":"YMCA"},"geometry":{"type":"Polygon","coordinates":[[[99.003582,18.759143],[99.00332,18.75814],[99.003362,18.758091],[99.003494,18.758011],[99.003574,18.757798],[99.003945,18.757817],[99.003874,18.758257],[99.003906,18.758421],[99.004103,18.758662],[99.003582,18.759143]]]}},{"type":"Feature","properties":{"k":"campus","n":"Hotel And Tourism Managament School"},"geometry":{"type":"Polygon","coordinates":[[[98.996349,18.819573],[98.996405,18.819502],[98.996494,18.819553],[98.996429,18.819626],[98.996349,18.819573]]]}},{"type":"Feature","properties":{"k":"market","n":"Kad Manee market"},"geometry":{"type":"Polygon","coordinates":[[[98.979112,18.770967],[98.97931,18.770612],[98.979706,18.77081],[98.979509,18.771164],[98.979327,18.771073],[98.979366,18.771002],[98.979274,18.770956],[98.979234,18.771028],[98.979112,18.770967]]]}},{"type":"Feature","properties":{"k":"market","n":"Mae Kuang Market"},"geometry":{"type":"Polygon","coordinates":[[[99.052864,18.8306],[99.052743,18.830726],[99.052505,18.830767],[99.052442,18.830333],[99.052482,18.83029],[99.052864,18.8306]]]}},{"type":"Feature","properties":{"k":"campus","n":"Ban Phra Non School"},"geometry":{"type":"Polygon","coordinates":[[[98.97407,18.842107],[98.974213,18.84216],[98.974044,18.842568],[98.973902,18.842515],[98.97407,18.842107]]]}},{"type":"Feature","properties":{"k":"temple","n":"Wat Mae Yuak"},"geometry":{"type":"Polygon","coordinates":[[[98.976958,18.838214],[98.97695,18.838149],[98.97719,18.838122],[98.977198,18.838187],[98.976958,18.838214]]]}},{"type":"Feature","properties":{"k":"temple","n":"Buddha Dhamma Nonghor Monastery"},"geometry":{"type":"Polygon","coordinates":[[[98.953009,18.827846],[98.952896,18.827959],[98.952941,18.828042],[98.95314,18.82806],[98.953151,18.828531],[98.952733,18.828614],[98.952645,18.828654],[98.952605,18.828772],[98.952589,18.829027],[98.951065,18.829448],[98.950592,18.828206],[98.95206,18.827429],[98.953009,18.827846]]]}},{"type":"Feature","properties":{"k":"market"},"geometry":{"type":"Polygon","coordinates":[[[98.93126,18.763623],[98.931389,18.763448],[98.93149,18.763515],[98.931362,18.76369],[98.93126,18.763623]]]}},{"type":"Feature","properties":{"k":"worship"},"geometry":{"type":"Polygon","coordinates":[[[99.029338,18.791378],[99.02938,18.791198],[99.029437,18.791214],[99.02941,18.791391],[99.029338,18.791378]]]}},{"type":"Feature","properties":{"k":"campus","n":"Baan Nongkrai School"},"geometry":{"type":"Polygon","coordinates":[[[99.02112,18.847955],[99.021399,18.84761],[99.02193,18.847995],[99.02165,18.84834],[99.02112,18.847955]]]}},{"type":"Feature","properties":{"k":"terminal"},"geometry":{"type":"Polygon","coordinates":[[[98.96821,18.767426],[98.968212,18.766779],[98.96829,18.76678],[98.968288,18.767359],[98.968385,18.767359],[98.968385,18.767427],[98.96821,18.767426]]]}},{"type":"Feature","properties":{"k":"temple"},"geometry":{"type":"Polygon","coordinates":[[[98.992392,18.782598],[98.992385,18.782531],[98.992588,18.78252],[98.992604,18.782553],[98.992595,18.782585],[98.99255,18.782597],[98.992392,18.782598]]]}},{"type":"Feature","properties":{"k":"terminal"},"geometry":{"type":"Polygon","coordinates":[[[98.968151,18.770609],[98.968154,18.77173],[98.968089,18.771729],[98.968091,18.770571],[98.968355,18.770441],[98.968381,18.770489],[98.968151,18.770609]]]}},{"type":"Feature","properties":{"k":"temple"},"geometry":{"type":"Polygon","coordinates":[[[98.989917,18.782072],[98.989881,18.782072],[98.989885,18.781909],[98.990087,18.781908],[98.990084,18.781984],[98.990117,18.781985],[98.990114,18.782088],[98.989917,18.782072]]]}},{"type":"Feature","properties":{"k":"wall"},"geometry":{"type":"Polygon","coordinates":[[[98.992782,18.781452],[98.992808,18.781564],[98.992783,18.78161],[98.992683,18.781415],[98.992598,18.781341],[98.992491,18.781313],[98.992494,18.781279],[98.992662,18.781303],[98.992681,18.781244],[98.992752,18.781243],[98.992789,18.78127],[98.992806,18.78132],[98.99281,18.781366],[98.992764,18.781383],[98.992782,18.781452]]]}},{"type":"Feature","properties":{"k":"temple","n":"Wat Ubosot"},"geometry":{"type":"Polygon","coordinates":[[[99.007712,18.732009],[99.008332,18.731947],[99.008354,18.732794],[99.007769,18.732798],[99.007712,18.732009]]]}},{"type":"Feature","properties":{"k":"temple","n":"หอสมเด็จพระพุทธปัญญาธรรม"},"geometry":{"type":"Polygon","coordinates":[[[98.954174,18.794325],[98.954178,18.794195],[98.954265,18.794198],[98.954261,18.794327],[98.954174,18.794325]]]}},{"type":"Feature","properties":{"k":"temple","n":"วิหารหลวงพ่อทันใจ พระครูบาเจ้าเทือง นาถสีโล"},"geometry":{"type":"Polygon","coordinates":[[[98.974546,18.789578],[98.974546,18.789504],[98.974642,18.789504],[98.974642,18.789578],[98.974546,18.789578]]]}},{"type":"Feature","properties":{"k":"temple","n":"Wat Faihin"},"geometry":{"type":"Polygon","coordinates":[[[98.946471,18.798027],[98.946535,18.79792],[98.946723,18.797908],[98.946728,18.797793],[98.946911,18.797793],[98.946935,18.798525],[98.946312,18.798544],[98.946263,18.798032],[98.946471,18.798027]]]}},{"type":"Feature","properties":{"k":"worship"},"geometry":{"type":"Polygon","coordinates":[[[98.967894,18.749341],[98.967871,18.749178],[98.968196,18.749136],[98.968219,18.7493],[98.967894,18.749341]]]}},{"type":"Feature","properties":{"k":"campus","n":"Ban Pong Noi School"},"geometry":{"type":"Polygon","coordinates":[[[98.944149,18.770349],[98.943896,18.769467],[98.944336,18.769372],[98.944373,18.769214],[98.945344,18.769508],[98.945316,18.769933],[98.945353,18.770165],[98.944959,18.770202],[98.944149,18.770349]]]}},{"type":"Feature","properties":{"k":"worship"},"geometry":{"type":"Polygon","coordinates":[[[99.019366,18.807794],[99.019553,18.807782],[99.01956,18.807874],[99.019528,18.807876],[99.01953,18.807905],[99.019374,18.807915],[99.019366,18.807794]]]}},{"type":"Feature","properties":{"k":"campus","n":"Dara Academy"},"geometry":{"type":"Polygon","coordinates":[[[99.013038,18.799233],[99.01264,18.799785],[99.011576,18.799238],[99.011707,18.798857],[99.011325,18.798713],[99.011478,18.798475],[99.011644,18.798038],[99.011818,18.79682],[99.012157,18.796527],[99.012135,18.796504],[99.013,18.795572],[99.014049,18.794589],[99.014376,18.794597],[99.014446,18.79463],[99.014436,18.794669],[99.015452,18.794748],[99.0152,18.79573],[99.015304,18.795756],[99.015222,18.796076],[99.015151,18.796177],[99.015202,18.796232],[99.014883,18.796727],[99.014781,18.79676],[99.014573,18.79669],[99.014406,18.797118],[99.014129,18.797474],[99.013948,18.797417],[99.013679,18.798141],[99.013657,18.798347],[99.013775,18.798433],[99.01348,18.798776],[99.012955,18.799096],[99.013038,18.799233]]]}},{"type":"Feature","properties":{"k":"market","n":"Ming Muang market"},"geometry":{"type":"Polygon","coordinates":[[[98.992844,18.791496],[98.993033,18.791436],[98.993085,18.791705],[98.992934,18.791752],[98.992844,18.791496]]]}},{"type":"Feature","properties":{"k":"worship"},"geometry":{"type":"Polygon","coordinates":[[[98.983013,18.78672],[98.983009,18.786625],[98.983354,18.786611],[98.983358,18.786705],[98.983181,18.786713],[98.983182,18.786753],[98.983081,18.786758],[98.983079,18.786717],[98.983013,18.78672]]]}},{"type":"Feature","properties":{"k":"hospital","n":"Fort Kawila Hospital"},"geometry":{"type":"Polygon","coordinates":[[[99.01413,18.779183],[99.014075,18.779213],[99.013505,18.777755],[99.015891,18.776829],[99.016408,18.777921],[99.01413,18.779183]]]}},{"type":"Feature","properties":{"k":"campus","n":"Sri Nehru School"},"geometry":{"type":"Polygon","coordinates":[[[98.905412,18.841838],[98.904946,18.840584],[98.905537,18.840387],[98.906002,18.841641],[98.905412,18.841838]]]}},{"type":"Feature","properties":{"k":"campus","n":"Meritton British International School"},"geometry":{"type":"Polygon","coordinates":[[[98.942073,18.730298],[98.941313,18.730953],[98.940324,18.730119],[98.940137,18.729991],[98.939947,18.729929],[98.940027,18.729808],[98.940145,18.729919],[98.940344,18.729978],[98.940792,18.729924],[98.941143,18.729806],[98.941511,18.729777],[98.942073,18.730298]]]}},{"type":"Feature","properties":{"k":"campus"},"geometry":{"type":"Polygon","coordinates":[[[99.004063,18.794703],[99.004127,18.79529],[99.002904,18.794762],[99.002851,18.79467],[99.002894,18.794338],[99.003883,18.794556],[99.003899,18.794665],[99.004063,18.794703]]]}},{"type":"Feature","properties":{"k":"temple","n":"Wat Pa Chi"},"geometry":{"type":"Polygon","coordinates":[[[98.937354,18.745665],[98.936365,18.74573],[98.936285,18.745778],[98.936264,18.745826],[98.936281,18.746165],[98.936257,18.746233],[98.935855,18.745986],[98.935477,18.745875],[98.935715,18.745539],[98.93697,18.745151],[98.936999,18.745223],[98.937216,18.74516],[98.937354,18.745665]]]}},{"type":"Feature","properties":{"k":"temple","n":"Wat Phra Non Khon Muang"},"geometry":{"type":"Polygon","coordinates":[[[98.977909,18.845372],[98.977731,18.845367],[98.977733,18.845286],[98.977911,18.845291],[98.977909,18.845372]]]}},{"type":"Feature","properties":{"k":"worship"},"geometry":{"type":"Polygon","coordinates":[[[99.002076,18.789888],[99.002122,18.789796],[99.002261,18.78988],[99.002239,18.789991],[99.002076,18.789888]]]}},{"type":"Feature","properties":{"k":"worship"},"geometry":{"type":"Polygon","coordinates":[[[99.00012,18.790143],[98.999951,18.790076],[99.000032,18.78993],[99.000192,18.789997],[99.00012,18.790143]]]}},{"type":"Feature","properties":{"k":"hospital","n":"Lanna Hospital - New Building"},"geometry":{"type":"Polygon","coordinates":[[[98.993388,18.81548],[98.993837,18.815463],[98.993824,18.815162],[98.994772,18.815126],[98.994791,18.815558],[98.993393,18.815612],[98.993388,18.81548]]]}},{"type":"Feature","properties":{"k":"temple","n":"Wat Phra Chedi"},"geometry":{"type":"Polygon","coordinates":[[[99.036956,18.812247],[99.037467,18.812618],[99.037407,18.812696],[99.036749,18.812639],[99.036798,18.812489],[99.036757,18.812461],[99.036956,18.812247]]]}},{"type":"Feature","properties":{"k":"temple","n":"Wat Mae Kuang"},"geometry":{"type":"Polygon","coordinates":[[[99.05164,18.828254],[99.051456,18.828345],[99.051389,18.828426],[99.051313,18.828341],[99.051346,18.828023],[99.051502,18.827786],[99.051474,18.82744],[99.052168,18.827737],[99.052083,18.828213],[99.051801,18.828208],[99.05164,18.828254]]]}},{"type":"Feature","properties":{"k":"market","n":"Kad Ruam Chok"},"geometry":{"type":"Polygon","coordinates":[[[99.011861,18.825329],[99.01189,18.825327],[99.011917,18.825721],[99.011582,18.825741],[99.011576,18.825642],[99.011179,18.825665],[99.011177,18.825625],[99.011078,18.825631],[99.011061,18.825376],[99.011861,18.825329]]]}},{"type":"Feature","properties":{"k":"hospital","n":"OPD Sriphat Center"},"geometry":{"type":"Polygon","coordinates":[[[98.970694,18.790698],[98.970696,18.790468],[98.970975,18.79047],[98.970973,18.7907],[98.970694,18.790698]]]}},{"type":"Feature","properties":{"k":"hospital","n":"Chiangmai Klaimor Hospital"},"geometry":{"type":"Polygon","coordinates":[[[98.971593,18.760324],[98.971917,18.760276],[98.97198,18.760364],[98.972185,18.760236],[98.972358,18.760561],[98.972479,18.760858],[98.972385,18.760922],[98.972496,18.761073],[98.972543,18.761042],[98.972595,18.761107],[98.972547,18.761141],[98.972587,18.761195],[98.972473,18.761271],[98.97228,18.761351],[98.971593,18.760324]]]}},{"type":"Feature","properties":{"k":"hospital","n":"ร้านขายยา"},"geometry":{"type":"Polygon","coordinates":[[[98.941775,18.748145],[98.941752,18.748058],[98.941844,18.748031],[98.941868,18.74812],[98.941775,18.748145]]]}},{"type":"Feature","properties":{"k":"hospital","n":"Chiangmai Ram Health Centre"},"geometry":{"type":"Polygon","coordinates":[[[98.976648,18.793756],[98.976769,18.793101],[98.976065,18.793104],[98.976462,18.792715],[98.976771,18.792375],[98.977378,18.79239],[98.977379,18.792526],[98.97801,18.792515],[98.978045,18.793381],[98.97745,18.793401],[98.977268,18.793469],[98.97712,18.793746],[98.976648,18.793756]]]}},{"type":"Feature","properties":{"k":"hospital","n":"Rajanagarindra Institute of Child Development"},"geometry":{"type":"Polygon","coordinates":[[[98.961304,18.849892],[98.963904,18.850283],[98.963633,18.851794],[98.963415,18.851698],[98.963043,18.851648],[98.962878,18.851659],[98.96225,18.851791],[98.9621,18.851285],[98.961947,18.850916],[98.961638,18.850903],[98.961304,18.849892]]]}},{"type":"Feature","properties":{"k":"campus","n":"516"},"geometry":{"type":"Polygon","coordinates":[[[98.953026,18.795731],[98.953026,18.795586],[98.9531,18.795586],[98.9531,18.795731],[98.953026,18.795731]]]}},{"type":"Feature","properties":{"k":"campus","n":"521"},"geometry":{"type":"Polygon","coordinates":[[[98.952791,18.795663],[98.952791,18.795517],[98.952866,18.795517],[98.952866,18.795663],[98.952791,18.795663]]]}},{"type":"Feature","properties":{"k":"campus","n":"518"},"geometry":{"type":"Polygon","coordinates":[[[98.952866,18.795517],[98.952865,18.795441],[98.953025,18.795441],[98.953025,18.795517],[98.952866,18.795517]]]}},{"type":"Feature","properties":{"k":"campus","n":"412"},"geometry":{"type":"Polygon","coordinates":[[[98.953026,18.795586],[98.95305,18.795527],[98.9531,18.795527],[98.9531,18.795586],[98.953026,18.795586]]]}},{"type":"Feature","properties":{"k":"campus","n":"403"},"geometry":{"type":"Polygon","coordinates":[[[98.952779,18.795881],[98.952779,18.795823],[98.952829,18.795823],[98.952829,18.795881],[98.952779,18.795881]]]}},{"type":"Feature","properties":{"k":"campus","n":"411"},"geometry":{"type":"Polygon","coordinates":[[[98.953026,18.795731],[98.953026,18.795658],[98.9531,18.795658],[98.9531,18.795731],[98.953026,18.795731]]]}},{"type":"Feature","properties":{"k":"campus","n":"402"},"geometry":{"type":"Polygon","coordinates":[[[98.952636,18.795881],[98.952636,18.795808],[98.95271,18.795808],[98.95271,18.795881],[98.952636,18.795881]]]}},{"type":"Feature","properties":{"k":"campus","n":"501"},"geometry":{"type":"Polygon","coordinates":[[[98.952636,18.795808],[98.952636,18.795735],[98.95271,18.795735],[98.95271,18.795808],[98.952636,18.795808]]]}},{"type":"Feature","properties":{"k":"campus","n":"413A"},"geometry":{"type":"Polygon","coordinates":[[[98.952866,18.795441],[98.952945,18.795441],[98.952945,18.795517],[98.952866,18.795517],[98.952866,18.795441]]]}},{"type":"Feature","properties":{"k":"campus","n":"502"},"geometry":{"type":"Polygon","coordinates":[[[98.952635,18.795881],[98.952635,18.795808],[98.95271,18.795808],[98.95271,18.795881],[98.952635,18.795881]]]}},{"type":"Feature","properties":{"k":"campus","n":"Mae Hia Samakkhi School"},"geometry":{"type":"Polygon","coordinates":[[[98.942358,18.746361],[98.942229,18.745859],[98.943023,18.745675],[98.943152,18.746178],[98.942358,18.746361]]]}},{"type":"Feature","properties":{"k":"temple"},"geometry":{"type":"Polygon","coordinates":[[[99.032672,18.753265],[99.032634,18.753232],[99.032687,18.753178],[99.032724,18.753212],[99.032672,18.753265]]]}},{"type":"Feature","properties":{"k":"temple"},"geometry":{"type":"Polygon","coordinates":[[[98.991894,18.796368],[98.991877,18.796279],[98.992265,18.796213],[98.992267,18.796272],[98.992204,18.796281],[98.992209,18.796313],[98.991894,18.796368]]]}},{"type":"Feature","properties":{"k":"temple"},"geometry":{"type":"Polygon","coordinates":[[[98.992087,18.796232],[98.992072,18.796132],[98.992294,18.796094],[98.992309,18.796201],[98.992087,18.796232]]]}},{"type":"Feature","properties":{"k":"worship"},"geometry":{"type":"Polygon","coordinates":[[[99.00582,18.771254],[99.005777,18.770905],[99.006325,18.77089],[99.006371,18.771174],[99.00582,18.771254]]]}},{"type":"Feature","properties":{"k":"wall"},"geometry":{"type":"Polygon","coordinates":[[[98.981489,18.781585],[98.981232,18.781589],[98.981231,18.781542],[98.981488,18.781538],[98.981489,18.781585]]]}},{"type":"Feature","properties":{"k":"wall"},"geometry":{"type":"Polygon","coordinates":[[[98.98196,18.781569],[98.981704,18.781577],[98.981702,18.781524],[98.981958,18.781516],[98.98196,18.781569]]]}},{"type":"Feature","properties":{"k":"temple","n":"Chao Pho Phatu Chaing Mai Shrine"},"geometry":{"type":"Polygon","coordinates":[[[98.98906,18.781409],[98.989095,18.781407],[98.989096,18.781437],[98.989061,18.781438],[98.98906,18.781409]]]}},{"type":"Feature","properties":{"k":"hospital","n":"Suan Prung Psychiatric Hospital"},"geometry":{"type":"Polygon","coordinates":[[[98.978051,18.781296],[98.977816,18.778176],[98.977803,18.777559],[98.977907,18.777515],[98.979049,18.777544],[98.979066,18.777693],[98.979031,18.778085],[98.978987,18.778139],[98.978982,18.778356],[98.979909,18.778402],[98.980495,18.778643],[98.980505,18.779106],[98.980257,18.77911],[98.9804,18.78017],[98.97989,18.78028],[98.980022,18.781247],[98.978051,18.781296]]]}},{"type":"Feature","properties":{"k":"campus","n":"Ban San Si School"},"geometry":{"type":"Polygon","coordinates":[[[99.04378,18.820479],[99.044035,18.819885],[99.044449,18.820049],[99.044514,18.820093],[99.044116,18.820757],[99.04378,18.820479]]]}},{"type":"Feature","properties":{"k":"campus"},"geometry":{"type":"Polygon","coordinates":[[[98.988416,18.785696],[98.989176,18.785618],[98.989202,18.785891],[98.988346,18.78595],[98.988416,18.785696]]]}},{"type":"Feature","properties":{"k":"campus"},"geometry":{"type":"Polygon","coordinates":[[[98.988097,18.786578],[98.987706,18.786545],[98.987737,18.786357],[98.987142,18.786338],[98.98714,18.785987],[98.988173,18.786054],[98.988097,18.786578]]]}},{"type":"Feature","properties":{"k":"worship"},"geometry":{"type":"Polygon","coordinates":[[[99.010208,18.796587],[99.009971,18.796457],[99.010012,18.796389],[99.010249,18.79652],[99.010208,18.796587]]]}},{"type":"Feature","properties":{"k":"market","n":"Tuesday, Thursday Market"},"geometry":{"type":"Polygon","coordinates":[[[99.00216,18.76639],[99.001563,18.766428],[99.001555,18.76612],[99.00243,18.766044],[99.002215,18.766388],[99.00216,18.76639]]]}},{"type":"Feature","properties":{"k":"temple"},"geometry":{"type":"Polygon","coordinates":[[[98.951578,18.783255],[98.951675,18.78376],[98.95122,18.783839],[98.951122,18.783334],[98.951578,18.783255]]]}},{"type":"Feature","properties":{"k":"temple","n":"Wat Doi Pao"},"geometry":{"type":"Polygon","coordinates":[[[98.913894,18.73211],[98.913889,18.731979],[98.914137,18.731971],[98.914142,18.732101],[98.913894,18.73211]]]}},{"type":"Feature","properties":{"k":"hospital","n":"CMC Hospital"},"geometry":{"type":"Polygon","coordinates":[[[98.988242,18.780482],[98.988233,18.780302],[98.988689,18.780282],[98.988697,18.780462],[98.988242,18.780482]]]}},{"type":"Feature","properties":{"k":"hospital","n":"โรงพยาบาลส่งเสริมสุขภาพเชียงใหม่"},"geometry":{"type":"Polygon","coordinates":[[[98.995895,18.772217],[98.994605,18.773835],[98.994443,18.773679],[98.994123,18.773485],[98.994056,18.773324],[98.99402,18.772676],[98.994254,18.772152],[98.99537,18.771627],[98.99549,18.771862],[98.995895,18.772217]]]}},{"type":"Feature","properties":{"k":"temple"},"geometry":{"type":"Polygon","coordinates":[[[98.933643,18.79947],[98.933628,18.799428],[98.93382,18.799369],[98.933835,18.799412],[98.933643,18.79947]]]}},{"type":"Feature","properties":{"k":"temple"},"geometry":{"type":"Polygon","coordinates":[[[98.985822,18.751666],[98.985762,18.751688],[98.985782,18.751735],[98.985668,18.751778],[98.985584,18.751578],[98.98563,18.751561],[98.985596,18.751478],[98.985563,18.75149],[98.98553,18.751411],[98.985835,18.751297],[98.985864,18.751367],[98.985731,18.751417],[98.985762,18.751493],[98.98582,18.751471],[98.985861,18.75157],[98.985792,18.751595],[98.985822,18.751666]]]}},{"type":"Feature","properties":{"k":"temple","n":"Miao Jue Shi Foundation Meditation Building"},"geometry":{"type":"Polygon","coordinates":[[[98.991857,18.810174],[98.991958,18.809994],[98.992131,18.810081],[98.992029,18.810261],[98.991857,18.810174]]]}},{"type":"Feature","properties":{"k":"hospital","n":"Torpong Pediatric Clinic"},"geometry":{"type":"Polygon","coordinates":[[[98.980846,18.803413],[98.980842,18.803189],[98.981002,18.803186],[98.981007,18.803411],[98.980846,18.803413]]]}},{"type":"Feature","properties":{"k":"campus","n":"Wat Pa Phaeng Municipal School"},"geometry":{"type":"Polygon","coordinates":[[[98.997919,18.802302],[98.997242,18.802401],[98.997193,18.80208],[98.996994,18.801746],[98.997014,18.801333],[98.997999,18.801397],[98.997919,18.802302]]]}},{"type":"Feature","properties":{"k":"campus","n":"Anuban Chiang Mai School"},"geometry":{"type":"Polygon","coordinates":[[[98.985043,18.785713],[98.985029,18.785312],[98.985096,18.784979],[98.985109,18.784602],[98.985182,18.784343],[98.985639,18.784527],[98.986369,18.784717],[98.986267,18.785716],[98.985043,18.785713]]]}},{"type":"Feature","properties":{"k":"campus"},"geometry":{"type":"Polygon","coordinates":[[[98.953087,18.809357],[98.95368,18.809901],[98.954414,18.810764],[98.954844,18.810501],[98.955167,18.810398],[98.955271,18.810033],[98.955609,18.809913],[98.955894,18.809629],[98.956242,18.809522],[98.957101,18.809652],[98.957023,18.810317],[98.957592,18.810421],[98.957492,18.81101],[98.957519,18.811556],[98.957479,18.812069],[98.957248,18.812193],[98.957154,18.812384],[98.956634,18.812287],[98.95647,18.812488],[98.956057,18.812521],[98.955899,18.812793],[98.955937,18.813046],[98.954936,18.813053],[98.954917,18.813581],[98.954765,18.813687],[98.954462,18.813654],[98.954253,18.81366],[98.95408,18.814362],[98.95396,18.814693],[98.953663,18.814018],[98.953246,18.81331],[98.953149,18.813235],[98.952789,18.813045],[98.952478,18.812421],[98.952923,18.812275],[98.951963,18.80988],[98.953087,18.809357]]]}},{"type":"Feature","properties":{"k":"campus","n":"Ambassador Bilingual Academy"},"geometry":{"type":"Polygon","coordinates":[[[98.943004,18.750276],[98.9431,18.750456],[98.943343,18.750631],[98.943647,18.750619],[98.943922,18.750659],[98.943963,18.750591],[98.944097,18.750673],[98.944274,18.75039],[98.944482,18.75035],[98.944919,18.750733],[98.944968,18.750791],[98.944884,18.751075],[98.94481,18.752092],[98.944665,18.752083],[98.944495,18.752266],[98.944227,18.752387],[98.944213,18.752467],[98.944087,18.75256],[98.942556,18.753328],[98.942453,18.753021],[98.942428,18.752802],[98.942435,18.752603],[98.94256,18.752121],[98.942939,18.750274],[98.943004,18.750276]]]}},{"type":"Feature","properties":{"k":"campus","n":"Kawila anukun school"},"geometry":{"type":"Polygon","coordinates":[[[99.013241,18.782997],[99.012932,18.781766],[99.013263,18.78171],[99.013232,18.781575],[99.013314,18.781538],[99.013195,18.781004],[99.014211,18.78076],[99.013967,18.781059],[99.01418,18.78122],[99.01394,18.78158],[99.014189,18.781753],[99.013788,18.782041],[99.013325,18.782995],[99.013241,18.782997]]]}},{"type":"Feature","properties":{"k":"worship"},"geometry":{"type":"Polygon","coordinates":[[[99.001056,18.772742],[99.001031,18.772679],[99.001199,18.772618],[99.00117,18.772544],[99.001003,18.772605],[99.000982,18.772553],[99.001213,18.772469],[99.001331,18.772759],[99.001263,18.772783],[99.001222,18.772681],[99.001056,18.772742]]]}},{"type":"Feature","properties":{"k":"campus","n":"Montfort College Primary School"},"geometry":{"type":"Polygon","coordinates":[[[98.999898,18.772176],[98.999881,18.771993],[98.999906,18.771957],[99.000635,18.771788],[99.000579,18.771422],[99.001013,18.771368],[99.001007,18.771321],[99.001211,18.771302],[99.001215,18.771349],[99.001291,18.771342],[99.001367,18.771568],[99.001712,18.771537],[99.00177,18.77141],[99.002086,18.771337],[99.00231,18.771886],[99.0031,18.773078],[99.002722,18.773444],[99.002456,18.77319],[99.002178,18.773204],[99.000832,18.773818],[99.000298,18.773231],[98.999976,18.772751],[98.999927,18.772603],[98.999898,18.772176]]]}},{"type":"Feature","properties":{"k":"campus","n":"Sacred Heart College"},"geometry":{"type":"Polygon","coordinates":[[[99.001807,18.774848],[99.002097,18.774681],[99.001996,18.774499],[99.00268,18.77418],[99.002625,18.774102],[99.003083,18.773877],[99.00302,18.773832],[99.003116,18.773685],[99.003516,18.773931],[99.003706,18.773954],[99.003615,18.774081],[99.003751,18.774278],[99.003698,18.774314],[99.003851,18.774596],[99.00403,18.774769],[99.004146,18.774635],[99.004425,18.774815],[99.003816,18.775422],[99.003468,18.775628],[99.003097,18.775409],[99.002196,18.775074],[99.001807,18.774848]]]}},{"type":"Feature","properties":{"k":"market","n":"Meta Mall"},"geometry":{"type":"Polygon","coordinates":[[[99.041297,18.822967],[99.041157,18.822788],[99.040933,18.82185],[99.040716,18.821539],[99.040451,18.820705],[99.040467,18.82061],[99.042142,18.821981],[99.042047,18.822093],[99.042216,18.822378],[99.04146,18.822809],[99.041488,18.822868],[99.041297,18.822967]]]}},{"type":"Feature","properties":{"k":"worship"},"geometry":{"type":"Polygon","coordinates":[[[99.005455,18.804941],[99.005459,18.804862],[99.005527,18.804863],[99.005523,18.804943],[99.005455,18.804941]]]}},{"type":"Feature","properties":{"k":"temple","n":"Wat Nang Liao"},"geometry":{"type":"Polygon","coordinates":[[[99.021823,18.831177],[99.021837,18.831125],[99.021922,18.831147],[99.021908,18.831198],[99.021823,18.831177]]]}},{"type":"Feature","properties":{"k":"temple","n":"Shrine"},"geometry":{"type":"Polygon","coordinates":[[[99.021644,18.831147],[99.021668,18.831073],[99.021753,18.831097],[99.021729,18.831172],[99.021644,18.831147]]]}},{"type":"Feature","properties":{"k":"temple","n":"Wat Tanjan"},"geometry":{"type":"Polygon","coordinates":[[[99.026548,18.846482],[99.026524,18.846401],[99.02666,18.846364],[99.026684,18.846445],[99.026548,18.846482]]]}},{"type":"Feature","properties":{"k":"temple"},"geometry":{"type":"Polygon","coordinates":[[[99.044258,18.733352],[99.044243,18.733256],[99.044433,18.733229],[99.044448,18.733325],[99.044258,18.733352]]]}},{"type":"Feature","properties":{"k":"temple"},"geometry":{"type":"Polygon","coordinates":[[[98.934519,18.796241],[98.934563,18.796127],[98.934656,18.796159],[98.934613,18.796273],[98.934519,18.796241]]]}},{"type":"Feature","properties":{"k":"worship"},"geometry":{"type":"Polygon","coordinates":[[[98.997985,18.738358],[98.997957,18.738264],[98.998232,18.738189],[98.99826,18.738283],[98.997985,18.738358]]]}},{"type":"Feature","properties":{"k":"runway"},"geometry":{"type":"LineString","coordinates":[[98.962896,18.780892],[98.964723,18.780882],[98.964912,18.78083],[98.965091,18.780736],[98.965146,18.780678],[98.965198,18.780538]]}},{"type":"Feature","properties":{"k":"runway"},"geometry":{"type":"LineString","coordinates":[[98.962843,18.753033],[98.962896,18.781049]]}},{"type":"Feature","properties":{"k":"runway"},"geometry":{"type":"LineString","coordinates":[[98.962847,18.755401],[98.965115,18.755448]]}},{"type":"Feature","properties":{"k":"runway"},"geometry":{"type":"LineString","coordinates":[[98.965195,18.779168],[98.965164,18.779277],[98.965107,18.779367],[98.965036,18.779434],[98.964868,18.779518],[98.963335,18.779507],[98.963184,18.77946],[98.962995,18.779303],[98.962936,18.779183],[98.962892,18.778964]]}},{"type":"Feature","properties":{"k":"runway"},"geometry":{"type":"LineString","coordinates":[[98.966315,18.762206],[98.966263,18.762059],[98.96619,18.761975],[98.966037,18.761914],[98.965886,18.761886],[98.962859,18.761847]]}},{"type":"Feature","properties":{"k":"runway"},"geometry":{"type":"LineString","coordinates":[[98.962888,18.771411],[98.965005,18.771394],[98.965179,18.771372]]}},{"type":"Feature","properties":{"k":"rail"},"geometry":{"type":"LineString","coordinates":[[99.017164,18.778263],[99.017249,18.768572],[99.017316,18.767839],[99.017409,18.767324],[99.017509,18.766869],[99.017703,18.766238],[99.017918,18.765697],[99.019768,18.761416],[99.020926,18.758807],[99.026863,18.744946],[99.02991,18.737926],[99.031039,18.735109],[99.031679,18.733609],[99.033113,18.730315],[99.033987,18.728416],[99.037677,18.71985],[99.039202,18.716232]]}},{"type":"Feature","properties":{"k":"rail"},"geometry":{"type":"LineString","coordinates":[[99.017122,18.785082],[99.017111,18.784793],[99.0173,18.782969],[99.017313,18.782501],[99.017304,18.780826],[99.017371,18.776184]]}},{"type":"Feature","properties":{"k":"rail"},"geometry":{"type":"LineString","coordinates":[[99.017164,18.778263],[99.017097,18.783793],[99.017111,18.784793]]}},{"type":"Feature","properties":{"k":"rail"},"geometry":{"type":"LineString","coordinates":[[99.017101,18.778743],[99.016923,18.779942],[99.016905,18.780225],[99.01688,18.783367]]}},{"type":"Feature","properties":{"k":"runway"},"geometry":{"type":"LineString","coordinates":[[98.965461,18.775948],[98.965382,18.775925],[98.965262,18.775845],[98.965221,18.775798],[98.965184,18.775683]]}},{"type":"Feature","properties":{"k":"runway"},"geometry":{"type":"LineString","coordinates":[[98.965186,18.772816],[98.965227,18.772877],[98.965291,18.772903],[98.965484,18.772921],[98.965581,18.772902],[98.965663,18.772858],[98.965764,18.772765],[98.965779,18.772693],[98.965774,18.771806]]}},{"type":"Feature","properties":{"k":"runway"},"geometry":{"type":"LineString","coordinates":[[98.96606,18.773908],[98.966057,18.776863]]}},{"type":"Feature","properties":{"k":"runway"},"geometry":{"type":"LineString","coordinates":[[98.966063,18.774275],[98.965476,18.774286],[98.965315,18.774353],[98.965256,18.774405],[98.96521,18.774461],[98.965188,18.774541]]}},{"type":"Feature","properties":{"k":"runway"},"geometry":{"type":"LineString","coordinates":[[98.965493,18.776988],[98.96535,18.776945],[98.965254,18.776867],[98.965193,18.776768],[98.965186,18.77667]]}},{"type":"Feature","properties":{"k":"runway"},"geometry":{"type":"LineString","coordinates":[[98.965476,18.774286],[98.965341,18.77424],[98.965273,18.774192],[98.965187,18.774067]]}},{"type":"Feature","properties":{"k":"runway"},"geometry":{"type":"LineString","coordinates":[[98.966061,18.77594],[98.965461,18.775948],[98.965327,18.776004],[98.965232,18.776084],[98.965186,18.776197]]}},{"type":"Feature","properties":{"k":"runway"},"geometry":{"type":"LineString","coordinates":[[98.963335,18.779507],[98.963118,18.779599],[98.963027,18.779703],[98.962957,18.77983],[98.962894,18.780043]]}},{"type":"Feature","properties":{"k":"runway"},"geometry":{"type":"LineString","coordinates":[[98.965922,18.765746],[98.966186,18.765789],[98.96631,18.76587],[98.966388,18.765959]]}},{"type":"Feature","properties":{"k":"runway"},"geometry":{"type":"LineString","coordinates":[[98.965601,18.765749],[98.965446,18.765709],[98.965323,18.765634],[98.9652,18.765479],[98.96516,18.765338]]}},{"type":"Feature","properties":{"k":"runway"},"geometry":{"type":"LineString","coordinates":[[98.966315,18.762206],[98.966313,18.76576],[98.966454,18.766153],[98.966476,18.769641],[98.966422,18.77],[98.966277,18.770307],[98.965931,18.770811],[98.9657,18.771081]]}},{"type":"Feature","properties":{"k":"runway"},"geometry":{"type":"LineString","coordinates":[[98.963718,18.77596],[98.963283,18.775158],[98.963106,18.774741],[98.962883,18.774325]]}},{"type":"Feature","properties":{"k":"runway"},"geometry":{"type":"LineString","coordinates":[[98.965196,18.778477],[98.965145,18.77826],[98.96498,18.777881],[98.964338,18.776858],[98.963718,18.77596]]}},{"type":"Feature","properties":{"k":"runway"},"geometry":{"type":"LineString","coordinates":[[98.963718,18.77596],[98.963497,18.775798],[98.963272,18.775798],[98.963047,18.775951],[98.962887,18.776205]]}},{"type":"Feature","properties":{"k":"runway"},"geometry":{"type":"LineString","coordinates":[[98.965115,18.755448],[98.965112,18.7623],[98.965171,18.766987],[98.965198,18.780538],[98.965166,18.781054],[98.965143,18.781124]]}},{"type":"Feature","properties":{"k":"runway"},"geometry":{"type":"LineString","coordinates":[[98.963308,18.783673],[98.963166,18.783641],[98.96306,18.783576],[98.96294,18.783466],[98.962915,18.783323],[98.962896,18.781049]]}},{"type":"Feature","properties":{"k":"runway"},"geometry":{"type":"LineString","coordinates":[[98.965143,18.781124],[98.963661,18.783514],[98.963547,18.783614],[98.963433,18.78366],[98.963308,18.783673]]}},{"type":"Feature","properties":{"k":"runway"},"geometry":{"type":"LineString","coordinates":[[98.965179,18.771372],[98.965352,18.771293],[98.9657,18.771081]]}},{"type":"Feature","properties":{"k":"runway"},"geometry":{"type":"LineString","coordinates":[[98.965115,18.755448],[98.965078,18.755192],[98.964999,18.75498],[98.964115,18.753511],[98.963917,18.753295],[98.963678,18.753201],[98.962843,18.753181]]}},{"type":"Feature","properties":{"k":"runway"},"geometry":{"type":"LineString","coordinates":[[98.966455,18.765701],[98.965487,18.76577],[98.965407,18.765806],[98.965275,18.765909],[98.965188,18.766056],[98.965166,18.766152]]}},{"type":"Feature","properties":{"k":"runway"},"geometry":{"type":"LineString","coordinates":[[98.966454,18.765665],[98.966454,18.766153]]}},{"type":"Feature","properties":{"k":"runway"},"geometry":{"type":"LineString","coordinates":[[98.965922,18.765746],[98.966152,18.765635],[98.966231,18.765549],[98.966307,18.765398]]}},{"type":"Feature","properties":{"k":"runway"},"geometry":{"type":"LineString","coordinates":[[98.964837,18.771392],[98.965026,18.771419],[98.965095,18.771448],[98.965142,18.771498],[98.965175,18.771594]]}},{"type":"Feature","properties":{"k":"runway"},"geometry":{"type":"LineString","coordinates":[[98.965178,18.77102],[98.965134,18.771148],[98.965058,18.771257],[98.964925,18.771356],[98.964837,18.771392]]}},{"type":"Feature","properties":{"k":"runway"},"geometry":{"type":"LineString","coordinates":[[98.965175,18.771594],[98.96523,18.771428],[98.965352,18.771293]]}},{"type":"Feature","properties":{"k":"runway"},"geometry":{"type":"LineString","coordinates":[[98.965174,18.770512],[98.965215,18.770652],[98.965275,18.770739],[98.965354,18.770819],[98.96546,18.770878],[98.965558,18.770911],[98.965749,18.770908],[98.965827,18.770883],[98.965931,18.770811]]}},{"type":"Feature","properties":{"k":"runway"},"geometry":{"type":"LineString","coordinates":[[98.965381,18.772924],[98.965214,18.773],[98.965183,18.773073]]}},{"type":"Feature","properties":{"k":"runway"},"geometry":{"type":"LineString","coordinates":[[98.965114,18.755719],[98.964971,18.755533],[98.964831,18.755471],[98.964578,18.755436]]}},{"type":"Feature","properties":{"k":"runway"},"geometry":{"type":"LineString","coordinates":[[98.964578,18.755436],[98.964772,18.755336],[98.964867,18.755254],[98.964956,18.755035],[98.964943,18.754887]]}},{"type":"Feature","properties":{"k":"runway"},"geometry":{"type":"LineString","coordinates":[[98.964708,18.761862],[98.964827,18.761829],[98.964928,18.761773],[98.965063,18.761619],[98.965112,18.761477]]}},{"type":"Feature","properties":{"k":"runway"},"geometry":{"type":"LineString","coordinates":[[98.965112,18.761477],[98.965246,18.761699],[98.965412,18.761817],[98.965554,18.761877]]}},{"type":"Feature","properties":{"k":"runway"},"geometry":{"type":"LineString","coordinates":[[98.965554,18.761877],[98.965329,18.761957],[98.965221,18.762052],[98.965112,18.7623]]}},{"type":"Feature","properties":{"k":"runway"},"geometry":{"type":"LineString","coordinates":[[98.965112,18.7623],[98.965024,18.762084],[98.964931,18.761986],[98.964708,18.761862]]}},{"type":"Feature","properties":{"k":"runway"},"geometry":{"type":"LineString","coordinates":[[98.965171,18.766987],[98.965218,18.767108],[98.965289,18.767215],[98.965411,18.767303],[98.965586,18.767372],[98.966016,18.767373],[98.966175,18.767406],[98.966257,18.767447],[98.966368,18.767551],[98.966459,18.767751]]}},{"type":"Feature","properties":{"k":"runway"},"geometry":{"type":"LineString","coordinates":[[98.965586,18.767372],[98.965429,18.767401],[98.965289,18.767492],[98.965197,18.767637],[98.965168,18.767788]]}},{"type":"Feature","properties":{"k":"runway"},"geometry":{"type":"LineString","coordinates":[[98.966016,18.767373],[98.966132,18.767349],[98.96632,18.767244],[98.966417,18.767107],[98.966456,18.766972]]}},{"type":"Feature","properties":{"k":"runway"},"geometry":{"type":"LineString","coordinates":[[98.965186,18.77667],[98.965141,18.776777],[98.965008,18.776929],[98.9648,18.77702],[98.964678,18.777025],[98.964553,18.777],[98.964431,18.776938],[98.964338,18.776858]]}},{"type":"Feature","properties":{"k":"rail"},"geometry":{"type":"LineString","coordinates":[[99.016984,18.779492],[99.01689,18.779937],[99.016804,18.780791],[99.016774,18.783341]]}},{"type":"Feature","properties":{"k":"rail"},"geometry":{"type":"LineString","coordinates":[[99.01715,18.778943],[99.017191,18.779404],[99.017169,18.784183]]}},{"type":"Feature","properties":{"k":"rail"},"geometry":{"type":"LineString","coordinates":[[99.017191,18.779404],[99.017312,18.780594]]}},{"type":"Feature","properties":{"k":"rail"},"geometry":{"type":"LineString","coordinates":[[99.0173,18.782969],[99.017302,18.784594]]}},{"type":"Feature","properties":{"k":"rail"},"geometry":{"type":"LineString","coordinates":[[99.017267,18.784619],[99.017332,18.784754]]}},{"type":"Feature","properties":{"k":"rail"},"geometry":{"type":"LineString","coordinates":[[99.016864,18.778529],[99.016855,18.78024]]}},{"type":"Feature","properties":{"k":"rail"},"geometry":{"type":"LineString","coordinates":[[99.016758,18.779333],[99.016664,18.779942],[99.016616,18.782319]]}},{"type":"Feature","properties":{"k":"rail"},"geometry":{"type":"LineString","coordinates":[[99.016818,18.778913],[99.016758,18.779333],[99.016742,18.78234]]}},{"type":"Feature","properties":{"k":"rail"},"geometry":{"type":"LineString","coordinates":[[99.016947,18.777941],[99.017123,18.776667],[99.017172,18.771765]]}},{"type":"Feature","properties":{"k":"rail"},"geometry":{"type":"LineString","coordinates":[[99.016804,18.780791],[99.016818,18.778913],[99.016947,18.777941]]}},{"type":"Feature","properties":{"k":"rail"},"geometry":{"type":"LineString","coordinates":[[99.017123,18.776667],[99.017187,18.776166]]}},{"type":"Feature","properties":{"k":"rail"},"geometry":{"type":"LineString","coordinates":[[99.017015,18.783368],[99.017053,18.779381],[99.017101,18.778743],[99.017164,18.778263]]}},{"type":"Feature","properties":{"k":"runway"},"geometry":{"type":"LineString","coordinates":[[98.966057,18.776863],[98.966036,18.776931],[98.965974,18.776971],[98.965493,18.776988],[98.965373,18.777018],[98.965229,18.777142],[98.965194,18.777208],[98.965187,18.777281]]}}]}