{"type":"FeatureCollection","features":[{"type":"Feature","properties":{"k":"water"},"geometry":{"type":"Polygon","coordinates":[[[98.962635,18.839512],[98.962683,18.839758],[98.962623,18.839831],[98.96254,18.839857],[98.962053,18.839815],[98.961067,18.839628],[98.960787,18.839499],[98.960601,18.839136],[98.960285,18.838833],[98.960097,18.838757],[98.960009,18.83869],[98.959938,18.838607],[98.959905,18.838446],[98.959965,18.838339],[98.960058,18.838389],[98.960217,18.83842],[98.960417,18.838521],[98.960485,18.838463],[98.960542,18.838463],[98.96059,18.838653],[98.960655,18.838695],[98.960782,18.838659],[98.961116,18.83869],[98.96133,18.838824],[98.961406,18.838804],[98.96168,18.838866],[98.962469,18.839125],[98.962628,18.839258],[98.962656,18.839411],[98.962635,18.839512]],[[98.96163,18.839268],[98.96167,18.839325],[98.961737,18.839349],[98.961792,18.83933],[98.961841,18.839201],[98.961787,18.839148],[98.961708,18.839139],[98.96163,18.83917],[98.96163,18.839268]]]}},{"type":"Feature","properties":{"k":"water"},"geometry":{"type":"Polygon","coordinates":[[[98.982077,18.8138],[98.981799,18.813762],[98.981881,18.813231],[98.982432,18.81331],[98.982347,18.813839],[98.982077,18.8138]],[[98.982252,18.813719],[98.982303,18.813399],[98.981979,18.813352],[98.981927,18.813672],[98.982252,18.813719]]]}},{"type":"Feature","properties":{"k":"water","n":"Serene Lake"},"geometry":{"type":"Polygon","coordinates":[[[98.949427,18.754421],[98.949381,18.753802],[98.949189,18.753458],[98.948747,18.753339],[98.948634,18.753332],[98.948747,18.753232],[98.949123,18.753126],[98.949275,18.752976],[98.949328,18.752594],[98.949097,18.751925],[98.94913,18.751638],[98.949222,18.751412],[98.949156,18.751118],[98.9488,18.750931],[98.948502,18.750831],[98.948441,18.750761],[98.948793,18.750824],[98.949064,18.750756],[98.94907,18.75038],[98.949017,18.750249],[98.94878,18.75023],[98.948601,18.750299],[98.948463,18.750243],[98.948278,18.750118],[98.948007,18.750074],[98.94802,18.75002],[98.948489,18.749999],[98.949229,18.749903],[98.949254,18.749938],[98.949654,18.749854],[98.949635,18.749794],[98.949916,18.749712],[98.951019,18.74928],[98.951369,18.749317],[98.951699,18.749536],[98.951858,18.749761],[98.95197,18.750011],[98.951805,18.750074],[98.951534,18.749624],[98.951303,18.749505],[98.951137,18.74948],[98.950632,18.749629],[98.950372,18.749763],[98.950303,18.749845],[98.950325,18.749939],[98.950609,18.750149],[98.950649,18.750343],[98.950542,18.750507],[98.950185,18.750673],[98.950042,18.750791],[98.950002,18.7509],[98.950002,18.75115],[98.950239,18.751425],[98.950464,18.751875],[98.950418,18.752388],[98.950319,18.752976],[98.950336,18.753077],[98.950493,18.75339],[98.950848,18.753921],[98.951514,18.754508],[98.951661,18.754811],[98.951737,18.755261],[98.951891,18.755599],[98.95211,18.755821],[98.952324,18.755948],[98.952522,18.756013],[98.952795,18.756049],[98.953876,18.75596],[98.954017,18.75599],[98.954235,18.756197],[98.954332,18.756199],[98.954905,18.756041],[98.954889,18.756115],[98.954652,18.756279],[98.954537,18.756521],[98.954305,18.756818],[98.954327,18.757212],[98.954281,18.757298],[98.954375,18.757331],[98.954342,18.757638],[98.954361,18.758092],[98.954555,18.758727],[98.954427,18.758761],[98.954276,18.758082],[98.954164,18.75787],[98.95401,18.757724],[98.953806,18.757623],[98.953238,18.75761],[98.952538,18.757879],[98.952234,18.758104],[98.951983,18.758239],[98.95178,18.758328],[98.951637,18.758343],[98.951525,18.758332],[98.951336,18.758233],[98.951122,18.757832],[98.951013,18.757718],[98.950893,18.757654],[98.950566,18.757605],[98.950232,18.757635],[98.950215,18.757603],[98.950338,18.75751],[98.950616,18.757364],[98.950722,18.757179],[98.950695,18.756929],[98.950642,18.756804],[98.951204,18.756735],[98.951323,18.756897],[98.951613,18.756929],[98.95191,18.756791],[98.95197,18.756541],[98.951811,18.756234],[98.951534,18.756153],[98.951243,18.756284],[98.951151,18.756616],[98.950563,18.756685],[98.950398,18.756447],[98.950484,18.755378],[98.950358,18.755065],[98.949632,18.754733],[98.949427,18.754421]],[[98.949518,18.751339],[98.949538,18.7513],[98.949499,18.751275],[98.949469,18.751316],[98.949518,18.751339]]]}},{"type":"Feature","properties":{"k":"water"},"geometry":{"type":"Polygon","coordinates":[[[98.997272,18.834825],[98.999515,18.836442],[98.998896,18.837307],[98.996466,18.83568],[98.997272,18.834825]],[[98.997263,18.834958],[98.996606,18.835675],[98.998841,18.837173],[98.999383,18.836461],[98.997263,18.834958]]]}},{"type":"Feature","properties":{"k":"water"},"geometry":{"type":"MultiPolygon","coordinates":[[[[98.969666,18.849151],[98.969176,18.849097],[98.969017,18.848336],[98.969358,18.847437],[98.969436,18.847468],[98.969148,18.848292],[98.969333,18.848317],[98.969374,18.848267],[98.969589,18.848234],[98.969704,18.848255],[98.969875,18.848343],[98.969943,18.8483],[98.969996,18.848214],[98.970044,18.848213],[98.969754,18.849112],[98.969666,18.849151]],[[98.969339,18.848605],[98.969296,18.848676],[98.969307,18.848732],[98.969462,18.848828],[98.969564,18.848955],[98.969618,18.84896],[98.969682,18.848879],[98.969682,18.848773],[98.969629,18.848671],[98.969478,18.848605],[98.969339,18.848605]]],[[[98.969534,18.849774],[98.969465,18.849804],[98.969256,18.85037],[98.969046,18.850436],[98.968853,18.850421],[98.968727,18.850307],[98.968636,18.850116],[98.96847,18.850063],[98.968297,18.850481],[98.968188,18.850467],[98.96836,18.849969],[98.968644,18.849781],[98.968926,18.849543],[98.969003,18.84953],[98.969156,18.849578],[98.969494,18.849715],[98.969534,18.849774]],[[98.968871,18.849867],[98.968842,18.850025],[98.968981,18.850142],[98.969137,18.850168],[98.969223,18.850152],[98.969292,18.850081],[98.969319,18.849934],[98.969255,18.849868],[98.968975,18.84983],[98.968871,18.849867]]]]}},{"type":"Feature","properties":{"k":"water"},"geometry":{"type":"Polygon","coordinates":[[[98.96178,18.826852],[98.961638,18.826454],[98.961674,18.826443],[98.961645,18.826361],[98.962057,18.82623],[98.962087,18.826315],[98.962178,18.826286],[98.962318,18.826682],[98.962225,18.826712],[98.962254,18.826791],[98.961845,18.826921],[98.961816,18.826841],[98.96178,18.826852]],[[98.961763,18.826503],[98.961843,18.826739],[98.961872,18.826732],[98.961881,18.826759],[98.962125,18.826683],[98.962115,18.826655],[98.962146,18.826642],[98.962071,18.826414],[98.962032,18.826425],[98.96202,18.826391],[98.961779,18.826465],[98.96179,18.826493],[98.961763,18.826503]]]}},{"type":"Feature","properties":{"k":"water"},"geometry":{"type":"Polygon","coordinates":[[[99.03082,18.765944],[99.030605,18.766186],[99.030444,18.766252],[99.030306,18.766258],[99.030106,18.766186],[99.029907,18.765971],[99.029847,18.765805],[99.029818,18.765634],[99.029839,18.765225],[99.029951,18.76529],[99.030201,18.765365],[99.030516,18.765392],[99.030662,18.765464],[99.030766,18.765588],[99.030824,18.765739],[99.03082,18.765944]],[[99.030151,18.765399],[99.029909,18.765351],[99.029857,18.765403],[99.029852,18.765488],[99.029956,18.765688],[99.02995,18.765969],[99.030049,18.766104],[99.030146,18.766172],[99.030284,18.766225],[99.03044,18.766225],[99.030583,18.76616],[99.030701,18.766067],[99.03076,18.7659],[99.030773,18.765754],[99.030744,18.765641],[99.030641,18.765498],[99.030551,18.765435],[99.03038,18.765395],[99.030151,18.765399]]]}},{"type":"Feature","properties":{"k":"water"},"geometry":{"type":"Polygon","coordinates":[[[98.951242,18.781639],[98.951448,18.781791],[98.95162,18.78173],[98.952296,18.78173],[98.952382,18.781872],[98.952513,18.781993],[98.952528,18.78222],[98.952436,18.782236],[98.952326,18.782316],[98.952217,18.782196],[98.951867,18.782187],[98.951663,18.782238],[98.950976,18.782593],[98.950761,18.782837],[98.950665,18.782886],[98.950542,18.78286],[98.950276,18.782553],[98.950456,18.782368],[98.950706,18.782309],[98.950955,18.782134],[98.951137,18.781706],[98.950907,18.781517],[98.950836,18.781399],[98.950716,18.781407],[98.950574,18.781038],[98.950757,18.78092],[98.950898,18.780955],[98.951242,18.781639]],[[98.951315,18.782076],[98.95129,18.782157],[98.951395,18.78219],[98.951607,18.782119],[98.951674,18.782051],[98.951671,18.782008],[98.951623,18.781985],[98.951315,18.782076]]]}},{"type":"Feature","properties":{"k":"water"},"geometry":{"type":"Polygon","coordinates":[[[98.955436,18.765014],[98.956506,18.765003],[98.957497,18.765164],[98.957889,18.765282],[98.958037,18.765414],[98.958082,18.765533],[98.958127,18.765907],[98.95825,18.766385],[98.958206,18.766515],[98.958122,18.766628],[98.957995,18.766693],[98.957823,18.766717],[98.957515,18.766644],[98.957222,18.766631],[98.956825,18.766754],[98.956122,18.767156],[98.955794,18.767274],[98.955481,18.767227],[98.955422,18.767174],[98.955349,18.766964],[98.955151,18.766276],[98.955107,18.766001],[98.95515,18.765441],[98.955206,18.765185],[98.955325,18.765047],[98.955353,18.765059],[98.955436,18.765014]],[[98.957691,18.765284],[98.957501,18.765258],[98.957367,18.765298],[98.957292,18.7654],[98.95719,18.765765],[98.957211,18.765786],[98.957139,18.765979],[98.957032,18.766052],[98.956538,18.766118],[98.956492,18.766186],[98.956463,18.766324],[98.956489,18.766579],[98.956527,18.766677],[98.956617,18.766709],[98.957199,18.766559],[98.957331,18.766553],[98.957822,18.766651],[98.958066,18.766582],[98.95816,18.766489],[98.958195,18.766386],[98.958096,18.766125],[98.958003,18.765532],[98.957887,18.76536],[98.957691,18.765284]],[[98.955355,18.765101],[98.955191,18.765755],[98.95516,18.765998],[98.955202,18.766265],[98.955497,18.767135],[98.955569,18.767195],[98.955703,18.767212],[98.95641,18.766916],[98.956484,18.766861],[98.956509,18.76678],[98.956491,18.766673],[98.956431,18.766558],[98.956374,18.766243],[98.956342,18.766187],[98.95616,18.766068],[98.956141,18.765991],[98.956168,18.765928],[98.956232,18.765915],[98.956519,18.766009],[98.956643,18.766022],[98.956994,18.765984],[98.957177,18.765762],[98.957214,18.765622],[98.957227,18.765308],[98.957158,18.765186],[98.957039,18.765135],[98.956502,18.765053],[98.955459,18.765065],[98.955422,18.765044],[98.955358,18.765067],[98.955355,18.765101]]]}},{"type":"Feature","properties":{"k":"water"},"geometry":{"type":"Polygon","coordinates":[[[98.984595,18.744104],[98.984621,18.744811],[98.984783,18.745476],[98.985084,18.745954],[98.985514,18.746522],[98.986398,18.747251],[98.986782,18.747454],[98.987154,18.747581],[98.987594,18.747829],[98.987986,18.748168],[98.988196,18.748446],[98.988297,18.748717],[98.988364,18.749092],[98.988348,18.749478],[98.988251,18.750208],[98.988371,18.750719],[98.988453,18.751267],[98.990301,18.752322],[98.990282,18.752362],[98.990604,18.752547],[98.990669,18.752541],[98.99072,18.752484],[98.990964,18.75261],[98.991535,18.752987],[98.99192,18.753139],[98.99284,18.753329],[98.993622,18.753587],[98.994084,18.753694],[98.994569,18.753976],[98.994906,18.754238],[98.995228,18.754546],[98.995413,18.754786],[98.99569,18.755258],[98.995777,18.755569],[98.995788,18.757073],[98.995831,18.75764],[98.996293,18.758515],[98.997353,18.759822],[98.997633,18.760097],[98.998436,18.760635],[98.998643,18.760752],[98.998861,18.76081],[99.000695,18.760721],[99.000833,18.760764],[99.00133,18.761028],[99.002451,18.761383],[99.002779,18.761532],[99.003929,18.762122],[99.004319,18.7625],[99.004518,18.76295],[99.004682,18.763593],[99.004639,18.764311],[99.004572,18.76479],[99.00432,18.765295],[99.003821,18.766021],[99.003587,18.766428],[99.003268,18.766915],[99.002782,18.767531],[99.002503,18.768269],[99.002243,18.76933],[99.002396,18.77015],[99.002634,18.771165],[99.002908,18.771717],[99.003512,18.772566],[99.004226,18.773494],[99.004923,18.77416],[99.006475,18.77529],[99.006919,18.775732],[99.00724,18.77626],[99.007362,18.776534],[99.007384,18.776842],[99.007282,18.777878],[99.007216,18.778253],[99.007058,18.778631],[99.006986,18.778693],[99.006956,18.778866],[99.006672,18.779304],[99.006278,18.779819],[99.006,18.780422],[99.005342,18.782075],[99.00502,18.78309],[99.004865,18.784602],[99.004915,18.785274],[99.004986,18.785691],[99.005093,18.78722],[99.005061,18.787502],[99.004952,18.787729],[99.004912,18.787888],[99.00464,18.788473],[99.004245,18.789123],[99.003678,18.789951],[99.003258,18.790414],[99.002097,18.791486],[99.001872,18.791679],[99.001633,18.791821],[99.001325,18.792101],[99.00085,18.792771],[99.00023,18.793751],[99.00005,18.794232],[98.999977,18.794694],[98.999989,18.795075],[99.000098,18.796043],[99.000197,18.796307],[99.000639,18.797186],[99.001091,18.797534],[99.00176,18.797923],[99.002606,18.79857],[99.003152,18.799163],[99.003492,18.79966],[99.003682,18.800036],[99.003793,18.800313],[99.003905,18.800734],[99.004055,18.80211],[99.004265,18.80324],[99.004308,18.803744],[99.004203,18.805197],[99.004187,18.80654],[99.004117,18.808089],[99.003792,18.809522],[99.00354,18.810417],[99.003168,18.811533],[99.003174,18.812313],[99.003132,18.812563],[99.002726,18.813431],[99.00184,18.814802],[99.001681,18.815322],[99.001423,18.815831],[99.000945,18.816508],[99.000606,18.816912],[99.00015,18.817538],[98.999079,18.818703],[98.997897,18.819545],[98.996556,18.820581],[98.996073,18.821029],[98.995698,18.82163],[98.995423,18.822296],[98.995256,18.82281],[98.995231,18.823329],[98.995309,18.823734],[98.995611,18.824283],[98.996193,18.824913],[98.99697,18.825873],[98.997544,18.826693],[98.997652,18.827113],[98.997881,18.827526],[98.997928,18.82818],[98.997916,18.828384],[98.997895,18.828616],[98.99775,18.82896],[98.997058,18.830075],[98.996621,18.830502],[98.996249,18.83081],[98.995712,18.831185],[98.994935,18.83167],[98.994573,18.831825],[98.994424,18.831951],[98.993949,18.832142],[98.993402,18.832438],[98.992577,18.833041],[98.992264,18.833373],[98.991874,18.833969],[98.991783,18.834209],[98.991745,18.834468],[98.991606,18.834707],[98.991402,18.835349],[98.990921,18.836594],[98.990534,18.837993],[98.990399,18.838353],[98.990087,18.838943],[98.989782,18.839642],[98.989373,18.840301],[98.988908,18.840927],[98.987896,18.841883],[98.986727,18.84263],[98.98627,18.843004],[98.98606,18.843222],[98.985494,18.843924],[98.985299,18.844791],[98.985268,18.845341],[98.985336,18.846061],[98.98542,18.846425],[98.985747,18.847391],[98.986021,18.848093],[98.986267,18.848512],[98.986469,18.848708],[98.98684,18.849235],[98.986865,18.849492],[98.986834,18.849802],[98.986089,18.849755],[98.986083,18.849395],[98.98597,18.848989],[98.985096,18.847113],[98.984708,18.84598],[98.984591,18.845333],[98.984821,18.84452],[98.985357,18.843432],[98.985876,18.842866],[98.986892,18.842007],[98.987533,18.841396],[98.988445,18.840708],[98.988664,18.840503],[98.989179,18.839892],[98.989367,18.83956],[98.989634,18.838945],[98.989723,18.838642],[98.989862,18.837925],[98.990222,18.836962],[98.99059,18.836123],[98.990923,18.835475],[98.991405,18.833975],[98.991676,18.833313],[98.991863,18.832991],[98.992625,18.83239],[98.993063,18.832096],[98.994385,18.831517],[98.994785,18.831289],[98.995067,18.830966],[98.995826,18.830409],[98.996416,18.829866],[98.996917,18.829306],[98.997326,18.829044],[98.997546,18.828723],[98.997539,18.828199],[98.997432,18.827742],[98.997231,18.827199],[98.996959,18.826676],[98.996239,18.825682],[98.995876,18.825296],[98.995402,18.82489],[98.995115,18.824558],[98.99473,18.823532],[98.994636,18.82293],[98.994709,18.822424],[98.994931,18.821889],[98.995275,18.821438],[98.99548,18.821059],[98.995838,18.820648],[98.996715,18.81981],[98.997635,18.819114],[98.998368,18.818327],[98.999089,18.817607],[98.999535,18.817206],[98.999671,18.81724],[99.000133,18.816649],[99.000418,18.816427],[99.000603,18.816092],[99.000913,18.815667],[99.001213,18.815002],[99.001129,18.814909],[99.001174,18.814838],[99.001322,18.814851],[99.001483,18.814701],[99.001861,18.813608],[99.002352,18.812563],[99.002813,18.81067],[99.003056,18.809834],[99.00342,18.808203],[99.003495,18.807276],[99.00349,18.80499],[99.003644,18.804129],[99.003625,18.803823],[99.003331,18.802665],[99.003068,18.801042],[99.002814,18.799924],[99.002765,18.799722],[99.002629,18.799473],[99.002577,18.799255],[99.002234,18.798987],[99.002224,18.798901],[99.002163,18.798909],[99.00166,18.798426],[99.000834,18.797964],[99.000257,18.797517],[98.999978,18.797235],[98.999621,18.796737],[98.999381,18.796167],[98.999224,18.794681],[98.999344,18.794115],[98.999609,18.793335],[98.999766,18.793069],[99.00088,18.791674],[99.001278,18.791303],[99.002091,18.790628],[99.002412,18.7903],[99.002964,18.789487],[99.00333,18.788815],[99.00376,18.787951],[99.004056,18.787265],[99.00432,18.786622],[99.004409,18.7862],[99.00442,18.785618],[99.004204,18.783821],[99.004018,18.783159],[99.004075,18.782604],[99.004362,18.782029],[99.004803,18.781589],[99.005085,18.781173],[99.005131,18.780973],[99.005344,18.780549],[99.005709,18.779912],[99.00584,18.779575],[99.006258,18.778845],[99.006503,18.778292],[99.006577,18.77761],[99.006551,18.776936],[99.006349,18.776542],[99.005829,18.775845],[99.005403,18.775403],[99.004873,18.774687],[99.004431,18.774355],[99.003857,18.773856],[99.003401,18.773415],[99.00322,18.773182],[99.00234,18.771882],[99.00209,18.771289],[99.001891,18.770641],[99.001838,18.770047],[99.001734,18.769697],[99.001658,18.769182],[99.0017,18.768694],[99.001805,18.768065],[99.002327,18.767047],[99.002987,18.766018],[99.003538,18.765079],[99.003639,18.76467],[99.003707,18.763859],[99.003521,18.763178],[99.003263,18.762656],[99.003059,18.762353],[99.002781,18.762177],[99.00246,18.762057],[99.0022,18.761922],[99.001613,18.761736],[99.001387,18.761636],[99.001054,18.761629],[99.00067,18.761558],[99.000459,18.761436],[98.999045,18.761368],[98.997857,18.760903],[98.99749,18.760677],[98.99718,18.760423],[98.996401,18.759433],[98.996169,18.759207],[98.99576,18.758603],[98.995659,18.758355],[98.995496,18.758152],[98.995214,18.757639],[98.995097,18.75737],[98.995007,18.756889],[98.995069,18.756332],[98.995172,18.755827],[98.995003,18.755215],[98.994626,18.754738],[98.994059,18.754196],[98.993472,18.753862],[98.992412,18.753601],[98.992196,18.753575],[98.991958,18.753594],[98.991522,18.753698],[98.991282,18.753722],[98.990951,18.753668],[98.990499,18.753477],[98.990461,18.753533],[98.990154,18.753355],[98.990196,18.753248],[98.990133,18.753178],[98.989853,18.753027],[98.989824,18.753062],[98.989323,18.752794],[98.988759,18.752469],[98.988061,18.751994],[98.987907,18.751813],[98.987781,18.751391],[98.987719,18.751279],[98.987775,18.751005],[98.987793,18.750258],[98.988007,18.749399],[98.987977,18.749018],[98.987912,18.748797],[98.987721,18.748361],[98.987152,18.747925],[98.986193,18.747513],[98.98557,18.747077],[98.985223,18.746781],[98.984778,18.746297],[98.984549,18.745816],[98.984441,18.74545],[98.984339,18.745053],[98.984219,18.744165],[98.984595,18.744104]]]}},{"type":"Feature","properties":{"k":"water","n":"Ping River"},"geometry":{"type":"Polygon","coordinates":[[[98.98638,18.720113],[98.986988,18.720101],[98.98691,18.720291],[98.986836,18.720991],[98.986791,18.721543],[98.986792,18.722024],[98.986854,18.722558],[98.986849,18.722877],[98.987017,18.723199],[98.9872,18.724719],[98.987303,18.72488],[98.987289,18.725984],[98.98724,18.726248],[98.9868,18.727058],[98.985862,18.7281],[98.985526,18.728595],[98.985113,18.729433],[98.985049,18.729797],[98.985143,18.730406],[98.985108,18.730737],[98.985121,18.730902],[98.985406,18.732698],[98.985443,18.733772],[98.985343,18.734344],[98.985019,18.735301],[98.984893,18.735595],[98.984553,18.736147],[98.984345,18.736406],[98.983831,18.736945],[98.983403,18.737305],[98.981535,18.738342],[98.981302,18.738578],[98.981162,18.738941],[98.98119,18.739257],[98.981432,18.739611],[98.981723,18.739921],[98.982022,18.740122],[98.982614,18.740306],[98.983008,18.740388],[98.983204,18.740483],[98.983497,18.741025],[98.983641,18.741402],[98.983909,18.742355],[98.984552,18.743908],[98.984595,18.744104],[98.984219,18.744165],[98.984136,18.743744],[98.983777,18.743094],[98.983441,18.742326],[98.982939,18.740842],[98.982711,18.740615],[98.982446,18.740502],[98.981671,18.740287],[98.981329,18.740084],[98.980904,18.739713],[98.980778,18.739463],[98.980651,18.739488],[98.980561,18.739468],[98.980525,18.739354],[98.980566,18.739278],[98.980664,18.739196],[98.980724,18.738872],[98.98089,18.738554],[98.981093,18.738296],[98.981686,18.737845],[98.983547,18.736782],[98.983814,18.736505],[98.984167,18.736134],[98.984383,18.735798],[98.984594,18.735347],[98.984724,18.734984],[98.984965,18.734144],[98.985044,18.733653],[98.984939,18.732598],[98.984663,18.731354],[98.984622,18.73095],[98.984632,18.730159],[98.984671,18.72975],[98.984829,18.729106],[98.985164,18.728506],[98.985468,18.727793],[98.986379,18.726726],[98.986614,18.726311],[98.986762,18.7258],[98.986827,18.725425],[98.986815,18.724725],[98.986756,18.724443],[98.986641,18.724142],[98.986532,18.723676],[98.986397,18.723398],[98.986345,18.72311],[98.986329,18.721967],[98.986411,18.720294],[98.98638,18.720113]]]}},{"type":"Feature","properties":{"k":"water"},"geometry":{"type":"Polygon","coordinates":[[[98.990914,18.784611],[98.99089,18.784533],[98.990976,18.784509],[98.991,18.784588],[98.990914,18.784611]],[[98.990929,18.784591],[98.990978,18.784578],[98.990963,18.784532],[98.990915,18.784545],[98.990929,18.784591]]]}},{"type":"Feature","properties":{"k":"water"},"geometry":{"type":"Polygon","coordinates":[[[98.924009,18.768351],[98.923937,18.768285],[98.923991,18.768093],[98.923432,18.767739],[98.923338,18.767617],[98.923227,18.767421],[98.923181,18.767245],[98.923203,18.767171],[98.923295,18.767137],[98.923385,18.767157],[98.923641,18.767416],[98.924092,18.767791],[98.924135,18.767892],[98.924173,18.768155],[98.92429,18.768225],[98.924234,18.76841],[98.924152,18.768463],[98.924098,18.768446],[98.924009,18.768351]]]}},{"type":"Feature","properties":{"k":"water","n":"Nong Umong"},"geometry":{"type":"Polygon","coordinates":[[[98.947895,18.783368],[98.947755,18.78332],[98.947648,18.783238],[98.947562,18.78305],[98.947635,18.782982],[98.948181,18.782775],[98.948262,18.782769],[98.948386,18.782929],[98.948549,18.782934],[98.948579,18.783028],[98.948533,18.783088],[98.948544,18.783269],[98.948423,18.783355],[98.948324,18.783353],[98.948171,18.783274],[98.947895,18.783368]]]}},{"type":"Feature","properties":{"k":"water"},"geometry":{"type":"Polygon","coordinates":[[[98.980561,18.739468],[98.980407,18.739583],[98.980171,18.739827],[98.980112,18.739903],[98.980115,18.740015],[98.980199,18.740304],[98.980584,18.741212],[98.980575,18.741945],[98.980651,18.742107],[98.980816,18.742222],[98.98088,18.742365],[98.981017,18.742888],[98.980803,18.742264],[98.980699,18.74218],[98.980603,18.742149],[98.980569,18.742093],[98.98042,18.74212],[98.980402,18.742038],[98.980546,18.742],[98.980502,18.741869],[98.980534,18.741219],[98.980046,18.740048],[98.980049,18.739864],[98.980377,18.739557],[98.980546,18.739443],[98.980561,18.739468]]]}},{"type":"Feature","properties":{"k":"water"},"geometry":{"type":"Polygon","coordinates":[[[98.980525,18.739354],[98.980401,18.739316],[98.979819,18.738746],[98.979333,18.738116],[98.979297,18.738007],[98.979375,18.7374],[98.979313,18.737122],[98.979312,18.736674],[98.979354,18.736499],[98.979541,18.736259],[98.979847,18.735999],[98.97992,18.735879],[98.979776,18.735276],[98.979762,18.734791],[98.979619,18.73447],[98.979719,18.733977],[98.979643,18.73359],[98.979677,18.733474],[98.979976,18.732998],[98.980161,18.732805],[98.98041,18.732676],[98.980576,18.732452],[98.98094,18.732374],[98.981071,18.732312],[98.981216,18.73195],[98.981484,18.731619],[98.981551,18.731493],[98.981686,18.731375],[98.981858,18.731314],[98.98205,18.731152],[98.98226,18.730803],[98.982271,18.730646],[98.982559,18.730319],[98.982826,18.73026],[98.982885,18.730204],[98.982855,18.730081],[98.982861,18.72991],[98.983019,18.729786],[98.983075,18.729629],[98.983002,18.72889],[98.982907,18.728847],[98.982664,18.728866],[98.982401,18.728958],[98.982252,18.728969],[98.981947,18.7288],[98.98184,18.728786],[98.981164,18.728921],[98.980788,18.728904],[98.980498,18.728934],[98.98044,18.72902],[98.980282,18.729144],[98.980234,18.72929],[98.980066,18.729445],[98.980039,18.72951],[98.980059,18.72962],[98.980133,18.729764],[98.980131,18.730135],[98.980068,18.7303],[98.979817,18.73067],[98.979748,18.730711],[98.979438,18.730773],[98.97927,18.730776],[98.979138,18.730705],[98.978986,18.730676],[98.978911,18.730737],[98.978912,18.730958],[98.978857,18.731098],[98.978311,18.731604],[98.978209,18.731643],[98.978146,18.731882],[98.978042,18.731937],[98.977857,18.732389],[98.977858,18.732458],[98.978004,18.732679],[98.978058,18.732815],[98.978004,18.733159],[98.978021,18.733201],[98.978249,18.733364],[98.978313,18.733523],[98.978594,18.733725],[98.978637,18.733924],[98.978471,18.734788],[98.978325,18.735041],[98.97824,18.735141],[98.978176,18.735161],[98.977732,18.735165],[98.977654,18.735186],[98.977614,18.735262],[98.977548,18.735638],[98.977568,18.735982],[98.977501,18.736625],[98.977716,18.737506],[98.977748,18.737768],[98.977739,18.738224],[98.977799,18.738455],[98.978042,18.738898],[98.978105,18.739179],[98.978147,18.739756],[98.97812,18.739996],[98.978188,18.740496],[98.978425,18.740833],[98.978734,18.742233],[98.978864,18.7431],[98.979157,18.743551],[98.979435,18.744234],[98.979432,18.745001],[98.979397,18.745562],[98.979499,18.746292],[98.979623,18.746976],[98.979882,18.747254],[98.979984,18.74815],[98.980079,18.748467],[98.980074,18.749167],[98.979748,18.750538],[98.979618,18.751267],[98.979527,18.751434],[98.979335,18.75153],[98.979292,18.75163],[98.979255,18.753072],[98.979286,18.753267],[98.979392,18.753396],[98.979811,18.753629],[98.97994,18.753576],[98.980116,18.753433],[98.98085,18.753336],[98.980851,18.753374],[98.980133,18.753466],[98.97997,18.753625],[98.979801,18.753666],[98.979366,18.753424],[98.97925,18.753282],[98.979217,18.753074],[98.979254,18.751623],[98.979305,18.751504],[98.979499,18.751407],[98.979582,18.751255],[98.97971,18.75053],[98.980016,18.749166],[98.98,18.748452],[98.97993,18.748219],[98.979861,18.747387],[98.979809,18.747244],[98.979571,18.746998],[98.979447,18.746304],[98.979312,18.745445],[98.979341,18.744179],[98.979261,18.743919],[98.978799,18.743199],[98.978736,18.743032],[98.978633,18.742253],[98.978346,18.740836],[98.978291,18.740736],[98.978215,18.74074],[98.978148,18.740541],[98.978064,18.739993],[98.978074,18.73944],[98.978027,18.739193],[98.977973,18.738986],[98.977737,18.738484],[98.977638,18.73813],[98.977651,18.737644],[98.977527,18.737248],[98.977419,18.736646],[98.977495,18.73545],[98.977541,18.735183],[98.977566,18.735148],[98.977704,18.735114],[98.978149,18.735109],[98.978263,18.735008],[98.978351,18.73487],[98.978431,18.734662],[98.978562,18.73392],[98.97853,18.733762],[98.978239,18.733571],[98.978138,18.733364],[98.977911,18.733239],[98.977893,18.733182],[98.978004,18.732956],[98.978007,18.732835],[98.977968,18.732693],[98.977803,18.732427],[98.977951,18.732027],[98.97802,18.73191],[98.978111,18.731847],[98.97818,18.731615],[98.97829,18.731574],[98.978832,18.731005],[98.978868,18.730813],[98.978857,18.730697],[98.978973,18.730624],[98.979299,18.730719],[98.979439,18.730713],[98.979714,18.730663],[98.979863,18.730516],[98.980017,18.730274],[98.980078,18.730113],[98.980094,18.729941],[98.98,18.729506],[98.980035,18.729423],[98.9802,18.729272],[98.980249,18.729124],[98.980411,18.728995],[98.980471,18.728908],[98.980642,18.728858],[98.980962,18.728889],[98.98168,18.728795],[98.981837,18.728749],[98.981961,18.728765],[98.982259,18.728932],[98.982393,18.728922],[98.982656,18.728831],[98.982914,18.72881],[98.983036,18.728866],[98.983113,18.729633],[98.983052,18.729807],[98.982898,18.729928],[98.982893,18.730077],[98.982927,18.730215],[98.982851,18.730287],[98.982589,18.730351],[98.982308,18.730665],[98.982297,18.730814],[98.98208,18.731174],[98.981878,18.731345],[98.981706,18.731406],[98.981582,18.731515],[98.981258,18.731967],[98.981097,18.73234],[98.980952,18.732408],[98.980608,18.732495],[98.980464,18.732731],[98.980194,18.732861],[98.980023,18.733026],[98.979722,18.733499],[98.979693,18.733593],[98.979769,18.733976],[98.979684,18.7343],[98.979672,18.734471],[98.979811,18.734778],[98.979814,18.735274],[98.979958,18.735819],[98.979955,18.735912],[98.979872,18.736029],[98.979569,18.736284],[98.979389,18.736515],[98.97935,18.736678],[98.979351,18.737119],[98.979412,18.737396],[98.979335,18.738009],[98.979371,18.738111],[98.979851,18.738726],[98.980433,18.739277],[98.980545,18.739304],[98.980525,18.739354]]]}},{"type":"Feature","properties":{"k":"water"},"geometry":{"type":"Polygon","coordinates":[[[98.927919,18.767429],[98.928649,18.767458],[98.928766,18.767666],[98.92869,18.767819],[98.92828,18.768289],[98.928237,18.768558],[98.928029,18.768593],[98.927969,18.768553],[98.927805,18.768672],[98.927404,18.768873],[98.927002,18.768953],[98.926876,18.768831],[98.926921,18.768683],[98.927117,18.768554],[98.927294,18.768541],[98.927365,18.76848],[98.92749,18.768176],[98.927642,18.768078],[98.92775,18.767884],[98.927903,18.767734],[98.927919,18.767429]]]}},{"type":"Feature","properties":{"k":"water"},"geometry":{"type":"MultiPolygon","coordinates":[[[[98.970287,18.780365],[98.970399,18.780281],[98.970506,18.780149],[98.970621,18.779931],[98.97072,18.77985],[98.970879,18.779781],[98.971069,18.779791],[98.971278,18.779969],[98.971294,18.780058],[98.971115,18.78034],[98.97112,18.780403],[98.971276,18.780507],[98.971581,18.780528],[98.971691,18.780594],[98.971831,18.780624],[98.972134,18.780604],[98.97263,18.780896],[98.973054,18.780878],[98.973089,18.780921],[98.973083,18.78102],[98.97304,18.781058],[98.972638,18.781038],[98.972555,18.781064],[98.972383,18.781025],[98.971828,18.781033],[98.971691,18.781051],[98.971563,18.781109],[98.971488,18.781079],[98.971369,18.780881],[98.971115,18.780774],[98.970863,18.780589],[98.970688,18.78052],[98.97053,18.780485],[98.970397,18.780514],[98.970337,18.780492],[98.970287,18.780365]],[[98.971694,18.780749],[98.971655,18.780765],[98.971641,18.780831],[98.971705,18.780874],[98.971946,18.780838],[98.971937,18.780801],[98.971694,18.780749]]],[[[98.970173,18.780399],[98.970226,18.780417],[98.970314,18.780525],[98.970303,18.78056],[98.970103,18.780612],[98.969476,18.780485],[98.9692,18.780525],[98.968953,18.780411],[98.968658,18.780383],[98.968671,18.780292],[98.969221,18.780396],[98.96969,18.780358],[98.969985,18.780406],[98.970173,18.780399]]]]}},{"type":"Feature","properties":{"k":"water"},"geometry":{"type":"Polygon","coordinates":[[[98.950702,18.805328],[98.950676,18.80529],[98.953093,18.804036],[98.95309,18.804075],[98.950702,18.805328]]]}},{"type":"Feature","properties":{"k":"water"},"geometry":{"type":"Polygon","coordinates":[[[98.950702,18.805328],[98.950536,18.805408],[98.950506,18.805368],[98.950676,18.80529],[98.950702,18.805328]]]}},{"type":"Feature","properties":{"k":"water","n":"Ang Kaew Reservoir"},"geometry":{"type":"Polygon","coordinates":[[[98.950506,18.805368],[98.950406,18.80542],[98.950425,18.805452],[98.950536,18.805408],[98.951077,18.805946],[98.951205,18.806128],[98.951265,18.806348],[98.951324,18.807201],[98.951281,18.807206],[98.951269,18.807305],[98.951301,18.807346],[98.95127,18.807446],[98.951174,18.807455],[98.951164,18.807521],[98.95113,18.807529],[98.951148,18.807614],[98.950898,18.807767],[98.950832,18.807776],[98.950821,18.807841],[98.950722,18.807855],[98.95057,18.807948],[98.950368,18.807896],[98.950373,18.807816],[98.950239,18.807676],[98.950167,18.807672],[98.950092,18.807736],[98.950031,18.807725],[98.950006,18.807797],[98.949897,18.807807],[98.949834,18.807847],[98.94981,18.807986],[98.949835,18.808029],[98.949796,18.808045],[98.949794,18.808141],[98.949732,18.808191],[98.949818,18.808287],[98.949873,18.808412],[98.949913,18.808435],[98.949941,18.808396],[98.950027,18.808433],[98.950007,18.808488],[98.949923,18.808574],[98.949914,18.808642],[98.949783,18.808742],[98.949573,18.808835],[98.949229,18.809402],[98.94897,18.809208],[98.948999,18.809172],[98.949101,18.809175],[98.949121,18.809149],[98.949046,18.809016],[98.949102,18.808973],[98.949111,18.808922],[98.949059,18.808786],[98.949095,18.808756],[98.949196,18.808769],[98.949251,18.808705],[98.94938,18.808668],[98.949501,18.808567],[98.949444,18.808348],[98.949343,18.80828],[98.949391,18.808186],[98.949335,18.808138],[98.949351,18.808021],[98.949273,18.807948],[98.949251,18.807885],[98.949271,18.807838],[98.949349,18.807841],[98.94937,18.80771],[98.949322,18.807633],[98.949222,18.807615],[98.949153,18.807564],[98.94945,18.807517],[98.949496,18.807493],[98.949507,18.807445],[98.949467,18.807394],[98.949335,18.807354],[98.949098,18.807392],[98.948953,18.80748],[98.948838,18.807406],[98.948769,18.807186],[98.948817,18.806942],[98.948728,18.806645],[98.948768,18.806617],[98.948754,18.806547],[98.948707,18.806498],[98.948666,18.806516],[98.94845,18.806465],[98.948398,18.806471],[98.948364,18.806514],[98.948296,18.806485],[98.948238,18.806406],[98.94815,18.806403],[98.948064,18.806486],[98.947776,18.806562],[98.94762,18.806678],[98.947442,18.806657],[98.947438,18.806567],[98.947506,18.806556],[98.947549,18.806501],[98.947796,18.806455],[98.948074,18.806276],[98.948107,18.805976],[98.948388,18.805538],[98.94834,18.805495],[98.948332,18.805443],[98.948461,18.805464],[98.948516,18.805439],[98.948725,18.805505],[98.948992,18.805357],[98.949165,18.805393],[98.949196,18.805334],[98.949182,18.805299],[98.949222,18.805256],[98.949267,18.805242],[98.949383,18.805287],[98.949511,18.805278],[98.949641,18.80518],[98.949676,18.805209],[98.949806,18.805164],[98.949861,18.805167],[98.950046,18.80528],[98.950506,18.805368]],[[98.949614,18.807292],[98.949738,18.807182],[98.949669,18.80716],[98.949716,18.80711],[98.949722,18.807044],[98.949678,18.807025],[98.949724,18.806882],[98.949661,18.806833],[98.949564,18.806928],[98.949534,18.807032],[98.949559,18.807074],[98.94948,18.807183],[98.949489,18.807223],[98.94953,18.807223],[98.949614,18.807292]],[[98.94891,18.806241],[98.949008,18.806235],[98.949062,18.80628],[98.949083,18.80635],[98.94913,18.806363],[98.949117,18.806391],[98.949169,18.806388],[98.94917,18.806355],[98.94922,18.806342],[98.949236,18.806285],[98.949298,18.806247],[98.949255,18.806207],[98.949275,18.806128],[98.94919,18.806076],[98.949157,18.806017],[98.949035,18.805982],[98.948994,18.805932],[98.948929,18.805959],[98.948838,18.806068],[98.948844,18.806133],[98.94891,18.806182],[98.94891,18.806241]]]}},{"type":"Feature","properties":{"k":"water"},"geometry":{"type":"Polygon","coordinates":[[[98.967583,18.920204],[98.967464,18.919972],[98.967728,18.919686],[98.967883,18.919539],[98.968169,18.919491],[98.968808,18.918953],[98.96895,18.918795],[98.969429,18.917946],[98.969572,18.9178],[98.969712,18.917555],[98.969971,18.916753],[98.970058,18.91666],[98.97011,18.916244],[98.970274,18.915641],[98.970335,18.914935],[98.970502,18.914309],[98.970664,18.913829],[98.970802,18.913244],[98.97084,18.912572],[98.970967,18.912017],[98.971117,18.911596],[98.971261,18.911014],[98.971263,18.91062],[98.971162,18.910176],[98.971055,18.909101],[98.971118,18.908664],[98.971177,18.908436],[98.971701,18.90727],[98.972006,18.906845],[98.973073,18.905792],[98.974003,18.905154],[98.974422,18.9049],[98.9748,18.904633],[98.97499,18.904458],[98.975761,18.903539],[98.975897,18.903322],[98.97606,18.902825],[98.976048,18.902483],[98.975948,18.901983],[98.975731,18.901132],[98.975597,18.90082],[98.974847,18.899532],[98.974672,18.899286],[98.974462,18.898889],[98.974034,18.898485],[98.973646,18.897899],[98.973218,18.896832],[98.972918,18.896464],[98.972767,18.896148],[98.97266,18.895785],[98.972506,18.89546],[98.97257,18.894942],[98.972633,18.894861],[98.973821,18.894506],[98.974197,18.894321],[98.974446,18.894123],[98.97455,18.893957],[98.974595,18.893807],[98.974556,18.893553],[98.97444,18.893197],[98.974226,18.892789],[98.9738,18.892187],[98.973176,18.891408],[98.972494,18.890354],[98.972319,18.889841],[98.972278,18.889609],[98.972284,18.889393],[98.972353,18.889117],[98.972599,18.888625],[98.972946,18.888318],[98.973033,18.888177],[98.973503,18.887717],[98.97369,18.887453],[98.974146,18.887081],[98.974412,18.886732],[98.974848,18.885909],[98.975495,18.884293],[98.975884,18.883508],[98.976896,18.881814],[98.977253,18.881322],[98.977445,18.880758],[98.977565,18.88058],[98.977911,18.879844],[98.977967,18.879668],[98.978002,18.879321],[98.977975,18.879117],[98.97791,18.878943],[98.977404,18.877952],[98.977168,18.87758],[98.976799,18.877054],[98.976333,18.876466],[98.97519,18.875128],[98.974805,18.87445],[98.974197,18.873527],[98.973872,18.872866],[98.973703,18.872299],[98.973423,18.871718],[98.973312,18.871188],[98.973289,18.870819],[98.973411,18.870415],[98.973648,18.870109],[98.975039,18.869012],[98.976549,18.868072],[98.976901,18.867694],[98.977504,18.867126],[98.977834,18.866392],[98.977991,18.866169],[98.978019,18.866002],[98.978188,18.865605],[98.978359,18.865394],[98.978422,18.865227],[98.978418,18.864723],[98.978268,18.863812],[98.978089,18.863393],[98.977775,18.862977],[98.977237,18.862529],[98.976639,18.862251],[98.976167,18.862085],[98.975715,18.861846],[98.975379,18.861653],[98.974643,18.86109],[98.974582,18.860963],[98.974396,18.860737],[98.974099,18.859931],[98.974119,18.859372],[98.974207,18.859204],[98.97471,18.858754],[98.974915,18.85863],[98.975431,18.8585],[98.977115,18.858633],[98.977977,18.858812],[98.978539,18.858869],[98.978939,18.858948],[98.979165,18.858928],[98.979928,18.85876],[98.980219,18.858594],[98.980644,18.858178],[98.980749,18.858133],[98.981034,18.858143],[98.981075,18.858034],[98.980956,18.857315],[98.98037,18.855836],[98.980242,18.855327],[98.980132,18.854568],[98.979964,18.854008],[98.979835,18.853132],[98.979878,18.852417],[98.98,18.85192],[98.980176,18.851491],[98.98039,18.851248],[98.9808,18.851082],[98.981881,18.851061],[98.983003,18.851177],[98.983761,18.851408],[98.984362,18.851359],[98.984691,18.851363],[98.985368,18.851241],[98.98565,18.851046],[98.985832,18.850698],[98.986002,18.850255],[98.986089,18.849755],[98.986834,18.849802],[98.986738,18.850184],[98.986446,18.850743],[98.985962,18.851353],[98.985463,18.851754],[98.984926,18.851943],[98.984463,18.851916],[98.983922,18.851788],[98.983319,18.85178],[98.982493,18.851608],[98.981456,18.851509],[98.981013,18.851588],[98.980665,18.851895],[98.980494,18.852249],[98.980427,18.853137],[98.980655,18.853937],[98.980741,18.854782],[98.980901,18.855492],[98.981114,18.856024],[98.981307,18.856695],[98.981542,18.857184],[98.981612,18.857501],[98.981596,18.857903],[98.981542,18.858224],[98.981438,18.858546],[98.981186,18.858776],[98.98044,18.859159],[98.979891,18.859342],[98.979645,18.859351],[98.979128,18.859428],[98.978403,18.859328],[98.977048,18.859018],[98.975661,18.858898],[98.975262,18.858967],[98.975113,18.859038],[98.974949,18.859248],[98.974879,18.85954],[98.974889,18.859763],[98.97505,18.860345],[98.975292,18.860796],[98.975362,18.861006],[98.976069,18.861657],[98.976316,18.861793],[98.97684,18.861942],[98.977192,18.862093],[98.977522,18.862271],[98.978168,18.862719],[98.978498,18.863151],[98.978664,18.863505],[98.978782,18.864244],[98.978807,18.864907],[98.978716,18.865913],[98.978595,18.866575],[98.978395,18.866893],[98.977458,18.867981],[98.976754,18.868392],[98.976326,18.86875],[98.975649,18.869046],[98.975241,18.869271],[98.974576,18.869763],[98.974022,18.870419],[98.973897,18.870684],[98.973872,18.870959],[98.973874,18.871519],[98.973938,18.871945],[98.974395,18.873034],[98.974796,18.873693],[98.975163,18.874199],[98.975429,18.874773],[98.975989,18.875521],[98.976913,18.876536],[98.977501,18.877338],[98.978017,18.878301],[98.978267,18.878701],[98.978423,18.879087],[98.978477,18.87933],[98.978488,18.879589],[98.978448,18.879926],[98.978055,18.880952],[98.977571,18.881634],[98.977389,18.882059],[98.976452,18.883236],[98.975936,18.884426],[98.97563,18.884995],[98.974892,18.886727],[98.974696,18.887035],[98.973895,18.887909],[98.973209,18.888578],[98.972789,18.889096],[98.972725,18.889278],[98.972674,18.889619],[98.972684,18.889838],[98.972758,18.890053],[98.972968,18.890431],[98.973971,18.891678],[98.974712,18.892825],[98.974914,18.893664],[98.975037,18.894006],[98.975025,18.894128],[98.974967,18.894222],[98.974696,18.894495],[98.974505,18.894635],[98.974034,18.894826],[98.973164,18.895096],[98.973107,18.895201],[98.973088,18.895607],[98.973171,18.895805],[98.973655,18.896481],[98.973941,18.896934],[98.974492,18.898124],[98.975238,18.899192],[98.97561,18.899907],[98.975929,18.900296],[98.976177,18.900939],[98.976327,18.902002],[98.976509,18.902609],[98.97656,18.903047],[98.976628,18.903296],[98.976594,18.903432],[98.976347,18.903792],[98.976081,18.90413],[98.975844,18.904362],[98.975264,18.90488],[98.973742,18.905926],[98.973398,18.906378],[98.972909,18.906735],[98.972371,18.90719],[98.972036,18.907569],[98.971894,18.907763],[98.971763,18.908017],[98.971593,18.908392],[98.971544,18.908568],[98.971494,18.90932],[98.97153,18.909931],[98.971716,18.910467],[98.971935,18.911382],[98.972015,18.911489],[98.972063,18.911641],[98.972012,18.912573],[98.971887,18.913104],[98.971082,18.914434],[98.970871,18.915064],[98.970649,18.916055],[98.970392,18.916709],[98.97025,18.916921],[98.969902,18.917799],[98.969776,18.918041],[98.969606,18.918325],[98.969412,18.918537],[98.9693,18.918724],[98.969113,18.919146],[98.968956,18.919289],[98.968765,18.919327],[98.968497,18.919499],[98.968367,18.919707],[98.967998,18.920095],[98.967979,18.920293],[98.968009,18.920577],[98.968116,18.920874],[98.968272,18.920963],[98.969181,18.921338],[98.969942,18.92146],[98.970459,18.921624],[98.971408,18.921835],[98.971706,18.922051],[98.972841,18.923329],[98.97325,18.923969],[98.973954,18.924899],[98.974009,18.925141],[98.974004,18.925293],[98.973944,18.925433],[98.973748,18.925679],[98.973502,18.925917],[98.972947,18.926215],[98.972625,18.926469],[98.972011,18.926738],[98.97178,18.926801],[98.971555,18.926781],[98.97115,18.926555],[98.970809,18.926486],[98.96932,18.926517],[98.969122,18.926588],[98.968634,18.926966],[98.968343,18.92738],[98.968111,18.927631],[98.967757,18.92794],[98.96721,18.92858],[98.967038,18.929031],[98.966968,18.929463],[98.966957,18.929853],[98.967022,18.930168],[98.96721,18.930513],[98.967301,18.930614],[98.967429,18.93069],[98.967868,18.930822],[98.968283,18.930902],[98.969213,18.93101],[98.969527,18.931008],[98.970446,18.930808],[98.970805,18.9308],[98.971587,18.931289],[98.971679,18.931415],[98.972351,18.931896],[98.972835,18.932088],[98.973918,18.932347],[98.974097,18.932515],[98.97472,18.933443],[98.974948,18.933832],[98.975905,18.934633],[98.976608,18.935118],[98.976986,18.935501],[98.977407,18.936211],[98.977523,18.936594],[98.977635,18.937256],[98.978008,18.938865],[98.977997,18.939332],[98.977831,18.939527],[98.977539,18.939715],[98.977053,18.940293],[98.97671,18.940839],[98.976466,18.941311],[98.976037,18.941772],[98.975793,18.942087],[98.975719,18.942592],[98.975201,18.943944],[98.974765,18.944928],[98.974604,18.945474],[98.974586,18.945636],[98.974787,18.946268],[98.975204,18.946557],[98.975413,18.946632],[98.976117,18.94678],[98.976498,18.946974],[98.976891,18.947385],[98.977257,18.948041],[98.977313,18.948287],[98.977216,18.949675],[98.976948,18.950744],[98.976769,18.951161],[98.97635,18.951821],[98.97605,18.952531],[98.975978,18.952851],[98.975814,18.953257],[98.975535,18.953729],[98.975422,18.954178],[98.975294,18.955078],[98.975098,18.956126],[98.974742,18.95718],[98.974459,18.958335],[98.974326,18.958736],[98.974116,18.959273],[98.973842,18.959752],[98.973769,18.960004],[98.973684,18.960652],[98.973719,18.962147],[98.973689,18.963244],[98.973551,18.963921],[98.973244,18.964861],[98.97317,18.965225],[98.972987,18.965594],[98.972713,18.966039],[98.972518,18.966223],[98.972234,18.966413],[98.971872,18.966587],[98.969814,18.967293],[98.969235,18.967575],[98.968229,18.967941],[98.967744,18.968056],[98.967667,18.96803],[98.967647,18.967969],[98.967532,18.968025],[98.967045,18.968146],[98.96662,18.968227],[98.965914,18.968311],[98.965788,18.968356],[98.965677,18.968419],[98.965003,18.969061],[98.964573,18.969546],[98.964369,18.970132],[98.964241,18.970343],[98.964072,18.97085],[98.964068,18.971082],[98.964143,18.971428],[98.96422,18.97156],[98.964631,18.972065],[98.964737,18.972156],[98.965184,18.972391],[98.965479,18.972612],[98.965898,18.97306],[98.966582,18.973912],[98.966661,18.974176],[98.966643,18.974825],[98.96641,18.975325],[98.965897,18.976027],[98.9656,18.976161],[98.965301,18.976363],[98.964771,18.976474],[98.964516,18.976664],[98.964069,18.977155],[98.962997,18.97856],[98.962721,18.978868],[98.962417,18.97934],[98.962194,18.979838],[98.961867,18.980236],[98.961511,18.980472],[98.961334,18.980684],[98.961156,18.981047],[98.961062,18.981368],[98.961048,18.981645],[98.961089,18.981994],[98.961504,18.983676],[98.961557,18.983986],[98.961558,18.984249],[98.961369,18.984766],[98.961409,18.98501],[98.961215,18.986533],[98.961168,18.987205],[98.961216,18.987564],[98.96142,18.988166],[98.962837,18.990422],[98.96295,18.990663],[98.963176,18.991298],[98.96334,18.992377],[98.963434,18.992862],[98.963508,18.993073],[98.964021,18.993695],[98.964455,18.994111],[98.965761,18.995137],[98.965986,18.995247],[98.96662,18.995469],[98.966816,18.995573],[98.967619,18.996165],[98.967859,18.99646],[98.968082,18.996975],[98.968174,18.997118],[98.968229,18.997921],[98.968168,18.998274],[98.968006,18.998574],[98.966857,18.99983],[98.966795,18.99993],[98.96674,19.000122],[98.966031,19.000549],[98.965734,19.001033],[98.96537,19.001719],[98.965096,19.002133],[98.964683,19.002962],[98.964689,19.003151],[98.965153,19.004185],[98.965255,19.004686],[98.96512,19.005473],[98.964859,19.006178],[98.964378,19.00719],[98.964099,19.0076],[98.963355,19.008273],[98.963077,19.008452],[98.962551,19.008657],[98.962352,19.008766],[98.962263,19.008867],[98.961888,19.009007],[98.961141,19.009144],[98.960876,19.009228],[98.960195,19.009554],[98.959949,19.009157],[98.960275,19.008923],[98.960816,19.008695],[98.961124,19.008737],[98.962107,19.008473],[98.962519,19.00831],[98.963161,19.007939],[98.963677,19.007334],[98.963982,19.006601],[98.96459,19.005775],[98.964629,19.00552],[98.964602,19.005149],[98.964467,19.004763],[98.964101,19.00424],[98.963829,19.003535],[98.963712,19.002906],[98.963692,19.002655],[98.963984,19.001415],[98.96413,19.001171],[98.964679,19.0007],[98.965795,19.000147],[98.966132,18.999845],[98.966809,18.999366],[98.967269,18.998821],[98.967676,18.998402],[98.967886,18.997879],[98.967882,18.997683],[98.967728,18.997073],[98.967497,18.996707],[98.967319,18.996627],[98.967142,18.99659],[98.966276,18.99584],[98.96614,18.995758],[98.965359,18.995428],[98.964715,18.995096],[98.963623,18.993954],[98.963185,18.993572],[98.963083,18.99332],[98.962945,18.992464],[98.962798,18.991868],[98.962733,18.991378],[98.962622,18.990908],[98.962434,18.9905],[98.961597,18.989285],[98.961328,18.988823],[98.96106,18.988461],[98.960972,18.988168],[98.960783,18.98782],[98.960733,18.987668],[98.960656,18.987025],[98.960704,18.986393],[98.961053,18.98481],[98.961148,18.984146],[98.961161,18.983856],[98.961142,18.983616],[98.96093,18.982967],[98.960675,18.981996],[98.960574,18.98175],[98.960662,18.98153],[98.960641,18.981426],[98.960668,18.981099],[98.960748,18.980843],[98.960917,18.980476],[98.96115,18.980278],[98.961746,18.980071],[98.961948,18.979873],[98.962084,18.979542],[98.962153,18.9791],[98.962331,18.978787],[98.962629,18.978469],[98.962885,18.978127],[98.963243,18.977548],[98.964009,18.97657],[98.964212,18.976393],[98.964734,18.97623],[98.96518,18.975966],[98.965402,18.975786],[98.965512,18.97568],[98.965745,18.97535],[98.965978,18.974854],[98.966018,18.97463],[98.966017,18.974441],[98.965966,18.974256],[98.96572,18.973913],[98.964681,18.97272],[98.964455,18.972401],[98.964311,18.972254],[98.964135,18.972144],[98.963995,18.971996],[98.963813,18.971468],[98.963739,18.971182],[98.963726,18.9709],[98.963775,18.970708],[98.96404,18.970185],[98.964118,18.969553],[98.964295,18.969103],[98.964424,18.968868],[98.964903,18.968361],[98.965091,18.968213],[98.96564,18.967924],[98.965711,18.967918],[98.966022,18.967995],[98.966501,18.96797],[98.967088,18.967887],[98.96747,18.967791],[98.968323,18.967489],[98.9699,18.966799],[98.970502,18.966584],[98.971244,18.966366],[98.971525,18.966266],[98.97204,18.966024],[98.97219,18.965991],[98.972486,18.965739],[98.972739,18.965389],[98.972848,18.965123],[98.97306,18.964346],[98.9732,18.963468],[98.973216,18.963063],[98.973158,18.962279],[98.973211,18.961574],[98.973169,18.960527],[98.973323,18.959617],[98.97369,18.959152],[98.973786,18.958951],[98.974048,18.958185],[98.974153,18.957715],[98.974465,18.9569],[98.974799,18.955573],[98.974948,18.955104],[98.974988,18.954814],[98.975216,18.953848],[98.975548,18.953143],[98.975672,18.95296],[98.976173,18.951613],[98.976549,18.950933],[98.97664,18.950821],[98.976731,18.95038],[98.976576,18.950139],[98.976433,18.949823],[98.976342,18.949482],[98.976265,18.949005],[98.976238,18.948749],[98.976254,18.947767],[98.976294,18.947498],[98.976206,18.94711],[98.976061,18.946932],[98.975921,18.946846],[98.97509,18.946707],[98.974789,18.946542],[98.974637,18.94639],[98.974398,18.945839],[98.974395,18.945568],[98.974457,18.944987],[98.974669,18.944619],[98.974937,18.943985],[98.975294,18.943284],[98.975452,18.942688],[98.975447,18.942386],[98.975621,18.941788],[98.975819,18.941578],[98.976035,18.941234],[98.976372,18.940458],[98.976624,18.94006],[98.97682,18.939826],[98.977208,18.939606],[98.97771,18.939073],[98.977654,18.938388],[98.977345,18.93732],[98.977209,18.937005],[98.977201,18.936417],[98.976826,18.935908],[98.975959,18.935016],[98.975117,18.934339],[98.974756,18.934119],[98.974458,18.933758],[98.974151,18.933248],[98.974038,18.932796],[98.973958,18.932606],[98.973789,18.932459],[98.973534,18.932393],[98.97292,18.932347],[98.972491,18.932172],[98.971788,18.931751],[98.971549,18.931515],[98.971179,18.931264],[98.970812,18.931124],[98.970582,18.931],[98.970379,18.930949],[98.969837,18.931165],[98.969534,18.931235],[98.968785,18.931183],[98.967963,18.931033],[98.96751,18.930886],[98.967156,18.930706],[98.966898,18.930394],[98.966719,18.929934],[98.966686,18.929503],[98.966796,18.928998],[98.967067,18.928265],[98.967561,18.927823],[98.967843,18.927486],[98.968186,18.926963],[98.968355,18.926875],[98.968697,18.926545],[98.968836,18.926484],[98.969067,18.926298],[98.969971,18.926274],[98.970231,18.926233],[98.970682,18.926324],[98.970865,18.926319],[98.97116,18.92638],[98.971438,18.926616],[98.971767,18.926611],[98.97211,18.926509],[98.972271,18.926446],[98.972552,18.926271],[98.973063,18.925889],[98.973494,18.925217],[98.973638,18.924928],[98.973611,18.924665],[98.973212,18.924223],[98.971761,18.92244],[98.97143,18.922116],[98.971236,18.922025],[98.969945,18.921668],[98.969428,18.921595],[98.969063,18.921587],[98.968215,18.921293],[98.96806,18.921193],[98.96787,18.920993],[98.967527,18.9204],[98.967583,18.920204]],[[98.973598,18.925546],[98.973829,18.925409],[98.9739,18.925315],[98.973916,18.925202],[98.973817,18.925001],[98.973577,18.925426],[98.973598,18.925546]],[[98.974913,18.861202],[98.974925,18.861174],[98.974874,18.861103],[98.974674,18.860901],[98.974343,18.860435],[98.974382,18.860551],[98.974649,18.860989],[98.974761,18.861113],[98.974913,18.861202]],[[98.978146,18.866402],[98.978212,18.866423],[98.978252,18.86625],[98.978338,18.866217],[98.978382,18.866141],[98.978413,18.865991],[98.97837,18.865864],[98.978209,18.866099],[98.97813,18.866347],[98.978146,18.866402]],[[98.976788,18.95018],[98.976833,18.9502],[98.976898,18.950098],[98.977179,18.949457],[98.977236,18.948394],[98.977166,18.948],[98.976989,18.947617],[98.976662,18.947211],[98.976511,18.94712],[98.976611,18.947513],[98.976482,18.947863],[98.976393,18.948353],[98.976428,18.948863],[98.976587,18.949728],[98.976788,18.95018]]]}},{"type":"Feature","properties":{"k":"water"},"geometry":{"type":"Polygon","coordinates":[[[98.918259,18.747848],[98.918255,18.747971],[98.918104,18.748225],[98.918002,18.748298],[98.917505,18.748496],[98.917347,18.748519],[98.916875,18.748326],[98.9167,18.748215],[98.916588,18.748077],[98.91656,18.747927],[98.916606,18.747755],[98.916663,18.747681],[98.916991,18.747493],[98.917066,18.747402],[98.917052,18.747199],[98.917305,18.747031],[98.917436,18.746984],[98.917574,18.747021],[98.918259,18.747848]],[[98.917677,18.747615],[98.917731,18.747539],[98.917669,18.747478],[98.917602,18.747473],[98.917578,18.747519],[98.917602,18.747577],[98.917677,18.747615]]]}},{"type":"Feature","properties":{"k":"water"},"geometry":{"type":"Polygon","coordinates":[[[98.926134,18.755453],[98.926207,18.755392],[98.926287,18.755415],[98.926539,18.755717],[98.926719,18.755852],[98.92674,18.755969],[98.926494,18.756088],[98.926397,18.756202],[98.92615,18.756365],[98.925925,18.756715],[98.925533,18.757492],[98.925356,18.75735],[98.925335,18.757218],[98.925501,18.75671],[98.925662,18.756532],[98.925828,18.755826],[98.926008,18.755544],[98.926134,18.755453]]]}},{"type":"Feature","properties":{"k":"water"},"geometry":{"type":"Polygon","coordinates":[[[98.991097,18.781088],[98.992493,18.78107],[98.992765,18.7811],[98.992863,18.781141],[98.992923,18.781195],[98.992978,18.781315],[98.993029,18.781636],[98.993083,18.782469],[98.992986,18.782518],[98.992931,18.782506],[98.992905,18.78246],[98.992858,18.781702],[98.992782,18.781264],[98.992734,18.781238],[98.992673,18.781257],[98.992548,18.781234],[98.991067,18.781265],[98.991026,18.78123],[98.991023,18.781169],[98.991097,18.781088]]]}},{"type":"Feature","properties":{"k":"water"},"geometry":{"type":"Polygon","coordinates":[[[98.993073,18.784935],[98.992938,18.782811],[98.993002,18.782752],[98.993064,18.782746],[98.993103,18.782796],[98.993236,18.784927],[98.993118,18.784971],[98.993073,18.784935]]]}},{"type":"Feature","properties":{"k":"water"},"geometry":{"type":"Polygon","coordinates":[[[98.993195,18.785216],[98.993274,18.785257],[98.993369,18.786706],[98.993303,18.786762],[98.993223,18.786724],[98.993126,18.785265],[98.993195,18.785216]]]}},{"type":"Feature","properties":{"k":"water"},"geometry":{"type":"Polygon","coordinates":[[[98.991723,18.795497],[98.990196,18.795551],[98.99019,18.79539],[98.991716,18.795337],[98.991723,18.795497]]]}},{"type":"Feature","properties":{"k":"water"},"geometry":{"type":"Polygon","coordinates":[[[98.986749,18.795621],[98.986748,18.795562],[98.9868,18.795485],[98.989957,18.795385],[98.989967,18.795566],[98.986816,18.79569],[98.986766,18.795674],[98.986749,18.795621]]]}},{"type":"Feature","properties":{"k":"water"},"geometry":{"type":"Polygon","coordinates":[[[98.978338,18.793],[98.978455,18.795679],[98.978514,18.795772],[98.981608,18.795643],[98.98161,18.795788],[98.978542,18.795883],[98.978485,18.795814],[98.978376,18.795822],[98.978319,18.795585],[98.978154,18.792989],[98.978238,18.792948],[98.978338,18.793]]]}},{"type":"Feature","properties":{"k":"water"},"geometry":{"type":"Polygon","coordinates":[[[98.978245,18.792765],[98.978153,18.792718],[98.978106,18.791593],[98.978133,18.791546],[98.978202,18.791524],[98.978266,18.791537],[98.978296,18.791583],[98.978331,18.792722],[98.978245,18.792765]]]}},{"type":"Feature","properties":{"k":"water"},"geometry":{"type":"Polygon","coordinates":[[[99.023845,18.802582],[99.022685,18.80248],[99.022234,18.802412],[99.022065,18.802342],[99.021677,18.80227],[99.021199,18.802224],[99.021152,18.80217],[99.021137,18.802083],[99.021276,18.801642],[99.02098,18.801564],[99.020926,18.80149],[99.021108,18.801201],[99.021226,18.801071],[99.02139,18.801034],[99.023223,18.801379],[99.024155,18.801591],[99.023921,18.802559],[99.023845,18.802582]]]}},{"type":"Feature","properties":{"k":"water"},"geometry":{"type":"Polygon","coordinates":[[[98.964094,18.834082],[98.964063,18.833535],[98.964172,18.833453],[98.964206,18.833289],[98.964056,18.832555],[98.964014,18.832499],[98.963797,18.832457],[98.963668,18.832385],[98.963631,18.832175],[98.963653,18.831929],[98.964025,18.83031],[98.964201,18.829279],[98.964162,18.829186],[98.964355,18.82874],[98.964474,18.828662],[98.96466,18.828742],[98.964988,18.829575],[98.965151,18.829838],[98.965342,18.830016],[98.966518,18.830425],[98.966756,18.83054],[98.967172,18.831519],[98.967178,18.831662],[98.96691,18.832309],[98.966594,18.832614],[98.966357,18.832755],[98.966298,18.832991],[98.966078,18.833237],[98.965902,18.833318],[98.965774,18.83334],[98.965659,18.833424],[98.965571,18.833565],[98.965518,18.833794],[98.965106,18.834134],[98.964878,18.834301],[98.964407,18.834468],[98.964229,18.834429],[98.96417,18.834377],[98.964124,18.83429],[98.964094,18.834082]]]}},{"type":"Feature","properties":{"k":"water","n":"King Rama IX Lake"},"geometry":{"type":"Polygon","coordinates":[[[98.973735,18.821563],[98.97352,18.820647],[98.973534,18.820501],[98.973958,18.820374],[98.974578,18.820281],[98.975123,18.820222],[98.976077,18.820178],[98.976236,18.820279],[98.976305,18.82071],[98.976439,18.821263],[98.976806,18.822359],[98.976795,18.822542],[98.975529,18.823039],[98.974215,18.823501],[98.974079,18.82312],[98.973804,18.821796],[98.974285,18.821658],[98.974364,18.821658],[98.97455,18.821806],[98.974654,18.821839],[98.974855,18.821806],[98.974997,18.821689],[98.975043,18.821613],[98.975043,18.821402],[98.974949,18.821232],[98.974737,18.821133],[98.974619,18.82113],[98.974528,18.821156],[98.974419,18.821251],[98.974367,18.82138],[98.974258,18.821441],[98.973735,18.821563]]]}},{"type":"Feature","properties":{"k":"water"},"geometry":{"type":"Polygon","coordinates":[[[99.006372,18.829117],[99.006338,18.828787],[99.006538,18.828679],[99.006727,18.828783],[99.006863,18.82947],[99.007134,18.829427],[99.007174,18.829566],[99.007252,18.829645],[99.007277,18.829836],[99.007366,18.83001],[99.007508,18.830046],[99.007651,18.829994],[99.007722,18.830045],[99.007607,18.830326],[99.007693,18.830524],[99.007695,18.830642],[99.007512,18.830677],[99.007359,18.830617],[99.007178,18.830749],[99.006947,18.830788],[99.006478,18.830671],[99.006358,18.830424],[99.006306,18.82966],[99.006519,18.82963],[99.006528,18.829509],[99.006486,18.829346],[99.006397,18.829315],[99.006372,18.829117]]]}},{"type":"Feature","properties":{"k":"water"},"geometry":{"type":"Polygon","coordinates":[[[98.984205,18.795533],[98.98629,18.795496],[98.98629,18.795652],[98.984215,18.795706],[98.984205,18.795533]]]}},{"type":"Feature","properties":{"k":"water"},"geometry":{"type":"Polygon","coordinates":[[[98.946394,18.79191],[98.94644,18.79193],[98.946472,18.792037],[98.946483,18.792221],[98.94643,18.792974],[98.946358,18.793125],[98.946025,18.793474],[98.945777,18.793321],[98.945826,18.793221],[98.945746,18.793181],[98.94579,18.793096],[98.945585,18.792989],[98.945371,18.79279],[98.945113,18.792762],[98.944903,18.792947],[98.944822,18.792939],[98.944775,18.792854],[98.944907,18.792743],[98.944743,18.792499],[98.944644,18.792283],[98.944623,18.792065],[98.944717,18.791871],[98.944842,18.791793],[98.945502,18.791691],[98.945874,18.791918],[98.946394,18.79191]]]}},{"type":"Feature","properties":{"k":"water"},"geometry":{"type":"Polygon","coordinates":[[[99.032356,18.803981],[99.032514,18.803437],[99.032498,18.803351],[99.032392,18.803343],[99.032058,18.80305],[99.031912,18.803111],[99.031859,18.803099],[99.031901,18.80274],[99.03181,18.802542],[99.031923,18.80249],[99.032055,18.802565],[99.032234,18.802776],[99.032521,18.802993],[99.032606,18.802927],[99.032901,18.802874],[99.032968,18.80275],[99.033189,18.802617],[99.032873,18.802286],[99.032967,18.802212],[99.033052,18.802089],[99.033243,18.802158],[99.033338,18.802126],[99.033639,18.802339],[99.033803,18.802515],[99.033868,18.80304],[99.033948,18.803282],[99.033793,18.803127],[99.033361,18.802962],[99.033106,18.803274],[99.03317,18.803584],[99.0331,18.803805],[99.033033,18.803903],[99.032951,18.803817],[99.032859,18.803781],[99.032806,18.803827],[99.032799,18.803998],[99.032872,18.804096],[99.032836,18.804142],[99.03259,18.804087],[99.032356,18.803981]]]}},{"type":"Feature","properties":{"k":"water"},"geometry":{"type":"Polygon","coordinates":[[[99.045522,18.772736],[99.045754,18.772767],[99.045818,18.772999],[99.045588,18.773384],[99.045586,18.773954],[99.045478,18.774168],[99.045238,18.774215],[99.04507,18.774194],[99.04488,18.774063],[99.044851,18.773868],[99.044957,18.773614],[99.044812,18.773449],[99.044603,18.773331],[99.04455,18.773211],[99.044675,18.772797],[99.045522,18.772736]]]}},{"type":"Feature","properties":{"k":"water"},"geometry":{"type":"Polygon","coordinates":[[[98.943346,18.800631],[98.943339,18.800925],[98.943237,18.801065],[98.943098,18.801203],[98.943095,18.801242],[98.942838,18.8013],[98.942771,18.801248],[98.942695,18.801104],[98.942687,18.800948],[98.942721,18.800736],[98.942563,18.800274],[98.94262,18.800225],[98.94271,18.800207],[98.94321,18.800315],[98.943304,18.80046],[98.943346,18.800631]]]}},{"type":"Feature","properties":{"k":"water"},"geometry":{"type":"Polygon","coordinates":[[[98.967719,18.782422],[98.967872,18.782621],[98.967913,18.783038],[98.967834,18.783062],[98.96751,18.782995],[98.967365,18.783077],[98.967214,18.783026],[98.967216,18.782808],[98.967154,18.782734],[98.967194,18.782405],[98.967366,18.782462],[98.967719,18.782422]]]}},{"type":"Feature","properties":{"k":"water"},"geometry":{"type":"Polygon","coordinates":[[[98.972778,18.781616],[98.972876,18.782235],[98.97308,18.783127],[98.972439,18.783243],[98.972318,18.783216],[98.97225,18.783146],[98.971806,18.781713],[98.971839,18.781662],[98.972778,18.781616]]]}},{"type":"Feature","properties":{"k":"water"},"geometry":{"type":"Polygon","coordinates":[[[99.013973,18.818414],[99.014161,18.818313],[99.014214,18.818409],[99.014016,18.818501],[99.013973,18.818414]]]}},{"type":"Feature","properties":{"k":"water"},"geometry":{"type":"Polygon","coordinates":[[[99.014096,18.817602],[99.014343,18.817511],[99.014466,18.817516],[99.014606,18.817445],[99.014633,18.817516],[99.014611,18.817556],[99.014139,18.817653],[99.014096,18.817602]]]}},{"type":"Feature","properties":{"k":"water"},"geometry":{"type":"Polygon","coordinates":[[[99.013812,18.818617],[99.01386,18.818714],[99.013442,18.818887],[99.013233,18.818917],[99.013211,18.818866],[99.013227,18.818526],[99.013184,18.81778],[99.013206,18.817368],[99.01314,18.817306],[99.012981,18.817257],[99.012616,18.817257],[99.012535,18.817221],[99.012466,18.817074],[99.012498,18.817038],[99.013195,18.817018],[99.013281,18.817028],[99.013469,18.817114],[99.01363,18.817094],[99.014112,18.816896],[99.0157,18.816449],[99.015743,18.816419],[99.01577,18.816338],[99.015759,18.816251],[99.015824,18.8162],[99.015861,18.816444],[99.016011,18.816419],[99.016065,18.816485],[99.016054,18.816556],[99.016006,18.816612],[99.01592,18.816637],[99.015845,18.816591],[99.015427,18.816673],[99.015298,18.816673],[99.014944,18.81682],[99.014289,18.816998],[99.013812,18.817191],[99.013431,18.817272],[99.01334,18.817353],[99.013302,18.817475],[99.013308,18.817653],[99.013345,18.817759],[99.013399,18.817785],[99.013651,18.81779],[99.013903,18.817714],[99.013951,18.81782],[99.013828,18.817896],[99.013426,18.817978],[99.013361,18.818028],[99.013335,18.818206],[99.013351,18.818389],[99.01341,18.81845],[99.013694,18.81846],[99.013764,18.818511],[99.013812,18.818617]]]}},{"type":"Feature","properties":{"k":"water"},"geometry":{"type":"Polygon","coordinates":[[[99.014252,18.818181],[99.014611,18.817937],[99.01466,18.817876],[99.014713,18.817881],[99.014756,18.818023],[99.014338,18.818303],[99.014252,18.818181]]]}},{"type":"Feature","properties":{"k":"water"},"geometry":{"type":"Polygon","coordinates":[[[99.039797,18.734994],[99.039922,18.734978],[99.039962,18.734938],[99.040182,18.734907],[99.040312,18.735004],[99.040478,18.735212],[99.040639,18.735309],[99.042045,18.735502],[99.042238,18.735609],[99.042356,18.735746],[99.04239,18.736061],[99.040663,18.736005],[99.039862,18.735849],[99.039272,18.735814],[99.03882,18.735602],[99.038836,18.735312],[99.038876,18.735225],[99.039407,18.735139],[99.039562,18.735047],[99.039797,18.734994]]]}},{"type":"Feature","properties":{"k":"water"},"geometry":{"type":"Polygon","coordinates":[[[99.0309,18.795728],[99.03109,18.795403],[99.031255,18.795489],[99.031312,18.795572],[99.03139,18.79561],[99.031463,18.795596],[99.031604,18.795669],[99.031619,18.795746],[99.031456,18.796015],[99.031399,18.79603],[99.030908,18.795774],[99.0309,18.795728]]]}},{"type":"Feature","properties":{"k":"water"},"geometry":{"type":"Polygon","coordinates":[[[98.993431,18.790253],[98.993319,18.78845],[98.993511,18.788444],[98.993616,18.790243],[98.993431,18.790253]]]}},{"type":"Feature","properties":{"k":"water"},"geometry":{"type":"Polygon","coordinates":[[[98.993644,18.790824],[98.993721,18.792436],[98.993675,18.792488],[98.993631,18.792491],[98.99356,18.792445],[98.993489,18.79083],[98.993541,18.790775],[98.993599,18.790772],[98.993644,18.790824]]]}},{"type":"Feature","properties":{"k":"water"},"geometry":{"type":"Polygon","coordinates":[[[98.993787,18.793418],[98.993859,18.795283],[98.993836,18.795352],[98.993759,18.795407],[98.991969,18.795484],[98.991963,18.795331],[98.993707,18.795289],[98.993753,18.795209],[98.99372,18.795049],[98.993608,18.792648],[98.99363,18.792637],[98.993722,18.79265],[98.993755,18.792714],[98.993787,18.793418]]]}},{"type":"Feature","properties":{"k":"water"},"geometry":{"type":"Polygon","coordinates":[[[98.945687,18.804654],[98.945497,18.804715],[98.945363,18.804801],[98.945245,18.80501],[98.945154,18.805071],[98.945001,18.805025],[98.945046,18.804822],[98.945019,18.804796],[98.944977,18.804349],[98.944831,18.803966],[98.944948,18.804027],[98.944969,18.803993],[98.94501,18.804017],[98.945332,18.803477],[98.945677,18.803788],[98.945722,18.803931],[98.945687,18.804654]]]}},{"type":"Feature","properties":{"k":"water"},"geometry":{"type":"Polygon","coordinates":[[[98.97676,18.730089],[98.97701,18.729974],[98.97692,18.729552],[98.97697,18.729541],[98.977327,18.730696],[98.977238,18.73091],[98.977364,18.731188],[98.977348,18.731289],[98.977175,18.731352],[98.97722,18.731505],[98.976915,18.731968],[98.976875,18.732105],[98.977685,18.732098],[98.977695,18.732124],[98.976826,18.732146],[98.976689,18.732347],[98.976534,18.732476],[98.976259,18.732489],[98.975878,18.732438],[98.975492,18.73248],[98.975083,18.732667],[98.974788,18.732706],[98.974616,18.732671],[98.974526,18.732508],[98.974504,18.732324],[98.974566,18.732189],[98.975664,18.732078],[98.975777,18.732133],[98.976147,18.732022],[98.9762,18.732057],[98.976512,18.731824],[98.976811,18.731302],[98.97693,18.731034],[98.976957,18.73065],[98.976903,18.730376],[98.97676,18.730089]]]}},{"type":"Feature","properties":{"k":"water"},"geometry":{"type":"Polygon","coordinates":[[[98.993431,18.810166],[98.993266,18.810773],[98.993201,18.810822],[98.992697,18.810927],[98.992652,18.810893],[98.993114,18.810166],[98.993431,18.810166]]]}},{"type":"Feature","properties":{"k":"water"},"geometry":{"type":"Polygon","coordinates":[[[99.035557,18.794111],[99.035825,18.794122],[99.036115,18.794183],[99.036119,18.794261],[99.03596,18.794759],[99.035753,18.794815],[99.03571,18.794873],[99.035705,18.795115],[99.035657,18.795193],[99.035576,18.795247],[99.035461,18.795252],[99.03537,18.795206],[99.035313,18.795127],[99.035287,18.794993],[99.035289,18.794376],[99.035308,18.79433],[99.035557,18.794111]]]}},{"type":"Feature","properties":{"k":"water"},"geometry":{"type":"Polygon","coordinates":[[[98.957315,18.837733],[98.957551,18.837495],[98.958302,18.837769],[98.958431,18.837901],[98.958045,18.838074],[98.957696,18.838444],[98.957567,18.838404],[98.957465,18.837962],[98.957315,18.837733]]]}},{"type":"Feature","properties":{"k":"water"},"geometry":{"type":"Polygon","coordinates":[[[98.96004,18.835027],[98.960448,18.834773],[98.961167,18.834256],[98.961746,18.834002],[98.962122,18.833913],[98.962219,18.834344],[98.960941,18.834662],[98.960807,18.834738],[98.960668,18.835164],[98.96004,18.835027]]]}},{"type":"Feature","properties":{"k":"water"},"geometry":{"type":"Polygon","coordinates":[[[98.960724,18.830626],[98.960626,18.830372],[98.960548,18.830261],[98.960352,18.830219],[98.959942,18.830256],[98.959351,18.830423],[98.958642,18.830395],[98.957917,18.830543],[98.956902,18.830553],[98.956475,18.830515],[98.95537,18.830302],[98.954957,18.830175],[98.954587,18.829885],[98.954478,18.829397],[98.954553,18.829369],[98.954665,18.829375],[98.95544,18.828692],[98.955547,18.828712],[98.955807,18.828908],[98.955976,18.828946],[98.957095,18.828885],[98.957147,18.829443],[98.957087,18.829499],[98.956888,18.829563],[98.956827,18.829608],[98.956715,18.829874],[98.956709,18.829982],[98.956746,18.830149],[98.956835,18.830263],[98.957041,18.83036],[98.957807,18.830323],[98.957866,18.830302],[98.957836,18.830152],[98.957861,18.830108],[98.957905,18.830099],[98.957958,18.830113],[98.958037,18.830254],[98.958159,18.830272],[98.958195,18.830193],[98.958159,18.830085],[98.958217,18.83],[98.958564,18.829906],[98.959237,18.829833],[98.959378,18.829764],[98.959433,18.829675],[98.959433,18.82952],[98.959588,18.829385],[98.959811,18.829345],[98.960401,18.829515],[98.960772,18.82949],[98.960929,18.829435],[98.960997,18.829358],[98.961097,18.82932],[98.961219,18.829346],[98.961603,18.830522],[98.961478,18.830608],[98.961075,18.830696],[98.960792,18.830677],[98.960724,18.830626]]]}},{"type":"Feature","properties":{"k":"water"},"geometry":{"type":"Polygon","coordinates":[[[99.053474,18.782398],[99.05316,18.782307],[99.053024,18.782218],[99.052962,18.781989],[99.052954,18.781565],[99.053687,18.781592],[99.053695,18.781521],[99.054093,18.781543],[99.054142,18.781446],[99.054231,18.781006],[99.05433,18.78075],[99.054429,18.780651],[99.054815,18.780653],[99.054901,18.781314],[99.055025,18.781634],[99.055081,18.7819],[99.055057,18.781997],[99.054078,18.782017],[99.053911,18.78205],[99.053767,18.782479],[99.053474,18.782398]]]}},{"type":"Feature","properties":{"k":"water"},"geometry":{"type":"Polygon","coordinates":[[[98.962578,18.744526],[98.962691,18.744521],[98.962736,18.745763],[98.96261,18.745771],[98.962578,18.744526]]]}},{"type":"Feature","properties":{"k":"water"},"geometry":{"type":"Polygon","coordinates":[[[98.962881,18.744547],[98.962996,18.744545],[98.963015,18.74576],[98.962901,18.745762],[98.962881,18.744547]]]}},{"type":"Feature","properties":{"k":"water"},"geometry":{"type":"Polygon","coordinates":[[[98.962892,18.745979],[98.963002,18.745976],[98.963019,18.747964],[98.962713,18.747486],[98.962908,18.747073],[98.962892,18.745979]]]}},{"type":"Feature","properties":{"k":"water"},"geometry":{"type":"Polygon","coordinates":[[[98.953113,18.740221],[98.953279,18.74017],[98.953317,18.740343],[98.95314,18.740379],[98.953113,18.740221]]]}},{"type":"Feature","properties":{"k":"water"},"geometry":{"type":"Polygon","coordinates":[[[98.947394,18.738108],[98.947437,18.738169],[98.947437,18.738286],[98.947357,18.738519],[98.947351,18.738616],[98.947448,18.738789],[98.947469,18.738885],[98.947169,18.738479],[98.947131,18.738352],[98.947137,18.738265],[98.947239,18.738118],[98.947319,18.738077],[98.947394,18.738108]]]}},{"type":"Feature","properties":{"k":"water"},"geometry":{"type":"Polygon","coordinates":[[[98.938452,18.731158],[98.939496,18.730244],[98.939546,18.729804],[98.939966,18.730133],[98.939867,18.73022],[98.939727,18.730248],[98.939081,18.730924],[98.938827,18.731026],[98.938725,18.731168],[98.93857,18.731184],[98.938452,18.731158]]]}},{"type":"Feature","properties":{"k":"water"},"geometry":{"type":"Polygon","coordinates":[[[98.928361,18.745936],[98.928452,18.745961],[98.928581,18.74618],[98.928152,18.746368],[98.928018,18.746124],[98.928361,18.745936]]]}},{"type":"Feature","properties":{"k":"water"},"geometry":{"type":"Polygon","coordinates":[[[98.930034,18.759242],[98.930094,18.759206],[98.930176,18.759211],[98.931297,18.759937],[98.931288,18.760091],[98.931128,18.760301],[98.930938,18.760375],[98.929914,18.760453],[98.929739,18.760451],[98.929632,18.760415],[98.929435,18.760207],[98.929384,18.760104],[98.929434,18.759985],[98.930034,18.759242]]]}},{"type":"Feature","properties":{"k":"water"},"geometry":{"type":"Polygon","coordinates":[[[98.933119,18.763923],[98.933141,18.763862],[98.933527,18.763476],[98.933533,18.763191],[98.933474,18.762973],[98.93335,18.762744],[98.933254,18.762653],[98.933232,18.762551],[98.933307,18.7625],[98.933624,18.762455],[98.933736,18.762399],[98.933908,18.76217],[98.934155,18.761921],[98.934321,18.761799],[98.934525,18.761713],[98.934605,18.76184],[98.934584,18.761866],[98.934622,18.762023],[98.934831,18.762323],[98.934938,18.762379],[98.935024,18.762379],[98.935056,18.76247],[98.935192,18.762439],[98.935588,18.762886],[98.935609,18.763029],[98.935147,18.764024],[98.935072,18.764116],[98.934965,18.764105],[98.934675,18.763902],[98.934563,18.763887],[98.934412,18.763928],[98.934359,18.764075],[98.934294,18.764156],[98.934171,18.764166],[98.934031,18.764034],[98.933822,18.764014],[98.933661,18.764055],[98.933559,18.764014],[98.933339,18.764121],[98.933286,18.764016],[98.933119,18.763923]]]}},{"type":"Feature","properties":{"k":"water"},"geometry":{"type":"Polygon","coordinates":[[[98.938226,18.758198],[98.9384,18.758061],[98.938811,18.757469],[98.938972,18.757416],[98.939257,18.757416],[98.939436,18.75752],[98.939731,18.758104],[98.93982,18.758336],[98.939814,18.75841],[98.939491,18.758552],[98.938598,18.758823],[98.938454,18.758817],[98.93837,18.758769],[98.938156,18.75831],[98.938172,18.758247],[98.938226,18.758198]]]}},{"type":"Feature","properties":{"k":"water"},"geometry":{"type":"Polygon","coordinates":[[[98.937298,18.759435],[98.937017,18.759622],[98.936698,18.75963],[98.936542,18.759569],[98.936369,18.759438],[98.936297,18.759254],[98.936292,18.759124],[98.936335,18.758949],[98.936508,18.758598],[98.936514,18.758449],[98.936467,18.758145],[98.937121,18.757891],[98.93736,18.758094],[98.937808,18.7583],[98.938087,18.758914],[98.938076,18.758996],[98.938023,18.759057],[98.937298,18.759435]]]}},{"type":"Feature","properties":{"k":"water"},"geometry":{"type":"Polygon","coordinates":[[[98.939782,18.757474],[98.940179,18.757373],[98.940372,18.757266],[98.940689,18.756941],[98.940823,18.7569],[98.941429,18.757048],[98.941756,18.757078],[98.94181,18.757103],[98.941847,18.757185],[98.941847,18.757281],[98.941788,18.757434],[98.94167,18.757586],[98.941145,18.757789],[98.940657,18.75786],[98.940474,18.757952],[98.940131,18.758231],[98.940077,18.758236],[98.939997,18.75815],[98.939879,18.757921],[98.939734,18.757576],[98.939782,18.757474]]]}},{"type":"Feature","properties":{"k":"water"},"geometry":{"type":"Polygon","coordinates":[[[98.935687,18.757499],[98.935499,18.757276],[98.935451,18.757103],[98.935472,18.756986],[98.935569,18.75694],[98.935773,18.75693],[98.93639,18.756976],[98.936556,18.757154],[98.936867,18.757631],[98.936873,18.757707],[98.93684,18.757753],[98.9364,18.757966],[98.936304,18.757982],[98.93624,18.757941],[98.936046,18.757697],[98.935912,18.75759],[98.935687,18.757499]]]}},{"type":"Feature","properties":{"k":"water"},"geometry":{"type":"Polygon","coordinates":[[[98.959453,18.769091],[98.959558,18.76901],[98.960127,18.768867],[98.960183,18.768817],[98.960467,18.768761],[98.960619,18.768773],[98.960751,18.769302],[98.960317,18.769692],[98.959863,18.769985],[98.959762,18.769997],[98.959681,18.769888],[98.95944,18.769165],[98.959453,18.769091]]]}},{"type":"Feature","properties":{"k":"water"},"geometry":{"type":"Polygon","coordinates":[[[98.96821,18.732163],[98.968304,18.73221],[98.968194,18.732409],[98.9681,18.732362],[98.96821,18.732163]]]}},{"type":"Feature","properties":{"k":"water"},"geometry":{"type":"Polygon","coordinates":[[[98.952232,18.767656],[98.952165,18.767662],[98.951757,18.76724],[98.951439,18.766695],[98.951333,18.766673],[98.951017,18.766303],[98.950765,18.766145],[98.950105,18.76611],[98.949992,18.76614],[98.949257,18.766902],[98.949161,18.766856],[98.949107,18.76679],[98.949118,18.766673],[98.94937,18.766394],[98.949467,18.766356],[98.949515,18.766282],[98.949716,18.766117],[98.949901,18.765871],[98.949893,18.765806],[98.949735,18.765668],[98.949733,18.765597],[98.949669,18.765551],[98.949491,18.765207],[98.948957,18.764885],[98.948952,18.764687],[98.949059,18.764647],[98.949134,18.764662],[98.949713,18.765175],[98.94981,18.765297],[98.949873,18.765659],[98.949973,18.765738],[98.950373,18.765933],[98.950754,18.765937],[98.950872,18.766038],[98.950923,18.765997],[98.951264,18.766257],[98.951621,18.766763],[98.951823,18.766949],[98.951958,18.767229],[98.952132,18.767465],[98.952287,18.767569],[98.952232,18.767656]]]}},{"type":"Feature","properties":{"k":"water"},"geometry":{"type":"Polygon","coordinates":[[[98.962012,18.848218],[98.962146,18.847832],[98.963133,18.848132],[98.962967,18.848548],[98.962012,18.848218]]]}},{"type":"Feature","properties":{"k":"water"},"geometry":{"type":"Polygon","coordinates":[[[98.961813,18.84871],[98.961979,18.848355],[98.9628,18.848609],[98.962918,18.84868],[98.962773,18.84902],[98.961942,18.848792],[98.961813,18.84871]]]}},{"type":"Feature","properties":{"k":"water"},"geometry":{"type":"Polygon","coordinates":[[[98.955769,18.778788],[98.955458,18.779873],[98.955361,18.779975],[98.95522,18.780045],[98.955047,18.78002],[98.953826,18.779618],[98.953616,18.779479],[98.953259,18.77932],[98.953134,18.779325],[98.95273,18.779469],[98.952573,18.779489],[98.95241,18.779439],[98.952242,18.779201],[98.952232,18.779042],[98.952305,18.778933],[98.954014,18.77804],[98.954156,18.778055],[98.955707,18.778536],[98.955796,18.77869],[98.955769,18.778788]]]}},{"type":"Feature","properties":{"k":"water"},"geometry":{"type":"Polygon","coordinates":[[[98.940731,18.768165],[98.940278,18.768359],[98.94017,18.768356],[98.940089,18.768114],[98.940172,18.767856],[98.940172,18.767685],[98.940255,18.767612],[98.940347,18.767585],[98.94067,18.767918],[98.940813,18.768112],[98.940731,18.768165]]]}},{"type":"Feature","properties":{"k":"water"},"geometry":{"type":"Polygon","coordinates":[[[98.941329,18.773219],[98.941822,18.773929],[98.941984,18.774664],[98.941953,18.774966],[98.941612,18.775006],[98.941544,18.77511],[98.941376,18.775115],[98.94136,18.775378],[98.941245,18.77509],[98.941104,18.774897],[98.940899,18.774798],[98.940841,18.774708],[98.940569,18.774559],[98.940527,18.774361],[98.940784,18.773914],[98.941125,18.773438],[98.941329,18.773219]]]}},{"type":"Feature","properties":{"k":"water"},"geometry":{"type":"Polygon","coordinates":[[[98.960139,18.84203],[98.96015,18.842172],[98.960107,18.842309],[98.95994,18.842624],[98.959806,18.842766],[98.958787,18.843553],[98.95847,18.843695],[98.958331,18.843796],[98.958159,18.843801],[98.958025,18.843573],[98.958111,18.842852],[98.958047,18.842126],[98.958079,18.842055],[98.958905,18.841877],[98.960139,18.84203]]]}},{"type":"Feature","properties":{"k":"water","n":"Mae Chok Luang Reservoir"},"geometry":{"type":"Polygon","coordinates":[[[98.953143,18.837937],[98.956124,18.841517],[98.956037,18.841695],[98.95596,18.841735],[98.955681,18.841781],[98.955354,18.84175],[98.955327,18.841826],[98.955204,18.841847],[98.955204,18.841765],[98.955139,18.841628],[98.954979,18.841638],[98.954919,18.841567],[98.954898,18.841456],[98.954818,18.841349],[98.954791,18.841126],[98.954748,18.841105],[98.954721,18.841004],[98.954748,18.840963],[98.954689,18.840892],[98.954576,18.840912],[98.954442,18.841009],[98.954372,18.841131],[98.954608,18.8421],[98.954667,18.842182],[98.954619,18.842222],[98.954678,18.84242],[98.954474,18.842324],[98.954313,18.842324],[98.954222,18.842369],[98.954034,18.842705],[98.954061,18.842963],[98.954142,18.842948],[98.954126,18.843004],[98.954024,18.843024],[98.953922,18.843197],[98.95382,18.843243],[98.953713,18.843248],[98.953648,18.843202],[98.953578,18.843004],[98.953557,18.842725],[98.953611,18.842486],[98.953611,18.842319],[98.953584,18.842212],[98.953525,18.842131],[98.953498,18.841948],[98.953439,18.841877],[98.953385,18.841577],[98.953294,18.84143],[98.95301,18.841379],[98.952892,18.841461],[98.952774,18.841623],[98.952613,18.841938],[98.952591,18.84206],[98.952404,18.842314],[98.952345,18.842471],[98.952312,18.84275],[98.952323,18.84306],[98.952205,18.84306],[98.952087,18.843222],[98.951964,18.843481],[98.95191,18.843669],[98.951696,18.844014],[98.951446,18.843878],[98.951481,18.843288],[98.951583,18.84306],[98.951497,18.842984],[98.951476,18.842903],[98.951492,18.842689],[98.951529,18.842654],[98.951502,18.842456],[98.951518,18.842182],[98.951556,18.842111],[98.951706,18.842004],[98.951765,18.841913],[98.951682,18.841421],[98.951698,18.841264],[98.951747,18.841157],[98.951715,18.841025],[98.951591,18.840954],[98.951706,18.840907],[98.951814,18.840917],[98.95205,18.840862],[98.952039,18.84079],[98.951824,18.840841],[98.951573,18.840791],[98.951181,18.840841],[98.950939,18.840826],[98.950682,18.840862],[98.950505,18.840953],[98.950429,18.840953],[98.950488,18.840836],[98.950912,18.840511],[98.951164,18.840237],[98.951229,18.840075],[98.951454,18.839699],[98.951521,18.83938],[98.951961,18.838913],[98.952122,18.838832],[98.952288,18.838802],[98.952337,18.838715],[98.952181,18.838492],[98.952026,18.83803],[98.951934,18.837934],[98.95202,18.837862],[98.952321,18.838253],[98.95238,18.838289],[98.952653,18.838294],[98.952744,18.838274],[98.952784,18.83811],[98.952913,18.838115],[98.953143,18.837937]]]}},{"type":"Feature","properties":{"k":"water"},"geometry":{"type":"Polygon","coordinates":[[[98.978074,18.788475],[98.977947,18.788479],[98.97781,18.785879],[98.977908,18.78583],[98.97797,18.785834],[98.978012,18.785894],[98.978074,18.788475]]]}},{"type":"Feature","properties":{"k":"water"},"geometry":{"type":"Polygon","coordinates":[[[98.988001,18.781345],[98.98557,18.781398],[98.985522,18.781371],[98.985501,18.781315],[98.985512,18.781264],[98.985554,18.78125],[98.987995,18.781175],[98.988001,18.781345]]]}},{"type":"Feature","properties":{"k":"water"},"geometry":{"type":"Polygon","coordinates":[[[98.985293,18.781401],[98.981867,18.781465],[98.981787,18.781387],[98.981816,18.781321],[98.985286,18.781239],[98.985344,18.781312],[98.985293,18.781401]]]}},{"type":"Feature","properties":{"k":"water"},"geometry":{"type":"Polygon","coordinates":[[[98.990823,18.781286],[98.989324,18.781317],[98.989317,18.78117],[98.990831,18.781112],[98.990867,18.781134],[98.990884,18.7812],[98.990867,18.781256],[98.990823,18.781286]]]}},{"type":"Feature","properties":{"k":"water"},"geometry":{"type":"Polygon","coordinates":[[[98.978179,18.791389],[98.9781,18.791335],[98.977982,18.78922],[98.977987,18.789178],[98.978062,18.789162],[98.978139,18.789172],[98.978149,18.789216],[98.978262,18.79134],[98.978179,18.791389]]]}},{"type":"Feature","properties":{"k":"water"},"geometry":{"type":"Polygon","coordinates":[[[98.97796,18.781448],[98.978022,18.781469],[98.978025,18.781531],[98.977845,18.781612],[98.977761,18.781874],[98.978,18.785594],[98.977909,18.785632],[98.977814,18.785588],[98.977793,18.785535],[98.977605,18.78194],[98.977625,18.781754],[98.97772,18.781575],[98.9778,18.781495],[98.97796,18.781448]]]}},{"type":"Feature","properties":{"k":"water"},"geometry":{"type":"Polygon","coordinates":[[[99.055315,18.797541],[99.055127,18.797957],[99.05503,18.798043],[99.054998,18.79816],[99.054928,18.797901],[99.054917,18.797703],[99.055315,18.797541]]]}},{"type":"Feature","properties":{"k":"water"},"geometry":{"type":"Polygon","coordinates":[[[98.953584,18.829291],[98.953594,18.829506],[98.953564,18.829667],[98.9533,18.829967],[98.95309,18.830128],[98.95298,18.830152],[98.952882,18.829924],[98.95289,18.829781],[98.952792,18.829571],[98.952743,18.8292],[98.952629,18.828811],[98.952645,18.828654],[98.952733,18.828614],[98.953151,18.828531],[98.953584,18.829291]]]}},{"type":"Feature","properties":{"k":"water"},"geometry":{"type":"Polygon","coordinates":[[[98.952346,18.827027],[98.952432,18.826987],[98.952491,18.827012],[98.952497,18.827073],[98.952588,18.827169],[98.952636,18.827124],[98.95275,18.827154],[98.952813,18.827266],[98.952706,18.827403],[98.952619,18.827443],[98.952357,18.827256],[98.952287,18.827276],[98.952202,18.82719],[98.952304,18.827149],[98.952346,18.827027]]]}},{"type":"Feature","properties":{"k":"water"},"geometry":{"type":"Polygon","coordinates":[[[98.954503,18.832165],[98.954777,18.833008],[98.954718,18.833023],[98.954653,18.83313],[98.954685,18.83315],[98.954734,18.833135],[98.954787,18.83317],[98.954943,18.833572],[98.954583,18.833709],[98.953725,18.83349],[98.953806,18.833404],[98.95394,18.833434],[98.953897,18.833211],[98.95374,18.833075],[98.95396,18.832525],[98.954355,18.832148],[98.954503,18.832165]]]}},{"type":"Feature","properties":{"k":"water"},"geometry":{"type":"Polygon","coordinates":[[[98.95574,18.844931],[98.955815,18.844942],[98.955825,18.844993],[98.95593,18.844987],[98.95596,18.845052],[98.955987,18.845193],[98.95596,18.845445],[98.955883,18.845454],[98.955762,18.84542],[98.955757,18.845238],[98.955696,18.845203],[98.955639,18.845029],[98.955682,18.844954],[98.95574,18.844931]]]}},{"type":"Feature","properties":{"k":"water"},"geometry":{"type":"Polygon","coordinates":[[[99.018705,18.814356],[99.01845,18.81417],[99.018316,18.814031],[99.018206,18.813817],[99.018217,18.813711],[99.01826,18.813683],[99.01837,18.813678],[99.018469,18.813721],[99.018654,18.813835],[99.018882,18.814048],[99.018912,18.814104],[99.018705,18.814356]]]}},{"type":"Feature","properties":{"k":"water"},"geometry":{"type":"Polygon","coordinates":[[[99.042388,18.756825],[99.042458,18.756794],[99.042525,18.756822],[99.042874,18.757789],[99.042704,18.757855],[99.042388,18.756825]]]}},{"type":"Feature","properties":{"k":"water"},"geometry":{"type":"Polygon","coordinates":[[[98.963369,18.825404],[98.964134,18.82514],[98.964192,18.82505],[98.964197,18.824949],[98.963801,18.823853],[98.964316,18.823656],[98.964801,18.823393],[98.96494,18.824134],[98.964885,18.824273],[98.964334,18.825221],[98.964244,18.825327],[98.964122,18.825413],[98.963433,18.825619],[98.963369,18.825404]]]}},{"type":"Feature","properties":{"k":"water"},"geometry":{"type":"Polygon","coordinates":[[[98.968121,18.82451],[98.968288,18.824287],[98.968344,18.824144],[98.968527,18.824066],[98.96857,18.824007],[98.968733,18.823901],[98.968961,18.823842],[98.969366,18.823944],[98.969822,18.824193],[98.969871,18.8242],[98.969991,18.824078],[98.970031,18.824111],[98.970227,18.824127],[98.97027,18.824152],[98.97034,18.824312],[98.970286,18.824447],[98.970211,18.824495],[98.970165,18.824485],[98.970096,18.824596],[98.969876,18.824723],[98.969645,18.824779],[98.969259,18.825003],[98.96921,18.825094],[98.969125,18.82516],[98.968969,18.825201],[98.968792,18.825175],[98.968594,18.825023],[98.968492,18.825064],[98.968406,18.825053],[98.968121,18.82451]]]}},{"type":"Feature","properties":{"k":"water"},"geometry":{"type":"Polygon","coordinates":[[[98.970884,18.825627],[98.971059,18.825579],[98.971201,18.825442],[98.971362,18.82552],[98.971461,18.825493],[98.971491,18.825538],[98.971491,18.825619],[98.971461,18.82565],[98.971418,18.825668],[98.971346,18.82563],[98.97133,18.825716],[98.971233,18.8258],[98.971155,18.826132],[98.971024,18.826117],[98.971002,18.825949],[98.971029,18.825934],[98.971008,18.825891],[98.971027,18.825787],[98.970868,18.825711],[98.970847,18.825637],[98.970884,18.825627]]]}},{"type":"Feature","properties":{"k":"water"},"geometry":{"type":"Polygon","coordinates":[[[98.971775,18.826056],[98.971981,18.82598],[98.972006,18.826114],[98.972113,18.826231],[98.972236,18.826287],[98.972277,18.826368],[98.972185,18.826424],[98.972008,18.826417],[98.971829,18.826219],[98.971775,18.826056]]]}},{"type":"Feature","properties":{"k":"water"},"geometry":{"type":"Polygon","coordinates":[[[99.041109,18.752113],[99.041453,18.751991],[99.041399,18.75222],[99.041195,18.752331],[99.041109,18.752113]]]}},{"type":"Feature","properties":{"k":"water"},"geometry":{"type":"Polygon","coordinates":[[[99.043341,18.752392],[99.04311,18.752601],[99.042949,18.752453],[99.042751,18.752387],[99.042526,18.752453],[99.04237,18.752621],[99.042365,18.75286],[99.042493,18.753053],[99.042236,18.753251],[99.042102,18.753078],[99.042027,18.752804],[99.042052,18.752525],[99.042688,18.752053],[99.042912,18.752093],[99.043142,18.752194],[99.043341,18.752392]]]}},{"type":"Feature","properties":{"k":"water"},"geometry":{"type":"Polygon","coordinates":[[[99.012782,18.79417],[99.012776,18.794038],[99.013266,18.794018],[99.013272,18.79415],[99.012782,18.79417]]]}},{"type":"Feature","properties":{"k":"water"},"geometry":{"type":"Polygon","coordinates":[[[99.012732,18.794046],[99.012749,18.794173],[99.011893,18.794175],[99.011887,18.794117],[99.011947,18.794068],[99.012732,18.794046]]]}},{"type":"Feature","properties":{"k":"water"},"geometry":{"type":"Polygon","coordinates":[[[98.979681,18.752948],[98.979562,18.751835],[98.979616,18.751772],[98.979945,18.751791],[98.980023,18.751852],[98.980084,18.752781],[98.980056,18.752901],[98.979745,18.752983],[98.979681,18.752948]]]}},{"type":"Feature","properties":{"k":"water"},"geometry":{"type":"Polygon","coordinates":[[[99.033479,18.794889],[99.033441,18.794835],[99.033422,18.79468],[99.033522,18.794429],[99.03357,18.794406],[99.033996,18.794612],[99.034042,18.794701],[99.034031,18.794805],[99.033967,18.794873],[99.033631,18.794917],[99.033479,18.794889]]]}},{"type":"Feature","properties":{"k":"water"},"geometry":{"type":"Polygon","coordinates":[[[99.025005,18.755862],[99.025107,18.755872],[99.025113,18.755918],[99.02478,18.757538],[99.024812,18.75767],[99.025075,18.758158],[99.025215,18.758534],[99.025457,18.759443],[99.025386,18.759489],[99.025322,18.759453],[99.024973,18.758229],[99.024705,18.757691],[99.024678,18.757584],[99.025005,18.755862]]]}},{"type":"Feature","properties":{"k":"water"},"geometry":{"type":"Polygon","coordinates":[[[99.022883,18.755188],[99.023187,18.75452],[99.023061,18.75525],[99.022883,18.755188]]]}},{"type":"Feature","properties":{"k":"water"},"geometry":{"type":"Polygon","coordinates":[[[99.003964,18.738913],[99.003947,18.738631],[99.003862,18.738529],[99.003113,18.738377],[99.003022,18.738425],[99.002869,18.73889],[99.002848,18.739096],[99.002751,18.739175],[99.002698,18.739076],[99.002695,18.738951],[99.002759,18.738639],[99.002875,18.738374],[99.003057,18.738153],[99.003215,18.738131],[99.003379,18.73826],[99.0042,18.738209],[99.004787,18.738263],[99.005315,18.738227],[99.005342,18.738263],[99.005329,18.738329],[99.005256,18.738364],[99.004554,18.738448],[99.0045,18.738491],[99.004554,18.738855],[99.00447,18.738951],[99.004065,18.738987],[99.004009,18.738971],[99.003964,18.738913]]]}},{"type":"Feature","properties":{"k":"water"},"geometry":{"type":"Polygon","coordinates":[[[99.003194,18.739162],[99.003331,18.739159],[99.003508,18.739114],[99.005348,18.739017],[99.005388,18.739032],[99.005431,18.739121],[99.005404,18.739149],[99.004251,18.739246],[99.003365,18.739388],[99.003196,18.739393],[99.003143,18.739373],[99.003127,18.739307],[99.003194,18.739162]]]}},{"type":"Feature","properties":{"k":"water"},"geometry":{"type":"Polygon","coordinates":[[[99.003972,18.74014],[99.00398,18.740109],[99.003921,18.74003],[99.004012,18.73998],[99.004039,18.740112],[99.004256,18.740173],[99.004543,18.740323],[99.004867,18.740409],[99.004908,18.74046],[99.00491,18.740617],[99.004857,18.740907],[99.004768,18.740902],[99.004658,18.740848],[99.004377,18.740528],[99.004001,18.740348],[99.00395,18.740272],[99.003939,18.740191],[99.003972,18.74014]]]}},{"type":"Feature","properties":{"k":"water"},"geometry":{"type":"Polygon","coordinates":[[[99.006991,18.737305],[99.007042,18.737523],[99.007015,18.737582],[99.006862,18.737528],[99.006631,18.737564],[99.006634,18.737449],[99.00657,18.737322],[99.006604,18.737312],[99.006685,18.737376],[99.006832,18.737394],[99.006867,18.737373],[99.006918,18.737256],[99.006959,18.737249],[99.006991,18.737305]]]}},{"type":"Feature","properties":{"k":"water"},"geometry":{"type":"Polygon","coordinates":[[[98.942908,18.766788],[98.942887,18.766391],[98.942801,18.766219],[98.943059,18.766102],[98.943182,18.766087],[98.943263,18.766142],[98.943332,18.766376],[98.943338,18.76663],[98.943246,18.766767],[98.942908,18.766788]]]}},{"type":"Feature","properties":{"k":"water"},"geometry":{"type":"Polygon","coordinates":[[[98.969592,18.772744],[98.969608,18.772298],[98.970552,18.772196],[98.970562,18.772755],[98.969592,18.772744]]]}},{"type":"Feature","properties":{"k":"water"},"geometry":{"type":"Polygon","coordinates":[[[98.949024,18.813474],[98.949147,18.813692],[98.949297,18.81418],[98.949206,18.814276],[98.949179,18.814408],[98.948729,18.814373],[98.948201,18.814384],[98.947906,18.813942],[98.947983,18.813845],[98.948493,18.813601],[98.949024,18.813474]]]}},{"type":"Feature","properties":{"k":"water"},"geometry":{"type":"Polygon","coordinates":[[[99.031344,18.80665],[99.031493,18.806703],[99.031314,18.807104],[99.031132,18.807058],[99.031344,18.80665]]]}},{"type":"Feature","properties":{"k":"water"},"geometry":{"type":"Polygon","coordinates":[[[99.031575,18.806203],[99.031714,18.806251],[99.03155,18.806599],[99.031395,18.806551],[99.031575,18.806203]]]}},{"type":"Feature","properties":{"k":"water"},"geometry":{"type":"Polygon","coordinates":[[[99.031059,18.807191],[99.031231,18.807241],[99.030971,18.807731],[99.030848,18.807592],[99.031059,18.807191]]]}},{"type":"Feature","properties":{"k":"water"},"geometry":{"type":"Polygon","coordinates":[[[99.031743,18.805822],[99.03192,18.805888],[99.031794,18.806147],[99.031644,18.806111],[99.031639,18.806023],[99.031743,18.805822]]]}},{"type":"Feature","properties":{"k":"water"},"geometry":{"type":"Polygon","coordinates":[[[99.031826,18.805599],[99.032084,18.804837],[99.032248,18.804903],[99.032006,18.805644],[99.031826,18.805599]]]}},{"type":"Feature","properties":{"k":"water"},"geometry":{"type":"Polygon","coordinates":[[[98.997907,18.808064],[98.997856,18.807996],[98.997821,18.80763],[98.998626,18.807516],[98.998675,18.807623],[98.998696,18.807897],[98.998637,18.807968],[98.998057,18.808069],[98.997907,18.808064]]]}},{"type":"Feature","properties":{"k":"water"},"geometry":{"type":"Polygon","coordinates":[[[99.022356,18.760126],[99.022469,18.76008],[99.022608,18.760093],[99.02275,18.759927],[99.022855,18.759986],[99.022627,18.760164],[99.022262,18.760288],[99.022134,18.760377],[99.022075,18.760331],[99.022356,18.760126]]]}},{"type":"Feature","properties":{"k":"water"},"geometry":{"type":"Polygon","coordinates":[[[99.047756,18.811931],[99.04781,18.811874],[99.047899,18.811861],[99.048855,18.812214],[99.048864,18.812283],[99.048783,18.812565],[99.048706,18.812602],[99.048303,18.812608],[99.0476,18.812391],[99.047559,18.812316],[99.047756,18.811931]]]}},{"type":"Feature","properties":{"k":"water"},"geometry":{"type":"Polygon","coordinates":[[[99.047191,18.810937],[99.04791,18.811166],[99.04783,18.81145],[99.047057,18.811226],[99.047036,18.81111],[99.047146,18.810953],[99.047191,18.810937]]]}},{"type":"Feature","properties":{"k":"water"},"geometry":{"type":"Polygon","coordinates":[[[99.046361,18.810529],[99.046436,18.810387],[99.046522,18.810301],[99.046597,18.810281],[99.047316,18.810529],[99.0473,18.810585],[99.04715,18.810758],[99.047096,18.810769],[99.046361,18.810529]]]}},{"type":"Feature","properties":{"k":"water"},"geometry":{"type":"Polygon","coordinates":[[[99.047906,18.811682],[99.047987,18.811291],[99.049011,18.811591],[99.04892,18.811988],[99.047906,18.811682]]]}},{"type":"Feature","properties":{"k":"water"},"geometry":{"type":"Polygon","coordinates":[[[99.047418,18.810545],[99.048061,18.810744],[99.048024,18.810845],[99.047874,18.811012],[99.047316,18.810829],[99.047273,18.810763],[99.047418,18.810545]]]}},{"type":"Feature","properties":{"k":"water"},"geometry":{"type":"Polygon","coordinates":[[[99.046202,18.810636],[99.047027,18.810891],[99.046883,18.81117],[99.046068,18.810915],[99.046202,18.810636]]]}},{"type":"Feature","properties":{"k":"water"},"geometry":{"type":"Polygon","coordinates":[[[99.048019,18.812657],[99.048779,18.812651],[99.048792,18.812778],[99.048732,18.812977],[99.048655,18.812988],[99.048207,18.812916],[99.047981,18.812821],[99.048019,18.812657]]]}},{"type":"Feature","properties":{"k":"water"},"geometry":{"type":"Polygon","coordinates":[[[99.035445,18.795989],[99.035615,18.796204],[99.03562,18.796289],[99.035564,18.796395],[99.035594,18.796441],[99.035373,18.797048],[99.0352,18.797685],[99.034864,18.797693],[99.034789,18.797823],[99.034837,18.797886],[99.034743,18.79812],[99.034645,18.798117],[99.034549,18.798216],[99.03444,18.79825],[99.034369,18.79849],[99.034288,18.798588],[99.03421,18.79864],[99.033842,18.798643],[99.033789,18.798529],[99.033839,18.798054],[99.033917,18.797965],[99.033899,18.797897],[99.033805,18.797834],[99.033725,18.797866],[99.033675,18.798013],[99.033194,18.798023],[99.033154,18.79784],[99.033305,18.797698],[99.033355,18.797753],[99.033448,18.797723],[99.033419,18.797637],[99.03349,18.79754],[99.033655,18.797629],[99.03389,18.797578],[99.033959,18.797314],[99.034074,18.797286],[99.03415,18.797355],[99.034207,18.797309],[99.034277,18.79718],[99.034223,18.79712],[99.034426,18.796835],[99.03478,18.796796],[99.034821,18.796587],[99.034788,18.796538],[99.034809,18.796305],[99.035011,18.795986],[99.03506,18.796019],[99.035267,18.79588],[99.035445,18.795989]]]}},{"type":"Feature","properties":{"k":"water"},"geometry":{"type":"Polygon","coordinates":[[[99.031706,18.796075],[99.03182,18.795872],[99.031893,18.795861],[99.032166,18.795988],[99.032189,18.79608],[99.03211,18.79623],[99.031905,18.796281],[99.031753,18.796152],[99.031706,18.796075]]]}},{"type":"Feature","properties":{"k":"water"},"geometry":{"type":"Polygon","coordinates":[[[99.047455,18.770172],[99.04731,18.770352],[99.047001,18.77012],[99.047187,18.76993],[99.047302,18.76957],[99.047609,18.769678],[99.047455,18.770172]]]}},{"type":"Feature","properties":{"k":"water","n":"Amphoe Rom Chamcha Fishing Pond"},"geometry":{"type":"Polygon","coordinates":[[[98.932448,18.748307],[98.93238,18.74823],[98.932415,18.748164],[98.932539,18.748068],[98.932573,18.747983],[98.932651,18.748002],[98.932756,18.747905],[98.932989,18.747811],[98.933161,18.747801],[98.93329,18.74775],[98.933405,18.747761],[98.933491,18.747786],[98.933539,18.74787],[98.933531,18.748241],[98.933426,18.74843],[98.93336,18.748475],[98.933298,18.748472],[98.933241,18.748552],[98.933094,18.748656],[98.933005,18.74867],[98.932944,18.748647],[98.932448,18.748307]]]}},{"type":"Feature","properties":{"k":"water"},"geometry":{"type":"Polygon","coordinates":[[[99.055095,18.791194],[99.055084,18.790912],[99.054987,18.790562],[99.054894,18.790359],[99.054899,18.790277],[99.054983,18.790212],[99.05514,18.790232],[99.05528,18.790382],[99.055329,18.790778],[99.055421,18.791124],[99.055422,18.791189],[99.055095,18.791194]]]}},{"type":"Feature","properties":{"k":"water"},"geometry":{"type":"Polygon","coordinates":[[[99.053931,18.791054],[99.053979,18.791039],[99.054054,18.791181],[99.054271,18.79128],[99.054399,18.791296],[99.054585,18.791212],[99.054805,18.79125],[99.054867,18.791346],[99.054847,18.791413],[99.054813,18.791468],[99.054542,18.791542],[99.054476,18.791594],[99.054432,18.791776],[99.054282,18.791765],[99.054184,18.791723],[99.053986,18.79139],[99.053833,18.791289],[99.053813,18.79123],[99.053931,18.791054]]]}},{"type":"Feature","properties":{"k":"water"},"geometry":{"type":"Polygon","coordinates":[[[99.052359,18.789698],[99.052457,18.789801],[99.052709,18.790309],[99.05307,18.790498],[99.053384,18.790585],[99.053483,18.790658],[99.053518,18.790788],[99.053463,18.790913],[99.053327,18.791009],[99.053166,18.791057],[99.053079,18.791175],[99.053023,18.791205],[99.052728,18.791086],[99.052445,18.791176],[99.052356,18.791291],[99.052301,18.791426],[99.051944,18.791642],[99.051832,18.791766],[99.051772,18.792123],[99.051704,18.7922],[99.051614,18.792246],[99.051353,18.792291],[99.051234,18.792393],[99.051152,18.792377],[99.051108,18.792304],[99.051156,18.792124],[99.05142,18.792065],[99.051578,18.791946],[99.051616,18.791864],[99.051649,18.791713],[99.051605,18.791544],[99.05153,18.791412],[99.051586,18.791367],[99.051817,18.791405],[99.052001,18.791299],[99.052064,18.791222],[99.0521,18.791022],[99.052037,18.790943],[99.051796,18.790801],[99.051789,18.790697],[99.051826,18.790634],[99.052076,18.790705],[99.05219,18.790709],[99.052308,18.790681],[99.052394,18.790592],[99.052408,18.790489],[99.052336,18.790296],[99.052076,18.790047],[99.052118,18.789996],[99.052096,18.78994],[99.052112,18.789775],[99.052202,18.789697],[99.052359,18.789698]]]}},{"type":"Feature","properties":{"k":"water"},"geometry":{"type":"Polygon","coordinates":[[[99.05171,18.785801],[99.051737,18.785524],[99.051796,18.78527],[99.05186,18.785138],[99.052407,18.785326],[99.052701,18.785514],[99.052835,18.785504],[99.053051,18.785382],[99.053153,18.785412],[99.053383,18.785671],[99.053618,18.786068],[99.053822,18.786063],[99.053941,18.786214],[99.054019,18.786465],[99.054026,18.786659],[99.053956,18.786739],[99.05379,18.786799],[99.0534,18.786774],[99.053089,18.786672],[99.052695,18.786658],[99.052561,18.786587],[99.052521,18.786313],[99.051771,18.786008],[99.05171,18.785801]]]}},{"type":"Feature","properties":{"k":"water"},"geometry":{"type":"Polygon","coordinates":[[[98.936173,18.75994],[98.936109,18.760064],[98.935934,18.760219],[98.935728,18.760009],[98.935733,18.759716],[98.935817,18.75941],[98.935798,18.759336],[98.935626,18.759203],[98.935694,18.75916],[98.935703,18.759087],[98.935855,18.759174],[98.936072,18.759247],[98.936258,18.759586],[98.936324,18.759673],[98.93644,18.759743],[98.936245,18.759862],[98.936173,18.75994]]]}},{"type":"Feature","properties":{"k":"water"},"geometry":{"type":"Polygon","coordinates":[[[99.037389,18.776179],[99.037376,18.776131],[99.037432,18.776062],[99.037604,18.775996],[99.037762,18.776225],[99.037703,18.776288],[99.037617,18.776194],[99.037389,18.776179]]]}},{"type":"Feature","properties":{"k":"water"},"geometry":{"type":"Polygon","coordinates":[[[99.038856,18.777354],[99.038921,18.777353],[99.038922,18.777492],[99.038858,18.777493],[99.038856,18.777354]]]}},{"type":"Feature","properties":{"k":"water"},"geometry":{"type":"Polygon","coordinates":[[[99.03733,18.776872],[99.037623,18.77685],[99.037637,18.777017],[99.037427,18.777032],[99.037418,18.776925],[99.037335,18.776932],[99.03733,18.776872]]]}},{"type":"Feature","properties":{"k":"water"},"geometry":{"type":"Polygon","coordinates":[[[99.035826,18.768692],[99.035914,18.769167],[99.035866,18.769205],[99.03547,18.769303],[99.035381,18.769063],[99.035367,18.768893],[99.035534,18.768799],[99.035579,18.768697],[99.03562,18.768762],[99.035826,18.768692]]]}},{"type":"Feature","properties":{"k":"water"},"geometry":{"type":"Polygon","coordinates":[[[99.038327,18.775003],[99.03806,18.775307],[99.037886,18.775072],[99.037773,18.774994],[99.038031,18.774936],[99.038031,18.775014],[99.038121,18.775015],[99.038122,18.774937],[99.038327,18.775003]]]}},{"type":"Feature","properties":{"k":"water"},"geometry":{"type":"Polygon","coordinates":[[[99.039222,18.775844],[99.039399,18.775971],[99.039267,18.775994],[99.039222,18.775966],[99.0392,18.775913],[99.039222,18.775844]]]}},{"type":"Feature","properties":{"k":"water"},"geometry":{"type":"Polygon","coordinates":[[[98.980212,18.782111],[98.980368,18.782138],[98.980362,18.782381],[98.980287,18.782483],[98.980119,18.782486],[98.980067,18.782449],[98.980052,18.782397],[98.98005,18.782155],[98.980062,18.782113],[98.980212,18.782111]]]}},{"type":"Feature","properties":{"k":"water"},"geometry":{"type":"Polygon","coordinates":[[[98.98402,18.795708],[98.981824,18.795775],[98.98183,18.795637],[98.984019,18.795577],[98.98402,18.795708]]]}},{"type":"Feature","properties":{"k":"water"},"geometry":{"type":"Polygon","coordinates":[[[98.979918,18.782097],[98.979895,18.782148],[98.979836,18.782177],[98.979622,18.782159],[98.97947,18.782235],[98.979394,18.782237],[98.979387,18.782192],[98.979464,18.782171],[98.979439,18.782068],[98.979396,18.78201],[98.979277,18.782014],[98.979175,18.782049],[98.979142,18.782224],[98.979063,18.782253],[98.978996,18.78221],[98.978942,18.782102],[98.978844,18.782097],[98.978772,18.782149],[98.978675,18.782101],[98.978529,18.782136],[98.97826,18.782073],[98.978281,18.782009],[98.978376,18.782036],[98.978467,18.781988],[98.978488,18.782018],[98.978558,18.781994],[98.978727,18.782002],[98.978819,18.782043],[98.978953,18.782044],[98.979035,18.781991],[98.979071,18.782004],[98.979097,18.781946],[98.979126,18.78196],[98.979299,18.781912],[98.979395,18.781931],[98.97955,18.78208],[98.979836,18.782035],[98.979884,18.78204],[98.979918,18.782097]]]}},{"type":"Feature","properties":{"k":"water"},"geometry":{"type":"Polygon","coordinates":[[[99.050796,18.776985],[99.050834,18.777293],[99.050288,18.777362],[99.050239,18.776975],[99.050796,18.776985]]]}},{"type":"Feature","properties":{"k":"water"},"geometry":{"type":"Polygon","coordinates":[[[98.969853,18.770458],[98.970073,18.770753],[98.970356,18.771028],[98.970404,18.771102],[98.970359,18.771145],[98.970246,18.771158],[98.96989,18.770745],[98.96964,18.77037],[98.969699,18.770395],[98.969769,18.770482],[98.969853,18.770458]]]}},{"type":"Feature","properties":{"k":"water"},"geometry":{"type":"Polygon","coordinates":[[[98.956604,18.775595],[98.95676,18.775996],[98.956379,18.776133],[98.95622,18.775746],[98.956604,18.775595]]]}},{"type":"Feature","properties":{"k":"water"},"geometry":{"type":"Polygon","coordinates":[[[98.956255,18.732434],[98.956255,18.732529],[98.956092,18.732679],[98.955861,18.732751],[98.955698,18.73274],[98.955556,18.732687],[98.955387,18.732542],[98.955298,18.732342],[98.955307,18.732208],[98.955338,18.732144],[98.955415,18.732108],[98.95623,18.732375],[98.956255,18.732434]]]}},{"type":"Feature","properties":{"k":"water"},"geometry":{"type":"Polygon","coordinates":[[[98.921159,18.745448],[98.921371,18.745271],[98.921758,18.745684],[98.921547,18.745861],[98.921159,18.745448]]]}},{"type":"Feature","properties":{"k":"water"},"geometry":{"type":"Polygon","coordinates":[[[98.920646,18.736906],[98.92031,18.737181],[98.920196,18.73716],[98.919949,18.736967],[98.920249,18.736683],[98.920314,18.736678],[98.920646,18.736906]]]}},{"type":"Feature","properties":{"k":"water"},"geometry":{"type":"Polygon","coordinates":[[[98.920362,18.735466],[98.920718,18.736],[98.921276,18.736554],[98.921284,18.736619],[98.921204,18.73669],[98.921011,18.736787],[98.920916,18.736788],[98.920705,18.736558],[98.920385,18.73629],[98.920112,18.736193],[98.919972,18.735721],[98.91997,18.735629],[98.920058,18.735528],[98.920294,18.735442],[98.920362,18.735466]]]}},{"type":"Feature","properties":{"k":"water"},"geometry":{"type":"Polygon","coordinates":[[[98.953061,18.745985],[98.9532,18.745969],[98.953409,18.746068],[98.953364,18.746109],[98.953198,18.746147],[98.95305,18.746048],[98.953035,18.746015],[98.953061,18.745985]]]}},{"type":"Feature","properties":{"k":"water"},"geometry":{"type":"Polygon","coordinates":[[[99.052847,18.76852],[99.053491,18.76854],[99.053443,18.768733],[99.052895,18.768581],[99.052847,18.76852]]]}},{"type":"Feature","properties":{"k":"water"},"geometry":{"type":"Polygon","coordinates":[[[99.049135,18.784455],[99.049403,18.784536],[99.049344,18.78479],[99.049384,18.785046],[99.049355,18.785188],[99.049202,18.785491],[99.048881,18.785467],[99.048883,18.785292],[99.04898,18.784738],[99.049135,18.784455]]]}},{"type":"Feature","properties":{"k":"water"},"geometry":{"type":"Polygon","coordinates":[[[99.044975,18.78373],[99.044694,18.784303],[99.044409,18.7842],[99.044396,18.784159],[99.044667,18.783605],[99.044975,18.78373]]]}},{"type":"Feature","properties":{"k":"water"},"geometry":{"type":"Polygon","coordinates":[[[99.026667,18.758496],[99.027137,18.758426],[99.027186,18.758723],[99.026716,18.758793],[99.026667,18.758496]]]}},{"type":"Feature","properties":{"k":"water"},"geometry":{"type":"Polygon","coordinates":[[[99.026138,18.833284],[99.02616,18.83315],[99.026387,18.832547],[99.026602,18.83262],[99.026872,18.832637],[99.027264,18.832572],[99.027343,18.833294],[99.027322,18.83332],[99.026138,18.833284]]]}},{"type":"Feature","properties":{"k":"water"},"geometry":{"type":"Polygon","coordinates":[[[99.022763,18.83217],[99.022774,18.832008],[99.022635,18.831998],[99.022672,18.831886],[99.022527,18.831749],[99.022543,18.831414],[99.022661,18.831007],[99.022897,18.831084],[99.02308,18.831048],[99.023182,18.830459],[99.02315,18.830236],[99.02327,18.830217],[99.023364,18.830287],[99.023468,18.830283],[99.023554,18.830324],[99.023511,18.830426],[99.023509,18.830886],[99.023458,18.831365],[99.023179,18.83233],[99.023026,18.832353],[99.02294,18.832257],[99.022763,18.83217]]]}},{"type":"Feature","properties":{"k":"water"},"geometry":{"type":"Polygon","coordinates":[[[99.027066,18.830039],[99.026863,18.830069],[99.026712,18.829978],[99.026667,18.829838],[99.026872,18.82961],[99.027007,18.829618],[99.027077,18.829694],[99.027125,18.82981],[99.027433,18.829955],[99.027447,18.830044],[99.027361,18.83013],[99.027224,18.830117],[99.027066,18.830039]]]}},{"type":"Feature","properties":{"k":"water"},"geometry":{"type":"Polygon","coordinates":[[[98.968505,18.78037],[98.968441,18.780347],[98.968304,18.780368],[98.96828,18.780411],[98.968301,18.780584],[98.968172,18.780708],[98.968044,18.780685],[98.967987,18.780634],[98.967952,18.780571],[98.96796,18.780111],[98.967993,18.779862],[98.968027,18.779824],[98.968199,18.779789],[98.968272,18.779801],[98.968304,18.779837],[98.968255,18.780129],[98.96828,18.780187],[98.968585,18.780307],[98.968575,18.780373],[98.968505,18.78037]]]}},{"type":"Feature","properties":{"k":"water"},"geometry":{"type":"Polygon","coordinates":[[[98.901807,18.732098],[98.901871,18.732113],[98.902004,18.732314],[98.902015,18.732812],[98.901941,18.733211],[98.901863,18.733368],[98.901748,18.733421],[98.901461,18.733315],[98.901393,18.733198],[98.901402,18.732921],[98.901436,18.732748],[98.901673,18.732403],[98.901748,18.732118],[98.901807,18.732098]]]}},{"type":"Feature","properties":{"k":"water"},"geometry":{"type":"Polygon","coordinates":[[[98.902394,18.730005],[98.901689,18.729514],[98.901367,18.728898],[98.901307,18.728717],[98.901307,18.728575],[98.901345,18.728473],[98.901761,18.728019],[98.901908,18.727927],[98.902012,18.728014],[98.902127,18.727843],[98.902157,18.727744],[98.902938,18.727686],[98.903188,18.727587],[98.90328,18.727856],[98.903437,18.728044],[98.903625,18.728133],[98.903896,18.728194],[98.903998,18.728481],[98.903915,18.728732],[98.903883,18.729004],[98.903765,18.729324],[98.903464,18.729843],[98.90311,18.730231],[98.902992,18.730282],[98.902795,18.730165],[98.902497,18.73005],[98.902493,18.730129],[98.902534,18.730187],[98.902951,18.730425],[98.902998,18.730523],[98.90281,18.730848],[98.902676,18.73095],[98.902187,18.731062],[98.902187,18.730879],[98.902016,18.730813],[98.901882,18.730823],[98.90168,18.730605],[98.901673,18.730528],[98.901619,18.730488],[98.901605,18.72999],[98.901501,18.729695],[98.901572,18.729599],[98.901946,18.729781],[98.902185,18.730002],[98.902324,18.730043],[98.902394,18.730005]]]}},{"type":"Feature","properties":{"k":"water","n":"Alpha Dormitory Pond"},"geometry":{"type":"Polygon","coordinates":[[[99.041099,18.796827],[99.04118,18.796756],[99.041314,18.796797],[99.041357,18.796893],[99.041576,18.796995],[99.041737,18.79734],[99.041727,18.797426],[99.041646,18.797457],[99.041523,18.797437],[99.04141,18.79735],[99.041389,18.797091],[99.041153,18.796995],[99.041088,18.796934],[99.041099,18.796827]]]}},{"type":"Feature","properties":{"k":"water"},"geometry":{"type":"Polygon","coordinates":[[[99.000012,18.776006],[99.000029,18.77596],[99.000092,18.775955],[99.001261,18.776103],[99.001388,18.776404],[99.001365,18.77653],[99.001034,18.776699],[99.000792,18.776691],[99.000616,18.776607],[99.00056,18.776593],[99.000455,18.776623],[99.00014,18.776529],[99.000004,18.776463],[98.999966,18.776396],[98.999954,18.776278],[99.000012,18.776006]]]}},{"type":"Feature","properties":{"k":"water"},"geometry":{"type":"Polygon","coordinates":[[[98.964946,18.826433],[98.963623,18.828172],[98.963471,18.828697],[98.963143,18.830205],[98.963041,18.830436],[98.962449,18.828659],[98.963189,18.828392],[98.963987,18.827306],[98.964017,18.827206],[98.963787,18.826514],[98.96457,18.82625],[98.964946,18.826433]]]}},{"type":"Feature","properties":{"k":"water"},"geometry":{"type":"Polygon","coordinates":[[[99.03312,18.737011],[99.033715,18.737043],[99.033681,18.737614],[99.033086,18.737583],[99.03312,18.737011]]]}},{"type":"Feature","properties":{"k":"water"},"geometry":{"type":"Polygon","coordinates":[[[98.967479,18.822737],[98.967336,18.822859],[98.966923,18.822966],[98.966706,18.823079],[98.966481,18.823099],[98.966338,18.822982],[98.966298,18.822775],[98.966439,18.822583],[98.967264,18.822327],[98.967543,18.822277],[98.967691,18.822306],[98.967758,18.82253],[98.967479,18.822737]]]}},{"type":"Feature","properties":{"k":"water"},"geometry":{"type":"Polygon","coordinates":[[[98.968441,18.827867],[98.968194,18.827613],[98.968108,18.827258],[98.968302,18.827095],[98.968516,18.826689],[98.968463,18.826517],[98.968677,18.826506],[98.968784,18.826598],[98.969042,18.826578],[98.969171,18.826415],[98.969332,18.826456],[98.969256,18.82674],[98.969643,18.826953],[98.969975,18.827014],[98.970286,18.827116],[98.970458,18.827288],[98.970458,18.827552],[98.970254,18.827654],[98.9699,18.827674],[98.969643,18.827491],[98.969611,18.827258],[98.969557,18.827126],[98.969256,18.827014],[98.968988,18.827004],[98.968731,18.827055],[98.968527,18.827288],[98.968505,18.827512],[98.968548,18.827695],[98.968709,18.827837],[98.968634,18.827948],[98.968441,18.827867]]]}},{"type":"Feature","properties":{"k":"water"},"geometry":{"type":"Polygon","coordinates":[[[98.967024,18.823791],[98.967168,18.824107],[98.96752,18.825763],[98.96755,18.826096],[98.967389,18.826309],[98.967164,18.826289],[98.966906,18.826116],[98.966745,18.825893],[98.966627,18.825537],[98.966595,18.824715],[98.966767,18.824136],[98.967024,18.823791]]]}},{"type":"Feature","properties":{"k":"water"},"geometry":{"type":"Polygon","coordinates":[[[99.031534,18.839999],[99.031996,18.839232],[99.032371,18.839435],[99.03178,18.840104],[99.031534,18.839999]]]}},{"type":"Feature","properties":{"k":"water"},"geometry":{"type":"Polygon","coordinates":[[[99.017356,18.835125],[99.017378,18.834973],[99.017448,18.834907],[99.017666,18.834859],[99.01772,18.83457],[99.017657,18.8345],[99.017705,18.834242],[99.017796,18.834023],[99.018016,18.833886],[99.018429,18.833917],[99.018429,18.834044],[99.017952,18.83513],[99.017682,18.835189],[99.017356,18.835125]]]}},{"type":"Feature","properties":{"k":"water"},"geometry":{"type":"Polygon","coordinates":[[[99.014958,18.834165],[99.014948,18.834008],[99.015125,18.833947],[99.016123,18.833932],[99.016214,18.833972],[99.016385,18.834409],[99.016298,18.834458],[99.015161,18.834291],[99.014958,18.834165]]]}},{"type":"Feature","properties":{"k":"water"},"geometry":{"type":"Polygon","coordinates":[[[99.036765,18.832307],[99.036797,18.832254],[99.036877,18.832244],[99.036966,18.832297],[99.037054,18.832429],[99.037183,18.832465],[99.037215,18.832538],[99.03714,18.83266],[99.03706,18.83269],[99.036783,18.832503],[99.036722,18.832409],[99.036765,18.832307]]]}},{"type":"Feature","properties":{"k":"water"},"geometry":{"type":"Polygon","coordinates":[[[98.964992,18.820784],[98.964787,18.8204],[98.96507,18.820278],[98.965281,18.820628],[98.964992,18.820784]]]}},{"type":"Feature","properties":{"k":"water"},"geometry":{"type":"Polygon","coordinates":[[[98.954448,18.821725],[98.954695,18.822263],[98.954566,18.822406],[98.954341,18.822355],[98.954158,18.822253],[98.953986,18.822112],[98.953761,18.822073],[98.953697,18.821959],[98.953782,18.821862],[98.953718,18.821626],[98.953742,18.821504],[98.954051,18.821485],[98.954186,18.821542],[98.954448,18.821725]]]}},{"type":"Feature","properties":{"k":"water"},"geometry":{"type":"Polygon","coordinates":[[[98.967633,18.819222],[98.967515,18.819238],[98.96746,18.819114],[98.967314,18.81898],[98.9672,18.819066],[98.967081,18.81908],[98.967113,18.818651],[98.967285,18.818585],[98.967322,18.818511],[98.967317,18.818448],[98.967247,18.818349],[98.967639,18.818356],[98.967633,18.819222]]]}},{"type":"Feature","properties":{"k":"water"},"geometry":{"type":"Polygon","coordinates":[[[98.966738,18.821218],[98.966904,18.821208],[98.967017,18.821137],[98.967043,18.820976],[98.967102,18.820933],[98.967226,18.820918],[98.967328,18.820944],[98.967381,18.821015],[98.96737,18.821093],[98.967204,18.821134],[98.967,18.821299],[98.966812,18.821301],[98.966738,18.821218]]]}},{"type":"Feature","properties":{"k":"water"},"geometry":{"type":"Polygon","coordinates":[[[98.973391,18.83088],[98.973273,18.830853],[98.97319,18.830616],[98.97326,18.8305],[98.97345,18.830444],[98.973587,18.830469],[98.973673,18.830543],[98.973638,18.830616],[98.973464,18.8307],[98.973391,18.83088]]]}},{"type":"Feature","properties":{"k":"water"},"geometry":{"type":"Polygon","coordinates":[[[98.973402,18.831053],[98.973442,18.83099],[98.973753,18.831124],[98.973788,18.831185],[98.973788,18.831274],[98.973555,18.831213],[98.97345,18.831137],[98.973402,18.831053]]]}},{"type":"Feature","properties":{"k":"water"},"geometry":{"type":"Polygon","coordinates":[[[98.975368,18.830812],[98.975349,18.830913],[98.975422,18.831018],[98.975119,18.831193],[98.975019,18.831198],[98.974655,18.831315],[98.974563,18.831203],[98.97459,18.831091],[98.974756,18.83099],[98.975003,18.830974],[98.97518,18.830797],[98.975309,18.830756],[98.975368,18.830812]]]}},{"type":"Feature","properties":{"k":"water"},"geometry":{"type":"Polygon","coordinates":[[[98.971109,18.830258],[98.971291,18.83035],[98.971355,18.830512],[98.97128,18.830568],[98.971162,18.830599],[98.970958,18.830517],[98.971109,18.830258]]]}},{"type":"Feature","properties":{"k":"water"},"geometry":{"type":"Polygon","coordinates":[[[98.973673,18.832899],[98.973466,18.832437],[98.973076,18.832021],[98.973552,18.832203],[98.974357,18.832642],[98.974258,18.832736],[98.973898,18.832767],[98.973673,18.832899]]]}},{"type":"Feature","properties":{"k":"water"},"geometry":{"type":"Polygon","coordinates":[[[98.968502,18.828634],[98.96855,18.828497],[98.968587,18.828085],[98.968754,18.827882],[98.968866,18.827872],[98.969006,18.828009],[98.969059,18.828192],[98.96936,18.8284],[98.969435,18.828507],[98.969124,18.828735],[98.969017,18.828766],[98.968775,18.828654],[98.968502,18.828634]]]}},{"type":"Feature","properties":{"k":"water"},"geometry":{"type":"Polygon","coordinates":[[[98.974681,18.83279],[98.975169,18.832965],[98.975049,18.833114],[98.974968,18.833132],[98.974834,18.833087],[98.974762,18.833153],[98.974767,18.833439],[98.974644,18.833536],[98.974593,18.833477],[98.974491,18.833188],[98.974311,18.833158],[98.974137,18.833343],[98.974038,18.833348],[98.973984,18.833153],[98.973898,18.833005],[98.973973,18.832891],[98.974681,18.83279]]]}},{"type":"Feature","properties":{"k":"water"},"geometry":{"type":"Polygon","coordinates":[[[98.96641,18.816034],[98.966271,18.816034],[98.96619,18.815978],[98.966355,18.815735],[98.966523,18.815633],[98.966668,18.815622],[98.966716,18.815709],[98.966453,18.815937],[98.96641,18.816034]]]}},{"type":"Feature","properties":{"k":"water"},"geometry":{"type":"Polygon","coordinates":[[[98.952243,18.817887],[98.952357,18.817735],[98.952658,18.81769],[98.952946,18.817567],[98.953065,18.817395],[98.953252,18.817293],[98.953412,18.817501],[98.953402,18.817531],[98.953032,18.817658],[98.952813,18.817888],[98.952651,18.818004],[98.952431,18.817978],[98.952243,18.817887]]]}},{"type":"Feature","properties":{"k":"water"},"geometry":{"type":"Polygon","coordinates":[[[98.952973,18.809559],[98.953018,18.809514],[98.953254,18.8096],[98.954139,18.810502],[98.954222,18.810623],[98.95416,18.810705],[98.954338,18.810875],[98.954381,18.810981],[98.954481,18.81104],[98.954476,18.811196],[98.954297,18.811251],[98.954163,18.811048],[98.953874,18.81043],[98.95375,18.810413],[98.953662,18.810347],[98.953385,18.81007],[98.953195,18.809796],[98.953043,18.809721],[98.952973,18.809559]]]}},{"type":"Feature","properties":{"k":"water"},"geometry":{"type":"Polygon","coordinates":[[[98.94065,18.734728],[98.940709,18.734791],[98.940583,18.734953],[98.940283,18.735154],[98.940124,18.735408],[98.940058,18.735438],[98.939955,18.735362],[98.94065,18.734728]]]}},{"type":"Feature","properties":{"k":"water"},"geometry":{"type":"Polygon","coordinates":[[[99.032838,18.805116],[99.033074,18.805101],[99.03309,18.805604],[99.033068,18.805949],[99.032864,18.805918],[99.032838,18.805116]]]}},{"type":"Feature","properties":{"k":"water"},"geometry":{"type":"Polygon","coordinates":[[[98.967333,18.815254],[98.96731,18.815216],[98.967553,18.815018],[98.967601,18.815028],[98.967633,18.815135],[98.967534,18.815211],[98.967333,18.815254]]]}},{"type":"Feature","properties":{"k":"water"},"geometry":{"type":"Polygon","coordinates":[[[98.966507,18.815468],[98.966326,18.815419],[98.96624,18.815445],[98.966493,18.815084],[98.966542,18.81511],[98.966448,18.815257],[98.966587,18.815315],[98.966507,18.815468]]]}},{"type":"Feature","properties":{"k":"water"},"geometry":{"type":"Polygon","coordinates":[[[98.966936,18.815429],[98.966928,18.815351],[98.967161,18.815272],[98.967196,18.815323],[98.967168,18.815381],[98.966936,18.815429]]]}},{"type":"Feature","properties":{"k":"water"},"geometry":{"type":"Polygon","coordinates":[[[99.039561,18.795646],[99.039796,18.79573],[99.039706,18.795955],[99.039471,18.795871],[99.039561,18.795646]]]}},{"type":"Feature","properties":{"k":"water"},"geometry":{"type":"Polygon","coordinates":[[[99.050674,18.790485],[99.051104,18.790668],[99.051034,18.7911],[99.05076,18.791775],[99.050175,18.791532],[99.050674,18.790485]]]}},{"type":"Feature","properties":{"k":"water"},"geometry":{"type":"Polygon","coordinates":[[[99.040812,18.761355],[99.040828,18.761637],[99.039879,18.762287],[99.039801,18.762011],[99.040812,18.761355]]]}},{"type":"Feature","properties":{"k":"water"},"geometry":{"type":"Polygon","coordinates":[[[99.053014,18.787102],[99.053094,18.787003],[99.053202,18.786992],[99.053865,18.787058],[99.054038,18.787151],[99.054174,18.787319],[99.054353,18.787395],[99.054299,18.787712],[99.054382,18.788175],[99.053982,18.787996],[99.053913,18.787922],[99.053308,18.787722],[99.05297,18.787703],[99.053014,18.787102]]]}},{"type":"Feature","properties":{"k":"water"},"geometry":{"type":"Polygon","coordinates":[[[99.045358,18.786403],[99.046281,18.786682],[99.046077,18.787139],[99.045224,18.78687],[99.045358,18.786403]]]}},{"type":"Feature","properties":{"k":"water"},"geometry":{"type":"Polygon","coordinates":[[[99.053805,18.789296],[99.053854,18.789091],[99.054,18.789016],[99.054116,18.789087],[99.054233,18.789065],[99.054523,18.789268],[99.054813,18.789307],[99.054915,18.78943],[99.054901,18.789693],[99.054555,18.790059],[99.054451,18.790069],[99.054376,18.790034],[99.053995,18.789653],[99.053805,18.789296]]]}},{"type":"Feature","properties":{"k":"water"},"geometry":{"type":"Polygon","coordinates":[[[98.977126,18.827425],[98.977062,18.827349],[98.977368,18.827186],[98.977614,18.827425],[98.977561,18.827516],[98.977368,18.827643],[98.977298,18.827542],[98.977126,18.827425]]]}},{"type":"Feature","properties":{"k":"water"},"geometry":{"type":"Polygon","coordinates":[[[98.976735,18.828385],[98.976617,18.828593],[98.976542,18.828852],[98.976354,18.829029],[98.976198,18.8291],[98.976059,18.829116],[98.975941,18.828999],[98.975742,18.828989],[98.975501,18.829182],[98.975549,18.829375],[98.975442,18.829441],[98.975367,18.829273],[98.975463,18.82904],[98.975866,18.828852],[98.976236,18.828862],[98.976375,18.828704],[98.976617,18.828278],[98.976735,18.828385]]]}},{"type":"Feature","properties":{"k":"water"},"geometry":{"type":"Polygon","coordinates":[[[98.974106,18.828329],[98.973522,18.828674],[98.973366,18.828659],[98.973355,18.828527],[98.97343,18.828303],[98.973522,18.828055],[98.973591,18.827999],[98.973543,18.827765],[98.97365,18.827674],[98.973801,18.82777],[98.973935,18.82778],[98.973994,18.827973],[98.974079,18.82806],[98.974149,18.828319],[98.974106,18.828329]]]}},{"type":"Feature","properties":{"k":"water"},"geometry":{"type":"Polygon","coordinates":[[[98.976145,18.827202],[98.976107,18.82712],[98.976311,18.827024],[98.976392,18.826917],[98.976375,18.826841],[98.976247,18.826831],[98.976215,18.82677],[98.976343,18.826734],[98.976375,18.826653],[98.976381,18.82647],[98.97651,18.826516],[98.976526,18.826653],[98.976654,18.826694],[98.977035,18.826541],[98.977362,18.826354],[98.977486,18.826191],[98.977416,18.826034],[98.977368,18.825805],[98.977303,18.82576],[98.97689,18.825775],[98.976692,18.826135],[98.976579,18.826166],[98.976579,18.825881],[98.976493,18.825785],[98.976338,18.825765],[98.976311,18.825628],[98.97608,18.825516],[98.97615,18.825353],[98.97651,18.825485],[98.976558,18.825628],[98.976563,18.825749],[98.976628,18.825805],[98.976821,18.825734],[98.976933,18.825617],[98.97718,18.825546],[98.977384,18.82544],[98.977599,18.825638],[98.977582,18.826252],[98.97754,18.826415],[98.977416,18.826572],[98.976145,18.827202]]]}},{"type":"Feature","properties":{"k":"water"},"geometry":{"type":"Polygon","coordinates":[[[98.974841,18.830243],[98.974863,18.83039],[98.974627,18.830654],[98.974407,18.830502],[98.974503,18.830263],[98.974841,18.830243]]]}},{"type":"Feature","properties":{"k":"water"},"geometry":{"type":"Polygon","coordinates":[[[98.967326,18.827069],[98.967256,18.827039],[98.9671,18.8268],[98.96695,18.82677],[98.966875,18.826658],[98.967015,18.826557],[98.967465,18.826572],[98.967546,18.826948],[98.967471,18.827039],[98.967326,18.827069]]]}},{"type":"Feature","properties":{"k":"water"},"geometry":{"type":"Polygon","coordinates":[[[98.969284,18.83091],[98.968691,18.832057],[98.968382,18.831924],[98.96832,18.831268],[98.968392,18.830837],[98.969284,18.83091]]]}},{"type":"Feature","properties":{"k":"water"},"geometry":{"type":"Polygon","coordinates":[[[98.977631,18.827831],[98.977738,18.827714],[98.977979,18.827664],[98.978173,18.827699],[98.978178,18.827821],[98.978071,18.828044],[98.977631,18.827831]]]}},{"type":"Feature","properties":{"k":"water"},"geometry":{"type":"Polygon","coordinates":[[[99.001679,18.827405],[99.001647,18.827428],[99.001611,18.827375],[99.001663,18.82721],[99.001601,18.827113],[99.001617,18.827022],[99.001786,18.826923],[99.001923,18.826935],[99.001976,18.827057],[99.001939,18.827144],[99.001679,18.827405]]]}},{"type":"Feature","properties":{"k":"water"},"geometry":{"type":"Polygon","coordinates":[[[98.955225,18.772811],[98.955209,18.772695],[98.955321,18.772328],[98.955386,18.771977],[98.955846,18.771578],[98.955846,18.772112],[98.955648,18.772466],[98.955808,18.772593],[98.956217,18.772434],[98.956251,18.772662],[98.956182,18.772862],[98.956385,18.773033],[98.956639,18.772874],[98.95669,18.77296],[98.956579,18.773351],[98.956411,18.773351],[98.956385,18.773465],[98.95626,18.773522],[98.955907,18.773135],[98.95589,18.773009],[98.955778,18.772968],[98.955631,18.772984],[98.9553,18.772866],[98.955225,18.772811]]]}},{"type":"Feature","properties":{"k":"water"},"geometry":{"type":"Polygon","coordinates":[[[98.981342,18.814772],[98.981415,18.814323],[98.981469,18.814259],[98.981562,18.814249],[98.981619,18.814275],[98.981624,18.814353],[98.981536,18.814747],[98.981396,18.81481],[98.981342,18.814772]]]}},{"type":"Feature","properties":{"k":"water"},"geometry":{"type":"Polygon","coordinates":[[[98.972925,18.773967],[98.972928,18.773604],[98.97318,18.773599],[98.97318,18.773952],[98.972925,18.773967]]]}},{"type":"Feature","properties":{"k":"water"},"geometry":{"type":"Polygon","coordinates":[[[98.97216,18.772833],[98.972113,18.772405],[98.972477,18.772338],[98.972506,18.772397],[98.972465,18.772834],[98.97216,18.772833]]]}},{"type":"Feature","properties":{"k":"water"},"geometry":{"type":"Polygon","coordinates":[[[98.972794,18.773987],[98.97241,18.774008],[98.972318,18.773485],[98.972312,18.773109],[98.97248,18.773083],[98.972542,18.773391],[98.972791,18.773622],[98.972794,18.773987]]]}},{"type":"Feature","properties":{"k":"water"},"geometry":{"type":"Polygon","coordinates":[[[98.974666,18.77198],[98.974504,18.771808],[98.974343,18.771759],[98.974297,18.771711],[98.974265,18.771356],[98.974307,18.771345],[98.974369,18.77139],[98.974474,18.771521],[98.974528,18.771642],[98.974661,18.771726],[98.974728,18.771985],[98.974666,18.77198]]]}},{"type":"Feature","properties":{"k":"water"},"geometry":{"type":"Polygon","coordinates":[[[98.973101,18.785344],[98.973272,18.785461],[98.973401,18.785654],[98.973541,18.785679],[98.973669,18.785593],[98.973669,18.785426],[98.973535,18.785243],[98.973573,18.785055],[98.973568,18.784877],[98.973342,18.784537],[98.97331,18.784334],[98.97338,18.784166],[98.97353,18.784136],[98.973852,18.783836],[98.973943,18.783861],[98.973922,18.784024],[98.973798,18.784217],[98.973782,18.784608],[98.973702,18.78477],[98.973782,18.784882],[98.973787,18.785182],[98.973825,18.785385],[98.973777,18.785613],[98.973809,18.785949],[98.973568,18.786045],[98.973374,18.786055],[98.973095,18.78569],[98.973101,18.785344]]]}},{"type":"Feature","properties":{"k":"water"},"geometry":{"type":"Polygon","coordinates":[[[98.969578,18.847373],[98.969159,18.847221],[98.969256,18.846838],[98.969387,18.846756],[98.969623,18.846827],[98.96966,18.847256],[98.969578,18.847373]]]}},{"type":"Feature","properties":{"k":"water"},"geometry":{"type":"Polygon","coordinates":[[[98.96985,18.849411],[98.969769,18.84939],[98.970115,18.848426],[98.9702,18.848451],[98.96985,18.849411]]]}},{"type":"Feature","properties":{"k":"water"},"geometry":{"type":"Polygon","coordinates":[[[98.973338,18.837335],[98.973479,18.836969],[98.974294,18.83725],[98.974153,18.837616],[98.973338,18.837335]]]}},{"type":"Feature","properties":{"k":"water"},"geometry":{"type":"Polygon","coordinates":[[[98.968516,18.848617],[98.968116,18.848493],[98.968189,18.848312],[98.968605,18.848454],[98.968516,18.848617]]]}},{"type":"Feature","properties":{"k":"water"},"geometry":{"type":"Polygon","coordinates":[[[98.976297,18.844957],[98.97583,18.845002],[98.975843,18.844784],[98.976222,18.844703],[98.976297,18.844957]]]}},{"type":"Feature","properties":{"k":"water"},"geometry":{"type":"Polygon","coordinates":[[[98.968191,18.849589],[98.967767,18.849447],[98.967821,18.849328],[98.968207,18.849414],[98.968191,18.849589]]]}},{"type":"Feature","properties":{"k":"water"},"geometry":{"type":"Polygon","coordinates":[[[98.941434,18.809216],[98.941353,18.809079],[98.941954,18.808495],[98.942233,18.80886],[98.94212,18.809145],[98.94204,18.809043],[98.941874,18.809002],[98.941766,18.809023],[98.941434,18.809216]]]}},{"type":"Feature","properties":{"k":"water"},"geometry":{"type":"Polygon","coordinates":[[[98.980696,18.819794],[98.980554,18.819852],[98.980455,18.819843],[98.980393,18.819886],[98.980359,18.819976],[98.980298,18.820033],[98.980216,18.819991],[98.980069,18.820101],[98.979968,18.820132],[98.97987,18.820118],[98.979668,18.819926],[98.979546,18.819865],[98.979377,18.819835],[98.979347,18.819754],[98.979479,18.819736],[98.979586,18.819784],[98.979993,18.81982],[98.980216,18.819715],[98.980283,18.819619],[98.98041,18.819564],[98.980711,18.819647],[98.980729,18.819714],[98.980696,18.819794]]]}},{"type":"Feature","properties":{"k":"water"},"geometry":{"type":"Polygon","coordinates":[[[98.985789,18.733293],[98.985792,18.732888],[98.986472,18.73289],[98.986455,18.733306],[98.985789,18.733293]]]}},{"type":"Feature","properties":{"k":"water"},"geometry":{"type":"Polygon","coordinates":[[[99.026089,18.821299],[99.02595,18.820911],[99.026116,18.820685],[99.026341,18.820761],[99.026508,18.821223],[99.026089,18.821299]]]}},{"type":"Feature","properties":{"k":"water"},"geometry":{"type":"Polygon","coordinates":[[[99.027001,18.820025],[99.026202,18.82002],[99.026095,18.819837],[99.027007,18.819898],[99.027001,18.820025]]]}},{"type":"Feature","properties":{"k":"water"},"geometry":{"type":"Polygon","coordinates":[[[99.03582,18.796054],[99.035643,18.795841],[99.035734,18.795607],[99.036051,18.795602],[99.03582,18.796054]]]}},{"type":"Feature","properties":{"k":"water"},"geometry":{"type":"Polygon","coordinates":[[[99.036244,18.778297],[99.036188,18.778289],[99.036075,18.778195],[99.036064,18.778106],[99.036153,18.777987],[99.036129,18.777857],[99.036145,18.777819],[99.036265,18.777743],[99.03633,18.777535],[99.036485,18.777525],[99.036485,18.777649],[99.036402,18.777741],[99.036365,18.778099],[99.036244,18.778297]]]}},{"type":"Feature","properties":{"k":"water"},"geometry":{"type":"Polygon","coordinates":[[[99.036818,18.780547],[99.036904,18.779663],[99.037145,18.779683],[99.036973,18.780559],[99.036818,18.780547]]]}},{"type":"Feature","properties":{"k":"water"},"geometry":{"type":"Polygon","coordinates":[[[99.036931,18.779587],[99.036968,18.779145],[99.037183,18.779176],[99.03714,18.779597],[99.036931,18.779587]]]}},{"type":"Feature","properties":{"k":"water"},"geometry":{"type":"Polygon","coordinates":[[[99.008332,18.827964],[99.008387,18.827817],[99.008676,18.827613],[99.008802,18.827379],[99.008851,18.827192],[99.008857,18.826873],[99.008765,18.826349],[99.008852,18.825942],[99.008796,18.825551],[99.008805,18.825242],[99.008864,18.825128],[99.008977,18.825064],[99.009216,18.82509],[99.009363,18.825196],[99.009637,18.8256],[99.009843,18.825762],[99.010828,18.825915],[99.01233,18.826337],[99.013441,18.826605],[99.013547,18.826721],[99.013555,18.826838],[99.013506,18.827059],[99.013522,18.82717],[99.013591,18.827236],[99.013737,18.827227],[99.013794,18.827182],[99.013885,18.827096],[99.014007,18.826894],[99.014118,18.826811],[99.014313,18.826771],[99.014478,18.826834],[99.014571,18.826839],[99.014678,18.82682],[99.014756,18.826772],[99.014935,18.826408],[99.015038,18.826263],[99.01516,18.826199],[99.015304,18.826204],[99.015517,18.826289],[99.015723,18.826421],[99.015991,18.826716],[99.016147,18.826778],[99.016325,18.826788],[99.016567,18.826744],[99.016698,18.826666],[99.016745,18.826568],[99.016771,18.826125],[99.016686,18.825762],[99.016659,18.825223],[99.016633,18.825129],[99.016371,18.824819],[99.016307,18.824674],[99.016329,18.824528],[99.016426,18.824418],[99.016894,18.824317],[99.017164,18.824109],[99.017261,18.823825],[99.016943,18.823206],[99.016964,18.823078],[99.017396,18.822878],[99.017478,18.82274],[99.017365,18.822661],[99.016791,18.822706],[99.016584,18.822661],[99.016435,18.822564],[99.015766,18.821912],[99.015578,18.821662],[99.014747,18.82135],[99.014677,18.821232],[99.014609,18.820938],[99.014439,18.82059],[99.014409,18.820458],[99.014405,18.820302],[99.014436,18.820223],[99.014556,18.820083],[99.014737,18.819976],[99.014936,18.819938],[99.015205,18.819965],[99.015359,18.82004],[99.015557,18.82004],[99.015721,18.81996],[99.015809,18.819809],[99.015947,18.819313],[99.016097,18.81907],[99.016218,18.819121],[99.016036,18.819384],[99.015911,18.819889],[99.015782,18.820068],[99.01558,18.820166],[99.015336,18.820166],[99.015177,18.820089],[99.01494,18.820065],[99.014773,18.820097],[99.01462,18.820188],[99.01452,18.820305],[99.014503,18.820484],[99.01453,18.820597],[99.014668,18.820804],[99.014722,18.821078],[99.014845,18.821296],[99.015702,18.821612],[99.015874,18.821861],[99.016682,18.822563],[99.016812,18.822603],[99.017274,18.822549],[99.017441,18.822559],[99.017545,18.822654],[99.017577,18.822782],[99.017529,18.822905],[99.017453,18.82299],[99.017077,18.823168],[99.017103,18.823312],[99.017308,18.823614],[99.017378,18.823813],[99.017342,18.824143],[99.017286,18.824241],[99.016993,18.824469],[99.016782,18.824547],[99.016604,18.824568],[99.016515,18.824652],[99.016769,18.825009],[99.016866,18.826159],[99.016865,18.826631],[99.016772,18.826764],[99.016602,18.826865],[99.016331,18.826914],[99.016125,18.826903],[99.015939,18.82683],[99.015809,18.826717],[99.015656,18.826523],[99.015471,18.826405],[99.015283,18.82633],[99.015183,18.826326],[99.015104,18.826367],[99.015019,18.826488],[99.01483,18.82687],[99.014714,18.826942],[99.014577,18.826965],[99.014457,18.826959],[99.014304,18.826901],[99.01416,18.82693],[99.014076,18.826993],[99.013966,18.827183],[99.013858,18.827285],[99.013776,18.827323],[99.013556,18.827335],[99.013451,18.827226],[99.013431,18.82709],[99.013454,18.826793],[99.013389,18.826721],[99.012374,18.8265],[99.010747,18.826047],[99.009878,18.825892],[99.009697,18.82582],[99.009352,18.825404],[99.009213,18.825293],[99.009065,18.825237],[99.008971,18.825246],[99.008883,18.825585],[99.008961,18.825996],[99.008891,18.826346],[99.008957,18.826763],[99.008957,18.827124],[99.008907,18.827377],[99.008829,18.827603],[99.008512,18.827804],[99.008425,18.827946],[99.008454,18.828227],[99.00858,18.828573],[99.008529,18.82889],[99.008591,18.829195],[99.008643,18.829288],[99.008699,18.829321],[99.009044,18.829334],[99.009219,18.829495],[99.009277,18.829648],[99.009269,18.829753],[99.009226,18.829829],[99.008931,18.830093],[99.008934,18.830667],[99.009275,18.831071],[99.009323,18.831286],[99.009296,18.831416],[99.009068,18.831743],[99.00895,18.83215],[99.008899,18.832238],[99.00892,18.832388],[99.009025,18.832665],[99.009096,18.83276],[99.00921,18.83282],[99.009295,18.832915],[99.009599,18.832987],[99.00994,18.83298],[99.010162,18.833018],[99.010314,18.833167],[99.01024,18.833216],[99.010168,18.833124],[99.010074,18.833091],[99.00924,18.833069],[99.009055,18.83298],[99.008961,18.832876],[99.00877,18.832513],[99.008754,18.832279],[99.008869,18.831964],[99.008915,18.831738],[99.009052,18.831556],[99.009165,18.831317],[99.009167,18.83117],[99.00906,18.831005],[99.008837,18.830837],[99.008754,18.830634],[99.00879,18.83044],[99.008765,18.830154],[99.008827,18.830007],[99.009009,18.829804],[99.009012,18.829667],[99.008979,18.829601],[99.00891,18.829553],[99.008582,18.82941],[99.008475,18.829225],[99.0084,18.828872],[99.008456,18.828687],[99.008336,18.828286],[99.008332,18.827964]]]}},{"type":"Feature","properties":{"k":"water"},"geometry":{"type":"Polygon","coordinates":[[[99.005152,18.834271],[99.005136,18.834227],[99.005198,18.834224],[99.005254,18.83413],[99.005287,18.833814],[99.00556,18.833254],[99.005911,18.832655],[99.006182,18.832797],[99.006568,18.832898],[99.006767,18.832761],[99.006836,18.832591],[99.006828,18.832533],[99.00647,18.832276],[99.006433,18.832154],[99.006472,18.832066],[99.006775,18.831723],[99.006866,18.831698],[99.006973,18.831726],[99.007325,18.831868],[99.007574,18.831721],[99.007632,18.831666],[99.007633,18.831614],[99.007732,18.831614],[99.007775,18.83168],[99.007558,18.832025],[99.006938,18.831875],[99.006863,18.831919],[99.006646,18.832216],[99.006667,18.832269],[99.006885,18.832442],[99.006987,18.83248],[99.007048,18.832571],[99.007062,18.832624],[99.006997,18.832901],[99.006895,18.833041],[99.00674,18.833046],[99.0063,18.832916],[99.006152,18.832959],[99.006083,18.833025],[99.006013,18.83318],[99.006067,18.833419],[99.006163,18.833515],[99.00648,18.833609],[99.00649,18.833663],[99.006464,18.833706],[99.006217,18.833845],[99.006077,18.834041],[99.005932,18.833899],[99.005861,18.83375],[99.005777,18.833703],[99.005627,18.833693],[99.005466,18.833721],[99.00538,18.833762],[99.005334,18.833957],[99.00534,18.834069],[99.005396,18.834095],[99.005325,18.834161],[99.005318,18.834216],[99.005152,18.834271]]]}},{"type":"Feature","properties":{"k":"water"},"geometry":{"type":"Polygon","coordinates":[[[99.032698,18.794272],[99.032374,18.794264],[99.032288,18.794231],[99.032398,18.794023],[99.032867,18.794056],[99.032996,18.79413],[99.032985,18.794173],[99.032859,18.794252],[99.032698,18.794272]]]}},{"type":"Feature","properties":{"k":"water"},"geometry":{"type":"Polygon","coordinates":[[[99.032256,18.794658],[99.032306,18.794721],[99.032304,18.794889],[99.032167,18.795008],[99.031947,18.794986],[99.03151,18.794754],[99.031513,18.794671],[99.03166,18.794424],[99.031722,18.794376],[99.031824,18.794394],[99.031741,18.794559],[99.031735,18.794655],[99.03177,18.794732],[99.031883,18.794782],[99.032014,18.79479],[99.032146,18.794673],[99.032256,18.794658]]]}},{"type":"Feature","properties":{"k":"water"},"geometry":{"type":"Polygon","coordinates":[[[98.964756,18.839941],[98.96368,18.835437],[98.963193,18.832745],[98.963121,18.831877],[98.963761,18.828723],[98.963892,18.828389],[98.964093,18.82808],[98.965403,18.826353],[98.965498,18.826138],[98.965533,18.825891],[98.965006,18.822412],[98.964929,18.821913],[98.964818,18.821608],[98.962878,18.818315],[98.962739,18.817934],[98.962736,18.817621],[98.963281,18.812741],[98.963269,18.812322],[98.962445,18.807276],[98.962396,18.807098],[98.962276,18.806948],[98.962159,18.806866],[98.961079,18.806545],[98.960865,18.806423],[98.960668,18.806255],[98.960468,18.805997],[98.959347,18.804096],[98.959288,18.80385],[98.959304,18.803516],[98.961955,18.795308],[98.962002,18.795067],[98.961951,18.794637],[98.96012,18.789574],[98.958334,18.78452],[98.958252,18.784189],[98.958211,18.783693],[98.958185,18.779949],[98.958103,18.779496],[98.957984,18.779206],[98.957887,18.779046],[98.957696,18.778842],[98.957257,18.778488],[98.956952,18.778356],[98.954106,18.777639],[98.953715,18.777408],[98.953285,18.776996],[98.952028,18.774978],[98.951665,18.774326],[98.951394,18.773486],[98.950196,18.769311],[98.949978,18.768672],[98.949584,18.768129],[98.948903,18.767412],[98.945059,18.76358],[98.944797,18.763283],[98.9447,18.763077],[98.944631,18.7628],[98.94451,18.761683],[98.944397,18.761239],[98.943417,18.759682],[98.943302,18.759432],[98.943234,18.759178],[98.943206,18.758686],[98.943327,18.757371],[98.943243,18.75712],[98.942961,18.756851],[98.942824,18.756798],[98.942623,18.756761],[98.941471,18.756692],[98.941122,18.756522],[98.940897,18.75621],[98.940821,18.756018],[98.940833,18.755703],[98.941586,18.753363],[98.941659,18.752974],[98.941629,18.752776],[98.941514,18.752532],[98.940889,18.751511],[98.940811,18.751095],[98.940825,18.750707],[98.941432,18.746122],[98.941527,18.746135],[98.941055,18.749867],[98.940911,18.750679],[98.940893,18.751081],[98.94092,18.751292],[98.941014,18.751566],[98.941653,18.752611],[98.941746,18.752973],[98.941679,18.753365],[98.940949,18.755726],[98.940939,18.756003],[98.941002,18.756179],[98.941195,18.756456],[98.941396,18.756573],[98.941695,18.756627],[98.942805,18.756691],[98.942914,18.756724],[98.943157,18.75687],[98.943337,18.757084],[98.943402,18.75747],[98.943284,18.758932],[98.943322,18.759156],[98.943381,18.759392],[98.943485,18.759618],[98.944421,18.761086],[98.944505,18.761287],[98.944612,18.76166],[98.944716,18.762787],[98.944762,18.763004],[98.944854,18.763208],[98.945108,18.763522],[98.948955,18.767357],[98.949915,18.768397],[98.950129,18.768789],[98.95029,18.769275],[98.951476,18.773459],[98.95177,18.774312],[98.952117,18.774931],[98.953375,18.776929],[98.953786,18.777323],[98.954151,18.777539],[98.95699,18.778254],[98.957316,18.778395],[98.957778,18.778768],[98.95798,18.778982],[98.958088,18.779162],[98.958214,18.779474],[98.958292,18.779941],[98.958325,18.783688],[98.958365,18.784172],[98.958443,18.78449],[98.960227,18.78954],[98.962063,18.794613],[98.962104,18.795065],[98.962065,18.795244],[98.960645,18.799595],[98.959411,18.803529],[98.959391,18.803834],[98.959453,18.804055],[98.960563,18.805962],[98.960749,18.80621],[98.960927,18.806358],[98.961129,18.806459],[98.962158,18.806744],[98.962321,18.806852],[98.962442,18.806977],[98.962507,18.807132],[98.963379,18.81243],[98.963376,18.812845],[98.963139,18.815159],[98.962834,18.81763],[98.962852,18.817958],[98.96297,18.818266],[98.964851,18.821415],[98.96504,18.821898],[98.965129,18.82243],[98.965629,18.82589],[98.965597,18.826145],[98.965499,18.826389],[98.964161,18.828129],[98.963996,18.828433],[98.963871,18.828752],[98.963232,18.831878],[98.963306,18.832731],[98.963792,18.835416],[98.964881,18.83992],[98.964756,18.839941]]]}},{"type":"Feature","properties":{"k":"water"},"geometry":{"type":"Polygon","coordinates":[[[98.982891,18.818527],[98.982752,18.818537],[98.982613,18.818484],[98.982598,18.81841],[98.982657,18.81831],[98.98277,18.818245],[98.982729,18.818057],[98.982775,18.817994],[98.982865,18.817962],[98.982968,18.817989],[98.982925,18.818042],[98.982927,18.818113],[98.983107,18.818213],[98.983107,18.818313],[98.983059,18.81842],[98.982891,18.818527]]]}},{"type":"Feature","properties":{"k":"water"},"geometry":{"type":"Polygon","coordinates":[[[98.913668,18.742723],[98.913813,18.742685],[98.913917,18.742566],[98.914207,18.742463],[98.914392,18.742341],[98.914553,18.742284],[98.91461,18.741964],[98.914779,18.741636],[98.915032,18.741427],[98.915302,18.741449],[98.915544,18.741644],[98.915958,18.741606],[98.916297,18.741937],[98.916337,18.742143],[98.916199,18.742416],[98.916031,18.742856],[98.915878,18.743081],[98.91552,18.743203],[98.915069,18.743119],[98.914207,18.743024],[98.913777,18.742845],[98.913668,18.742723]]]}},{"type":"Feature","properties":{"k":"water"},"geometry":{"type":"Polygon","coordinates":[[[99.026314,18.754857],[99.026338,18.75502],[99.026301,18.755124],[99.025998,18.755157],[99.026314,18.754857]]]}},{"type":"Feature","properties":{"k":"water"},"geometry":{"type":"Polygon","coordinates":[[[99.027095,18.756826],[99.027047,18.757377],[99.026465,18.757499],[99.02621,18.757369],[99.02617,18.757085],[99.026715,18.757164],[99.026926,18.757108],[99.026959,18.756821],[99.027095,18.756826]]]}},{"type":"Feature","properties":{"k":"water"},"geometry":{"type":"Polygon","coordinates":[[[98.923416,18.752669],[98.923422,18.752718],[98.923095,18.753167],[98.922973,18.75312],[98.923165,18.752721],[98.922867,18.752555],[98.922926,18.752432],[98.923416,18.752669]]]}},{"type":"Feature","properties":{"k":"water"},"geometry":{"type":"Polygon","coordinates":[[[98.921823,18.752522],[98.922056,18.75201],[98.922582,18.752252],[98.922498,18.752377],[98.922182,18.75224],[98.921959,18.752584],[98.921935,18.752596],[98.921823,18.752522]]]}},{"type":"Feature","properties":{"k":"water"},"geometry":{"type":"Polygon","coordinates":[[[98.922504,18.753421],[98.922626,18.753228],[98.922733,18.753269],[98.92262,18.753478],[98.922509,18.753454],[98.922504,18.753421]]]}},{"type":"Feature","properties":{"k":"water"},"geometry":{"type":"Polygon","coordinates":[[[98.921799,18.753094],[98.921914,18.75287],[98.922018,18.752906],[98.921903,18.753129],[98.921799,18.753094]]]}},{"type":"Feature","properties":{"k":"water"},"geometry":{"type":"Polygon","coordinates":[[[98.924243,18.751085],[98.924318,18.750956],[98.924568,18.750762],[98.924737,18.750754],[98.924974,18.750864],[98.925182,18.751138],[98.925185,18.751246],[98.925115,18.751497],[98.925136,18.751567],[98.925232,18.751685],[98.925481,18.751835],[98.925547,18.751949],[98.925548,18.75212],[98.925407,18.752175],[98.925301,18.752183],[98.925246,18.752019],[98.925106,18.751795],[98.924808,18.751593],[98.92469,18.75136],[98.924301,18.751276],[98.924228,18.751149],[98.924243,18.751085]]]}},{"type":"Feature","properties":{"k":"water"},"geometry":{"type":"Polygon","coordinates":[[[98.922587,18.749224],[98.922405,18.750072],[98.922279,18.750235],[98.922131,18.750354],[98.921823,18.750499],[98.92167,18.750514],[98.921327,18.750438],[98.920965,18.750275],[98.920769,18.749993],[98.920742,18.749902],[98.920758,18.749597],[98.920731,18.749498],[98.9206,18.749358],[98.920503,18.749346],[98.920519,18.749264],[98.920651,18.749231],[98.920852,18.749264],[98.921056,18.749353],[98.921249,18.74933],[98.921512,18.749236],[98.922051,18.749168],[98.922357,18.749175],[98.922587,18.749224]]]}},{"type":"Feature","properties":{"k":"water"},"geometry":{"type":"Polygon","coordinates":[[[98.918677,18.746333],[98.918924,18.746183],[98.919032,18.74601],[98.919107,18.74603],[98.919109,18.74634],[98.919175,18.746431],[98.919552,18.746677],[98.919925,18.747209],[98.919937,18.747313],[98.919761,18.747458],[98.91908,18.747858],[98.918943,18.747745],[98.918648,18.747701],[98.918539,18.747655],[98.918212,18.747271],[98.918152,18.747138],[98.918141,18.746805],[98.918093,18.746741],[98.918004,18.746698],[98.917889,18.746691],[98.917835,18.74665],[98.917803,18.746569],[98.917841,18.746472],[98.918541,18.746411],[98.918677,18.746333]]]}},{"type":"Feature","properties":{"k":"water"},"geometry":{"type":"Polygon","coordinates":[[[98.927827,18.749913],[98.92802,18.750104],[98.928178,18.75018],[98.928189,18.750302],[98.928106,18.750404],[98.928017,18.750455],[98.927851,18.750411],[98.927768,18.75034],[98.92761,18.750113],[98.927596,18.749896],[98.9274,18.74984],[98.927258,18.749634],[98.927164,18.749393],[98.927041,18.749195],[98.92706,18.749142],[98.927105,18.749139],[98.927347,18.749533],[98.927572,18.749792],[98.927733,18.749836],[98.927827,18.749913]]]}},{"type":"Feature","properties":{"k":"water"},"geometry":{"type":"Polygon","coordinates":[[[98.928547,18.752266],[98.928835,18.752568],[98.928171,18.753136],[98.927883,18.752833],[98.928547,18.752266]]]}},{"type":"Feature","properties":{"k":"water"},"geometry":{"type":"Polygon","coordinates":[[[98.974881,18.784531],[98.974908,18.784404],[98.97487,18.784073],[98.974983,18.783941],[98.975058,18.783941],[98.97509,18.784018],[98.975063,18.784129],[98.975122,18.784399],[98.975085,18.78452],[98.97509,18.784785],[98.975047,18.784866],[98.97487,18.784917],[98.974849,18.784993],[98.974945,18.785044],[98.975068,18.785049],[98.975138,18.78513],[98.975111,18.785612],[98.975074,18.785689],[98.974773,18.785785],[98.974672,18.785902],[98.97458,18.785907],[98.974484,18.785821],[98.97435,18.785841],[98.974275,18.7858],[98.974301,18.785744],[98.974484,18.785749],[98.97458,18.785683],[98.974527,18.78549],[98.974537,18.785374],[98.974661,18.785252],[98.974725,18.785055],[98.974773,18.784698],[98.974881,18.784531]]]}},{"type":"Feature","properties":{"k":"water"},"geometry":{"type":"Polygon","coordinates":[[[98.974264,18.782001],[98.974226,18.782367],[98.97428,18.782509],[98.974398,18.782692],[98.974441,18.782926],[98.974328,18.783474],[98.974317,18.783799],[98.974253,18.78386],[98.974146,18.783865],[98.974092,18.783794],[98.974076,18.783368],[98.974146,18.783144],[98.974114,18.782702],[98.97391,18.782453],[98.973963,18.782286],[98.973963,18.782189],[98.973894,18.781956],[98.973904,18.78189],[98.973969,18.781829],[98.974087,18.781808],[98.974199,18.781844],[98.974258,18.781925],[98.974264,18.782001]]]}},{"type":"Feature","properties":{"k":"water"},"geometry":{"type":"Polygon","coordinates":[[[98.980428,18.788363],[98.980579,18.788356],[98.980617,18.789062],[98.980466,18.789069],[98.980428,18.788363]]]}},{"type":"Feature","properties":{"k":"water"},"geometry":{"type":"Polygon","coordinates":[[[99.044426,18.751103],[99.045157,18.751073],[99.045253,18.751973],[99.044497,18.75211],[99.044426,18.751103]]]}},{"type":"Feature","properties":{"k":"water"},"geometry":{"type":"Polygon","coordinates":[[[99.003982,18.78231],[99.004108,18.781966],[99.00416,18.781983],[99.004035,18.782328],[99.003982,18.78231]]]}},{"type":"Feature","properties":{"k":"water"},"geometry":{"type":"Polygon","coordinates":[[[98.940661,18.749055],[98.940667,18.748835],[98.940829,18.748807],[98.940833,18.748758],[98.940905,18.748757],[98.940869,18.749089],[98.940661,18.749075],[98.940661,18.749055]]]}},{"type":"Feature","properties":{"k":"water"},"geometry":{"type":"Polygon","coordinates":[[[99.006332,18.746218],[99.006597,18.746096],[99.00671,18.746166],[99.006759,18.746435],[99.006479,18.746507],[99.006332,18.746218]]]}},{"type":"Feature","properties":{"k":"water"},"geometry":{"type":"Polygon","coordinates":[[[98.974291,18.745662],[98.974564,18.746282],[98.974371,18.746393],[98.974253,18.746556],[98.973534,18.746922],[98.973368,18.746663],[98.973298,18.74616],[98.973379,18.746094],[98.973738,18.745987],[98.973845,18.745933],[98.974059,18.74575],[98.974291,18.745662]]]}},{"type":"Feature","properties":{"k":"water"},"geometry":{"type":"Polygon","coordinates":[[[99.009237,18.75938],[99.009345,18.759395],[99.009252,18.759959],[99.009145,18.759943],[99.009237,18.75938]]]}},{"type":"Feature","properties":{"k":"water"},"geometry":{"type":"Polygon","coordinates":[[[99.00255,18.734844],[99.002547,18.734673],[99.00258,18.734575],[99.002796,18.734397],[99.002878,18.73397],[99.002979,18.73378],[99.003065,18.733719],[99.003207,18.733683],[99.003419,18.733757],[99.00347,18.733804],[99.003472,18.733935],[99.003297,18.7343],[99.003292,18.73437],[99.003384,18.734745],[99.003358,18.7349],[99.00328,18.735016],[99.003075,18.735198],[99.002959,18.735443],[99.002903,18.735647],[99.002813,18.735709],[99.002607,18.735775],[99.002525,18.735767],[99.002408,18.735597],[99.002454,18.735267],[99.00257,18.735114],[99.00255,18.734844]]]}},{"type":"Feature","properties":{"k":"water"},"geometry":{"type":"Polygon","coordinates":[[[98.97755,18.733311],[98.977576,18.733462],[98.977095,18.733537],[98.977069,18.733386],[98.97755,18.733311]]]}},{"type":"Feature","properties":{"k":"water"},"geometry":{"type":"Polygon","coordinates":[[[98.973001,18.74057],[98.973052,18.740765],[98.972255,18.740951],[98.972204,18.740756],[98.973001,18.74057]]]}},{"type":"Feature","properties":{"k":"water"},"geometry":{"type":"Polygon","coordinates":[[[99.041297,18.743828],[99.041855,18.744173],[99.041812,18.744661],[99.040799,18.744402],[99.040938,18.74396],[99.04104,18.743853],[99.041153,18.743818],[99.041297,18.743828]]]}},{"type":"Feature","properties":{"k":"water"},"geometry":{"type":"Polygon","coordinates":[[[98.986633,18.733791],[98.986626,18.733436],[98.986967,18.733444],[98.986972,18.733804],[98.986633,18.733791]]]}},{"type":"Feature","properties":{"k":"water"},"geometry":{"type":"Polygon","coordinates":[[[98.999863,18.837054],[99.00027,18.836435],[99.000893,18.83675],[99.000764,18.836988],[99.00049,18.836867],[99.000212,18.83724],[98.999863,18.837054]]]}},{"type":"Feature","properties":{"k":"water"},"geometry":{"type":"Polygon","coordinates":[[[99.009878,18.842949],[99.010215,18.843899],[99.009739,18.843954],[99.009464,18.843158],[99.009878,18.842949]]]}},{"type":"Feature","properties":{"k":"water"},"geometry":{"type":"Polygon","coordinates":[[[98.929326,18.74051],[98.929437,18.740327],[98.929605,18.740418],[98.929464,18.740611],[98.929326,18.74051]]]}},{"type":"Feature","properties":{"k":"water"},"geometry":{"type":"Polygon","coordinates":[[[99.030008,18.843489],[99.030035,18.843791],[99.029826,18.843817],[99.029726,18.843532],[99.030008,18.843489]]]}},{"type":"Feature","properties":{"k":"water"},"geometry":{"type":"Polygon","coordinates":[[[99.032169,18.84528],[99.032902,18.845239],[99.032925,18.845602],[99.032191,18.845643],[99.032169,18.84528]]]}},{"type":"Feature","properties":{"k":"water"},"geometry":{"type":"Polygon","coordinates":[[[99.004181,18.749248],[99.00397,18.749065],[99.003856,18.749039],[99.003676,18.748832],[99.004021,18.748566],[99.004261,18.749166],[99.004181,18.749248]]]}},{"type":"Feature","properties":{"k":"water"},"geometry":{"type":"Polygon","coordinates":[[[98.922011,18.735807],[98.92225,18.736078],[98.921993,18.736452],[98.921655,18.736254],[98.922011,18.735807]]]}},{"type":"Feature","properties":{"k":"water"},"geometry":{"type":"Polygon","coordinates":[[[98.916753,18.732978],[98.916787,18.732891],[98.91709,18.732634],[98.9179,18.733228],[98.917907,18.733267],[98.917889,18.733298],[98.917682,18.733366],[98.917583,18.733503],[98.916753,18.732978]]]}},{"type":"Feature","properties":{"k":"water"},"geometry":{"type":"Polygon","coordinates":[[[98.915003,18.735903],[98.915437,18.736305],[98.915405,18.736416],[98.915341,18.736416],[98.914896,18.736904],[98.914638,18.737128],[98.914466,18.73738],[98.914268,18.737275],[98.914439,18.736953],[98.914643,18.736432],[98.914767,18.736315],[98.915003,18.735903]]]}},{"type":"Feature","properties":{"k":"water"},"geometry":{"type":"Polygon","coordinates":[[[98.921212,18.7451],[98.921287,18.74521],[98.920923,18.745514],[98.920311,18.745824],[98.920244,18.74571],[98.920761,18.745434],[98.921212,18.7451]]]}},{"type":"Feature","properties":{"k":"water"},"geometry":{"type":"Polygon","coordinates":[[[99.013037,18.843007],[99.012603,18.842671],[99.012395,18.841419],[99.012389,18.840699],[99.012457,18.840667],[99.012609,18.841312],[99.013127,18.842921],[99.013037,18.843007]]]}},{"type":"Feature","properties":{"k":"water"},"geometry":{"type":"Polygon","coordinates":[[[99.04965,18.816567],[99.049586,18.816805],[99.0487,18.816435],[99.048779,18.816203],[99.04965,18.816567]]]}},{"type":"Feature","properties":{"k":"water"},"geometry":{"type":"Polygon","coordinates":[[[99.047542,18.81384],[99.04818,18.814089],[99.048057,18.814373],[99.047418,18.814124],[99.047542,18.81384]]]}},{"type":"Feature","properties":{"k":"water"},"geometry":{"type":"Polygon","coordinates":[[[99.047762,18.813414],[99.048362,18.813642],[99.048234,18.813906],[99.047644,18.813673],[99.047762,18.813414]]]}},{"type":"Feature","properties":{"k":"water"},"geometry":{"type":"Polygon","coordinates":[[[99.047312,18.812688],[99.047815,18.812876],[99.047676,18.813155],[99.047188,18.812947],[99.047312,18.812688]]]}},{"type":"Feature","properties":{"k":"water"},"geometry":{"type":"Polygon","coordinates":[[[99.047091,18.813181],[99.047564,18.81335],[99.047469,18.813587],[99.046996,18.813418],[99.047091,18.813181]]]}},{"type":"Feature","properties":{"k":"water"},"geometry":{"type":"Polygon","coordinates":[[[99.054463,18.814337],[99.054465,18.814474],[99.054245,18.814477],[99.054243,18.81434],[99.054463,18.814337]]]}},{"type":"Feature","properties":{"k":"water"},"geometry":{"type":"Polygon","coordinates":[[[99.054022,18.782142],[99.054596,18.782177],[99.05466,18.782663],[99.053882,18.782563],[99.054022,18.782142]]]}},{"type":"Feature","properties":{"k":"water"},"geometry":{"type":"Polygon","coordinates":[[[98.993545,18.835977],[98.99335,18.835809],[98.993576,18.835573],[98.993759,18.835748],[98.993545,18.835977]]]}},{"type":"Feature","properties":{"k":"water"},"geometry":{"type":"Polygon","coordinates":[[[98.994243,18.79688],[98.994218,18.796844],[98.994237,18.796726],[98.994195,18.795878],[98.994547,18.795239],[98.99459,18.794881],[98.994664,18.794875],[98.994621,18.79516],[98.994562,18.795324],[98.994314,18.795752],[98.994258,18.795905],[98.994301,18.796799],[98.994235,18.797192],[98.994255,18.797221],[98.993953,18.79937],[98.993897,18.79946],[98.993796,18.800062],[98.993747,18.800052],[98.994243,18.79688]]]}},{"type":"Feature","properties":{"k":"water"},"geometry":{"type":"Polygon","coordinates":[[[98.979313,18.81986],[98.978859,18.820122],[98.978599,18.820165],[98.97847,18.820142],[98.978092,18.819914],[98.977845,18.819893],[98.977829,18.81981],[98.978047,18.819797],[98.978143,18.819825],[98.978519,18.820038],[98.978642,18.820053],[98.978934,18.819967],[98.979283,18.819774],[98.979313,18.81986]]]}},{"type":"Feature","properties":{"k":"water"},"geometry":{"type":"Polygon","coordinates":[[[98.977583,18.820739],[98.977523,18.820754],[98.977507,18.820663],[98.977432,18.820525],[98.977376,18.82049],[98.977215,18.820513],[98.97722,18.820454],[98.977371,18.820416],[98.977451,18.820335],[98.97744,18.820269],[98.977529,18.819982],[98.977585,18.819898],[98.97776,18.819827],[98.977776,18.819911],[98.977615,18.820046],[98.977518,18.820241],[98.977523,18.82047],[98.977593,18.820683],[98.977583,18.820739]]]}},{"type":"Feature","properties":{"k":"water"},"geometry":{"type":"Polygon","coordinates":[[[98.977156,18.820498],[98.977068,18.820515],[98.977003,18.820495],[98.976848,18.820541],[98.976722,18.820492],[98.976724,18.820401],[98.976807,18.820234],[98.976762,18.820076],[98.976767,18.819967],[98.976627,18.819728],[98.976322,18.819606],[98.976335,18.819482],[98.976386,18.819434],[98.976673,18.819497],[98.976861,18.819487],[98.977054,18.819538],[98.97711,18.819596],[98.977038,18.819741],[98.976823,18.819888],[98.976818,18.819982],[98.976826,18.820068],[98.976907,18.820208],[98.977078,18.820338],[98.977164,18.820467],[98.977156,18.820498]]]}},{"type":"Feature","properties":{"k":"water"},"geometry":{"type":"Polygon","coordinates":[[[98.979486,18.820734],[98.979521,18.820762],[98.979569,18.820912],[98.979558,18.821023],[98.979532,18.821036],[98.979462,18.821034],[98.97932,18.820866],[98.979124,18.820744],[98.978939,18.820785],[98.978817,18.821031],[98.978763,18.821015],[98.978915,18.820678],[98.979076,18.820632],[98.979336,18.820744],[98.979486,18.820734]]]}},{"type":"Feature","properties":{"k":"water"},"geometry":{"type":"Polygon","coordinates":[[[99.007384,18.730467],[99.007453,18.731639],[99.00722,18.731633],[99.007121,18.730488],[99.007384,18.730467]]]}},{"type":"Feature","properties":{"k":"water"},"geometry":{"type":"Polygon","coordinates":[[[99.013072,18.759659],[99.013176,18.759673],[99.013162,18.759766],[99.013058,18.759752],[99.013072,18.759659]]]}},{"type":"Feature","properties":{"k":"water"},"geometry":{"type":"Polygon","coordinates":[[[98.951567,18.780527],[98.951599,18.780514],[98.951864,18.780677],[98.9518,18.780784],[98.951717,18.780755],[98.951602,18.780801],[98.951583,18.780786],[98.951567,18.780527]]]}},{"type":"Feature","properties":{"k":"water"},"geometry":{"type":"Polygon","coordinates":[[[99.031851,18.738046],[99.03191,18.738039],[99.032105,18.738115],[99.032225,18.738311],[99.03219,18.738396],[99.032082,18.738577],[99.031963,18.738666],[99.031568,18.738699],[99.031473,18.738634],[99.031481,18.738504],[99.031529,18.738476],[99.031578,18.73833],[99.031851,18.738046]]]}},{"type":"Feature","properties":{"k":"water"},"geometry":{"type":"Polygon","coordinates":[[[99.040487,18.751554],[99.04158,18.751282],[99.041629,18.751446],[99.041566,18.751519],[99.041566,18.751636],[99.041635,18.751798],[99.040554,18.752285],[99.040439,18.752042],[99.040431,18.751797],[99.040487,18.751554]]]}},{"type":"Feature","properties":{"k":"water"},"geometry":{"type":"Polygon","coordinates":[[[99.033755,18.80098],[99.033753,18.800766],[99.033713,18.800692],[99.033739,18.800467],[99.034077,18.80048],[99.034144,18.800531],[99.034039,18.80111],[99.033755,18.80098]]]}},{"type":"Feature","properties":{"k":"water"},"geometry":{"type":"Polygon","coordinates":[[[99.033101,18.801747],[99.033372,18.80197],[99.033331,18.802026],[99.033238,18.802038],[99.03312,18.801984],[99.033044,18.801866],[99.033101,18.801747]]]}},{"type":"Feature","properties":{"k":"water"},"geometry":{"type":"Polygon","coordinates":[[[99.037741,18.815531],[99.037773,18.815678],[99.037274,18.815861],[99.037242,18.815957],[99.037307,18.816111],[99.037188,18.816186],[99.036834,18.815922],[99.03685,18.815825],[99.03714,18.81568],[99.037596,18.815541],[99.037741,18.815531]]]}},{"type":"Feature","properties":{"k":"water"},"geometry":{"type":"Polygon","coordinates":[[[99.033423,18.8005],[99.033554,18.800503],[99.033554,18.800879],[99.033618,18.800886],[99.033578,18.801455],[99.033538,18.80162],[99.033447,18.801716],[99.033369,18.801703],[99.033173,18.801469],[99.033243,18.801313],[99.033248,18.801021],[99.033382,18.800863],[99.033418,18.800735],[99.033423,18.8005]]]}},{"type":"Feature","properties":{"k":"water"},"geometry":{"type":"Polygon","coordinates":[[[98.957631,18.829857],[98.957591,18.82972],[98.957621,18.829519],[98.957964,18.829492],[98.957956,18.829804],[98.957631,18.829857]]]}},{"type":"Feature","properties":{"k":"water"},"geometry":{"type":"Polygon","coordinates":[[[98.930157,18.760697],[98.930142,18.760566],[98.930434,18.760538],[98.930446,18.760675],[98.930157,18.760697]]]}},{"type":"Feature","properties":{"k":"water"},"geometry":{"type":"Polygon","coordinates":[[[98.929753,18.760762],[98.929682,18.760749],[98.929622,18.760694],[98.929705,18.760566],[98.929747,18.760559],[98.929836,18.760603],[98.929797,18.760738],[98.929753,18.760762]]]}},{"type":"Feature","properties":{"k":"water"},"geometry":{"type":"Polygon","coordinates":[[[99.02314,18.814805],[99.02322,18.814703],[99.023378,18.814701],[99.023469,18.81477],[99.023605,18.815185],[99.023576,18.815272],[99.023508,18.815277],[99.023273,18.815201],[99.023132,18.81495],[99.02314,18.814805]]]}},{"type":"Feature","properties":{"k":"water"},"geometry":{"type":"Polygon","coordinates":[[[98.95308,18.821259],[98.95298,18.820863],[98.95315,18.82083],[98.953224,18.821226],[98.95308,18.821259]]]}},{"type":"Feature","properties":{"k":"water"},"geometry":{"type":"Polygon","coordinates":[[[98.953284,18.821212],[98.953214,18.820825],[98.953349,18.820807],[98.953434,18.821179],[98.953284,18.821212]]]}},{"type":"Feature","properties":{"k":"water"},"geometry":{"type":"Polygon","coordinates":[[[98.95347,18.821182],[98.953415,18.820809],[98.953566,18.820781],[98.953625,18.821148],[98.95347,18.821182]]]}},{"type":"Feature","properties":{"k":"water"},"geometry":{"type":"Polygon","coordinates":[[[98.953457,18.821558],[98.953227,18.821428],[98.953214,18.821338],[98.953288,18.821287],[98.953622,18.821241],[98.953457,18.821558]]]}},{"type":"Feature","properties":{"k":"water"},"geometry":{"type":"Polygon","coordinates":[[[98.953309,18.821838],[98.953211,18.821692],[98.95327,18.821552],[98.953428,18.821608],[98.953309,18.821838]]]}},{"type":"Feature","properties":{"k":"water"},"geometry":{"type":"Polygon","coordinates":[[[98.959468,18.799424],[98.959471,18.799351],[98.959557,18.799355],[98.95956,18.799309],[98.959474,18.799305],[98.959482,18.799133],[98.960169,18.799162],[98.960155,18.799454],[98.959468,18.799424]]]}},{"type":"Feature","properties":{"k":"water"},"geometry":{"type":"Polygon","coordinates":[[[98.911074,18.747846],[98.911022,18.747942],[98.910902,18.748009],[98.910273,18.748108],[98.910127,18.748172],[98.910011,18.748155],[98.909948,18.748045],[98.909985,18.747931],[98.910075,18.747814],[98.910236,18.747779],[98.910378,18.74757],[98.910584,18.747623],[98.911074,18.747846]]]}},{"type":"Feature","properties":{"k":"water"},"geometry":{"type":"Polygon","coordinates":[[[98.90939,18.746804],[98.909285,18.746726],[98.909289,18.746506],[98.909394,18.746205],[98.909547,18.746035],[98.90954,18.745918],[98.910034,18.745971],[98.910198,18.745897],[98.910273,18.745642],[98.910416,18.745688],[98.91055,18.745833],[98.910569,18.746191],[98.910288,18.746297],[98.90939,18.746804]]]}},{"type":"Feature","properties":{"k":"water"},"geometry":{"type":"Polygon","coordinates":[[[99.023464,18.763913],[99.023296,18.763995],[99.023221,18.763935],[99.023282,18.763788],[99.023532,18.763759],[99.023951,18.763814],[99.023939,18.763938],[99.023464,18.763913]]]}},{"type":"Feature","properties":{"k":"water"},"geometry":{"type":"Polygon","coordinates":[[[99.023993,18.765134],[99.024081,18.765141],[99.024054,18.765224],[99.023982,18.765219],[99.023993,18.765134]]]}},{"type":"Feature","properties":{"k":"water"},"geometry":{"type":"Polygon","coordinates":[[[99.02306,18.768421],[99.023344,18.768505],[99.02373,18.768469],[99.023699,18.768805],[99.023252,18.768745],[99.023179,18.76865],[99.022972,18.7686],[99.02306,18.768421]]]}},{"type":"Feature","properties":{"k":"water"},"geometry":{"type":"Polygon","coordinates":[[[98.952759,18.809226],[98.952495,18.809262],[98.951909,18.808998],[98.951651,18.808841],[98.951671,18.808791],[98.951764,18.808688],[98.952101,18.80875],[98.952537,18.809002],[98.952762,18.809179],[98.952759,18.809226]]]}},{"type":"Feature","properties":{"k":"water"},"geometry":{"type":"Polygon","coordinates":[[[98.995696,18.843466],[98.99545,18.843307],[98.995355,18.843173],[98.995361,18.84303],[98.995556,18.842906],[98.995944,18.843196],[98.995696,18.843466]]]}},{"type":"Feature","properties":{"k":"water"},"geometry":{"type":"Polygon","coordinates":[[[99.052641,18.755721],[99.052613,18.755457],[99.052563,18.755357],[99.052569,18.755132],[99.05252,18.75495],[99.052504,18.754211],[99.052534,18.754036],[99.052593,18.753858],[99.052901,18.753452],[99.053001,18.75335],[99.053162,18.753332],[99.053285,18.753365],[99.053355,18.753431],[99.05344,18.753442],[99.053427,18.753612],[99.053315,18.753575],[99.05321,18.75344],[99.053067,18.7534],[99.052891,18.753534],[99.052686,18.753958],[99.052607,18.754293],[99.052618,18.754626],[99.052713,18.755009],[99.052776,18.755635],[99.053042,18.756141],[99.053122,18.756375],[99.053139,18.756577],[99.05308,18.757213],[99.052784,18.757838],[99.052761,18.758346],[99.052729,18.758463],[99.052648,18.758707],[99.052516,18.758879],[99.052305,18.759072],[99.052053,18.759174],[99.051256,18.759204],[99.051275,18.759037],[99.051586,18.759062],[99.051876,18.759042],[99.052257,18.758925],[99.052511,18.758681],[99.052589,18.758539],[99.052659,18.758062],[99.052607,18.757878],[99.052747,18.757614],[99.052852,18.757279],[99.052944,18.757107],[99.053011,18.756827],[99.053003,18.756609],[99.052921,18.756398],[99.052933,18.756233],[99.052821,18.75608],[99.052641,18.755721]]]}},{"type":"Feature","properties":{"k":"water"},"geometry":{"type":"Polygon","coordinates":[[[99.026044,18.773784],[99.026052,18.773905],[99.025855,18.773917],[99.025847,18.773796],[99.026044,18.773784]]]}},{"type":"Feature","properties":{"k":"water"},"geometry":{"type":"Polygon","coordinates":[[[99.033984,18.793593],[99.034104,18.79361],[99.034246,18.793508],[99.034509,18.793124],[99.034695,18.792944],[99.03483,18.792858],[99.035142,18.792806],[99.035321,18.792691],[99.035508,18.792511],[99.03558,18.792188],[99.035535,18.791388],[99.035477,18.791129],[99.035517,18.79107],[99.035717,18.79108],[99.036414,18.790988],[99.036714,18.7912],[99.036855,18.791213],[99.03706,18.791144],[99.037087,18.791215],[99.036847,18.79134],[99.036272,18.791229],[99.035802,18.791284],[99.035728,18.791423],[99.035699,18.792139],[99.03562,18.792517],[99.035467,18.792688],[99.035195,18.792902],[99.034896,18.792997],[99.03477,18.793095],[99.034436,18.793475],[99.034168,18.793635],[99.0341,18.79371],[99.033954,18.793692],[99.033216,18.793459],[99.032329,18.793382],[99.032075,18.793296],[99.031753,18.79327],[99.031444,18.79337],[99.031269,18.793262],[99.031165,18.793073],[99.03093,18.792756],[99.03069,18.792677],[99.030558,18.792778],[99.030452,18.79298],[99.030287,18.793112],[99.030072,18.793709],[99.030058,18.793902],[99.030171,18.794173],[99.030188,18.794506],[99.030159,18.794631],[99.029952,18.794892],[99.029613,18.794973],[99.029307,18.795183],[99.028863,18.795753],[99.028358,18.796105],[99.028154,18.796585],[99.027888,18.796993],[99.027495,18.797137],[99.027132,18.797506],[99.026906,18.797409],[99.026869,18.797459],[99.026948,18.79758],[99.027229,18.797601],[99.027463,18.797686],[99.027609,18.797985],[99.027566,18.798142],[99.027281,18.798539],[99.027076,18.79899],[99.027114,18.79967],[99.027073,18.799909],[99.026911,18.800165],[99.026602,18.800409],[99.026281,18.800754],[99.026203,18.800939],[99.026178,18.801089],[99.026245,18.801569],[99.026534,18.802667],[99.026657,18.803301],[99.026726,18.804085],[99.027072,18.805345],[99.027058,18.805633],[99.026589,18.806458],[99.026472,18.806845],[99.026272,18.807191],[99.026129,18.807287],[99.025924,18.807277],[99.025717,18.807196],[99.025545,18.80708],[99.025286,18.806829],[99.025149,18.80676],[99.024922,18.806823],[99.024681,18.80715],[99.024048,18.807707],[99.023116,18.808342],[99.022947,18.8086],[99.022896,18.808517],[99.023045,18.808257],[99.023226,18.808103],[99.023942,18.807625],[99.024295,18.807306],[99.024901,18.806648],[99.025167,18.806591],[99.025346,18.806682],[99.025554,18.806928],[99.025777,18.80707],[99.025947,18.807113],[99.026082,18.807093],[99.026231,18.806962],[99.026345,18.806752],[99.026472,18.806367],[99.026928,18.805433],[99.026926,18.805262],[99.026469,18.803923],[99.026402,18.803535],[99.026405,18.802952],[99.026322,18.802508],[99.026041,18.801617],[99.025945,18.801175],[99.026036,18.800788],[99.026194,18.800582],[99.026839,18.799933],[99.026953,18.799726],[99.026941,18.798951],[99.02698,18.798724],[99.027399,18.798082],[99.027463,18.797918],[99.027302,18.797736],[99.026939,18.797699],[99.026801,18.797623],[99.026707,18.797433],[99.026739,18.797202],[99.026651,18.797161],[99.02664,18.797078],[99.026792,18.796967],[99.027123,18.796914],[99.02741,18.79694],[99.027825,18.796752],[99.028285,18.795938],[99.028601,18.795737],[99.028971,18.795415],[99.029313,18.794943],[99.029446,18.794865],[99.029897,18.794792],[99.030024,18.794685],[99.030115,18.794532],[99.030077,18.794145],[99.030025,18.794081],[99.029987,18.793934],[99.029993,18.793622],[99.030362,18.792765],[99.030449,18.792649],[99.030575,18.792573],[99.030672,18.792538],[99.030947,18.792588],[99.031077,18.792725],[99.031213,18.792985],[99.031465,18.793252],[99.031533,18.793277],[99.031844,18.793199],[99.032157,18.793192],[99.032935,18.793375],[99.033104,18.793355],[99.03343,18.793419],[99.033984,18.793593]]]}},{"type":"Feature","properties":{"k":"water"},"geometry":{"type":"Polygon","coordinates":[[[98.93825,18.743046],[98.938184,18.743066],[98.938069,18.742961],[98.937986,18.742929],[98.937978,18.742855],[98.938088,18.7428],[98.938284,18.742859],[98.938324,18.742895],[98.93829,18.743008],[98.93825,18.743046]]]}},{"type":"Feature","properties":{"k":"water"},"geometry":{"type":"Polygon","coordinates":[[[98.970843,18.823383],[98.970824,18.823291],[98.970948,18.823215],[98.970929,18.823095],[98.97098,18.82294],[98.97112,18.822917],[98.971195,18.823202],[98.971179,18.823306],[98.971114,18.823355],[98.970843,18.823383]]]}},{"type":"Feature","properties":{"k":"water"},"geometry":{"type":"Polygon","coordinates":[[[98.970534,18.824219],[98.97051,18.824085],[98.970668,18.824024],[98.970743,18.823899],[98.970706,18.823744],[98.970741,18.82366],[98.971082,18.82366],[98.971289,18.823609],[98.971482,18.823612],[98.971549,18.823665],[98.971563,18.823739],[98.971477,18.8238],[98.971289,18.823884],[98.971149,18.823881],[98.971101,18.823909],[98.971031,18.824092],[98.970749,18.824204],[98.970647,18.824181],[98.970534,18.824219]]]}},{"type":"Feature","properties":{"k":"water"},"geometry":{"type":"Polygon","coordinates":[[[98.943821,18.750638],[98.943922,18.750659],[98.943963,18.750591],[98.944097,18.750673],[98.944086,18.75078],[98.944141,18.750965],[98.944295,18.751074],[98.944427,18.751092],[98.94475,18.751027],[98.944782,18.751062],[98.944774,18.751106],[98.944505,18.751218],[98.944459,18.751302],[98.944277,18.751295],[98.94407,18.751217],[98.94398,18.751026],[98.943963,18.750858],[98.943888,18.750739],[98.943802,18.750696],[98.943821,18.750638]]]}},{"type":"Feature","properties":{"k":"water"},"geometry":{"type":"Polygon","coordinates":[[[99.013966,18.838879],[99.013971,18.838778],[99.014011,18.838719],[99.014127,18.838659],[99.014494,18.838666],[99.01465,18.838722],[99.014674,18.838813],[99.014507,18.838907],[99.014424,18.839093],[99.014335,18.839145],[99.014111,18.839093],[99.013966,18.838879]]]}},{"type":"Feature","properties":{"k":"water"},"geometry":{"type":"Polygon","coordinates":[[[99.035259,18.76513],[99.035181,18.764897],[99.035656,18.764754],[99.035734,18.764987],[99.035259,18.76513]]]}},{"type":"Feature","properties":{"k":"water"},"geometry":{"type":"Polygon","coordinates":[[[98.991309,18.782524],[98.991272,18.782397],[98.991575,18.782318],[98.991612,18.782445],[98.991309,18.782524]]]}},{"type":"Feature","properties":{"k":"water"},"geometry":{"type":"Polygon","coordinates":[[[98.973863,18.781064],[98.973475,18.780777],[98.973357,18.780629],[98.97334,18.780293],[98.973371,18.780262],[98.973483,18.780275],[98.973464,18.78048],[98.97353,18.780681],[98.973712,18.780816],[98.973874,18.780769],[98.973987,18.780855],[98.97391,18.780936],[98.973902,18.781019],[98.973863,18.781064]]]}},{"type":"Feature","properties":{"k":"water"},"geometry":{"type":"Polygon","coordinates":[[[98.948382,18.748012],[98.948008,18.748084],[98.947998,18.748036],[98.948072,18.747974],[98.948205,18.747984],[98.948365,18.747928],[98.948382,18.748012]]]}},{"type":"Feature","properties":{"k":"water"},"geometry":{"type":"Polygon","coordinates":[[[98.94812,18.747723],[98.948199,18.747722],[98.948266,18.747684],[98.948281,18.747553],[98.94843,18.747593],[98.948445,18.747685],[98.948575,18.747828],[98.948678,18.747839],[98.948683,18.747917],[98.948544,18.74795],[98.948517,18.747842],[98.948407,18.747747],[98.948124,18.747773],[98.94812,18.747723]]]}},{"type":"Feature","properties":{"k":"water"},"geometry":{"type":"Polygon","coordinates":[[[98.948276,18.747276],[98.948214,18.747191],[98.948138,18.74691],[98.947942,18.746911],[98.947979,18.747371],[98.947936,18.747488],[98.947948,18.747532],[98.947912,18.747525],[98.947892,18.747474],[98.947951,18.747345],[98.947894,18.746885],[98.94814,18.746852],[98.94817,18.746872],[98.948262,18.747063],[98.948388,18.747176],[98.94837,18.747287],[98.948515,18.747331],[98.948514,18.747475],[98.948494,18.74748],[98.948475,18.747391],[98.948317,18.747276],[98.948276,18.747276]]]}},{"type":"Feature","properties":{"k":"water","n":"สระอโนดาต"},"geometry":{"type":"Polygon","coordinates":[[[98.98779,18.807026],[98.987841,18.807007],[98.987884,18.807042],[98.987914,18.807131],[98.988014,18.807186],[98.987984,18.807322],[98.987876,18.807412],[98.9878,18.80738],[98.987777,18.80731],[98.987802,18.807239],[98.987691,18.807198],[98.987669,18.807152],[98.987675,18.807046],[98.987712,18.807015],[98.98779,18.807026]]]}},{"type":"Feature","properties":{"k":"water"},"geometry":{"type":"Polygon","coordinates":[[[99.04285,18.839999],[99.042642,18.839993],[99.04242,18.839929],[99.042191,18.839822],[99.042039,18.839577],[99.042087,18.839489],[99.042721,18.839426],[99.042552,18.838119],[99.042626,18.8381],[99.04285,18.839999]]]}},{"type":"Feature","properties":{"k":"water"},"geometry":{"type":"Polygon","coordinates":[[[99.046965,18.813021],[99.046414,18.812724],[99.046517,18.812477],[99.047115,18.812642],[99.047127,18.812717],[99.046965,18.813021]]]}},{"type":"Feature","properties":{"k":"water"},"geometry":{"type":"Polygon","coordinates":[[[99.049419,18.817293],[99.048864,18.817244],[99.048614,18.817147],[99.0484,18.816865],[99.048368,18.816697],[99.04842,18.816561],[99.04947,18.816963],[99.049419,18.817293]]]}},{"type":"Feature","properties":{"k":"water"},"geometry":{"type":"Polygon","coordinates":[[[99.01055,18.832755],[99.010345,18.832302],[99.010137,18.832219],[99.010042,18.832115],[99.009991,18.831849],[99.010064,18.831655],[99.010188,18.831589],[99.010397,18.831589],[99.010524,18.831672],[99.010557,18.831738],[99.010532,18.832364],[99.01055,18.832541],[99.010605,18.832675],[99.010601,18.832748],[99.01055,18.832755]]]}},{"type":"Feature","properties":{"k":"water"},"geometry":{"type":"Polygon","coordinates":[[[99.011234,18.833397],[99.011157,18.83338],[99.011048,18.833283],[99.011033,18.833148],[99.011099,18.833031],[99.011311,18.832989],[99.011435,18.833069],[99.011479,18.833435],[99.011409,18.833463],[99.011347,18.833422],[99.011336,18.833225],[99.011278,18.833176],[99.011201,18.83319],[99.011172,18.833259],[99.01123,18.833308],[99.011234,18.833397]]]}},{"type":"Feature","properties":{"k":"water"},"geometry":{"type":"Polygon","coordinates":[[[99.033042,18.754216],[99.03316,18.754083],[99.033127,18.753836],[99.033158,18.753738],[99.03309,18.753655],[99.032925,18.753605],[99.032913,18.753572],[99.032975,18.753546],[99.032964,18.753476],[99.032987,18.753431],[99.033071,18.753392],[99.033083,18.753312],[99.033174,18.753359],[99.033237,18.75354],[99.03338,18.753689],[99.033402,18.753748],[99.033369,18.75387],[99.033198,18.75419],[99.033093,18.754274],[99.033033,18.75425],[99.033042,18.754216]]]}},{"type":"Feature","properties":{"k":"water"},"geometry":{"type":"Polygon","coordinates":[[[98.963334,18.820613],[98.963307,18.820519],[98.963359,18.820505],[98.963386,18.820599],[98.963334,18.820613]]]}},{"type":"Feature","properties":{"k":"water"},"geometry":{"type":"Polygon","coordinates":[[[99.015939,18.759248],[99.015977,18.759293],[99.015922,18.759333],[99.015888,18.759275],[99.015939,18.759248]]]}},{"type":"Feature","properties":{"k":"water"},"geometry":{"type":"Polygon","coordinates":[[[99.023804,18.757152],[99.023728,18.757203],[99.023596,18.757212],[99.023518,18.757147],[99.023476,18.75705],[99.023464,18.756909],[99.023498,18.756828],[99.023508,18.756564],[99.023574,18.756469],[99.023735,18.756442],[99.023857,18.756511],[99.023909,18.75659],[99.023914,18.756687],[99.023782,18.756842],[99.023764,18.756914],[99.023818,18.757094],[99.023804,18.757152]]]}},{"type":"Feature","properties":{"k":"water"},"geometry":{"type":"Polygon","coordinates":[[[99.024148,18.750493],[99.024197,18.750444],[99.024223,18.750519],[99.019944,18.760471],[99.019852,18.760435],[99.022164,18.755029],[99.024148,18.750493]]]}},{"type":"Feature","properties":{"k":"water"},"geometry":{"type":"Polygon","coordinates":[[[99.010261,18.746291],[99.010026,18.746524],[99.009935,18.746536],[99.009536,18.745916],[99.009448,18.745741],[99.009466,18.745621],[99.009639,18.745569],[99.009844,18.745683],[99.010211,18.746047],[99.010261,18.746291]]]}},{"type":"Feature","properties":{"k":"water"},"geometry":{"type":"Polygon","coordinates":[[[99.003483,18.741749],[99.003063,18.741468],[99.002561,18.741237],[99.002761,18.740804],[99.002931,18.74089],[99.002813,18.741129],[99.00289,18.741201],[99.003151,18.741235],[99.00333,18.741293],[99.003527,18.741499],[99.003588,18.741588],[99.003553,18.741693],[99.003483,18.741749]]]}},{"type":"Feature","properties":{"k":"water"},"geometry":{"type":"Polygon","coordinates":[[[99.010398,18.741238],[99.009701,18.741123],[99.009657,18.741065],[99.009576,18.740798],[99.009596,18.740701],[99.009626,18.740675],[99.009859,18.740689],[99.011085,18.740995],[99.010976,18.741312],[99.010398,18.741238]]]}},{"type":"Feature","properties":{"k":"water"},"geometry":{"type":"Polygon","coordinates":[[[99.020684,18.745568],[99.020626,18.745596],[99.020561,18.745574],[99.020526,18.74553],[99.020536,18.745461],[99.020598,18.745382],[99.020711,18.745061],[99.020892,18.745087],[99.020972,18.745139],[99.021027,18.745227],[99.020957,18.745434],[99.020906,18.74548],[99.020684,18.745568]]]}},{"type":"Feature","properties":{"k":"water"},"geometry":{"type":"Polygon","coordinates":[[[99.022442,18.753263],[99.021921,18.75313],[99.022001,18.752786],[99.022538,18.75291],[99.022442,18.753263]]]}},{"type":"Feature","properties":{"k":"water"},"geometry":{"type":"Polygon","coordinates":[[[99.009818,18.742761],[99.009874,18.743112],[99.009493,18.743104],[99.009443,18.742777],[99.009818,18.742761]]]}},{"type":"Feature","properties":{"k":"water"},"geometry":{"type":"Polygon","coordinates":[[[99.031721,18.732928],[99.031674,18.732998],[99.032434,18.731301],[99.033067,18.729707],[99.035159,18.724878],[99.035482,18.723983],[99.037872,18.718499],[99.038286,18.717687],[99.038329,18.717718],[99.037811,18.718829],[99.036659,18.721564],[99.034803,18.725795],[99.033137,18.729735],[99.031721,18.732928]]]}},{"type":"Feature","properties":{"k":"water"},"geometry":{"type":"Polygon","coordinates":[[[98.978201,18.781548],[98.978144,18.781499],[98.978195,18.781446],[98.981312,18.781349],[98.98135,18.781406],[98.981324,18.781476],[98.978201,18.781548]]]}},{"type":"Feature","properties":{"k":"water"},"geometry":{"type":"Polygon","coordinates":[[[99.054488,18.799762],[99.053898,18.799745],[99.053871,18.799351],[99.054081,18.799325],[99.054191,18.799274],[99.054446,18.799456],[99.05453,18.799654],[99.054488,18.799762]]]}},{"type":"Feature","properties":{"k":"water"},"geometry":{"type":"Polygon","coordinates":[[[99.053317,18.801608],[99.053341,18.80145],[99.053428,18.801305],[99.053563,18.801183],[99.053733,18.801135],[99.053976,18.801141],[99.054111,18.801376],[99.05403,18.801435],[99.053712,18.801538],[99.053317,18.801608]]]}},{"type":"Feature","properties":{"k":"water"},"geometry":{"type":"Polygon","coordinates":[[[99.047508,18.796231],[99.047503,18.796148],[99.047722,18.796135],[99.047728,18.796218],[99.047508,18.796231]]]}},{"type":"Feature","properties":{"k":"water"},"geometry":{"type":"Polygon","coordinates":[[[99.047433,18.795965],[99.047428,18.795813],[99.047766,18.795802],[99.047771,18.795954],[99.047433,18.795965]]]}},{"type":"Feature","properties":{"k":"water"},"geometry":{"type":"Polygon","coordinates":[[[99.043214,18.760226],[99.043348,18.760232],[99.043402,18.7603],[99.043378,18.760336],[99.043198,18.760409],[99.043131,18.76031],[99.043214,18.760226]]]}},{"type":"Feature","properties":{"k":"water"},"geometry":{"type":"Polygon","coordinates":[[[98.952509,18.748282],[98.952637,18.748392],[98.952391,18.748688],[98.952297,18.748503],[98.952509,18.748282]]]}},{"type":"Feature","properties":{"k":"water"},"geometry":{"type":"Polygon","coordinates":[[[99.006574,18.730335],[99.006489,18.730349],[99.006444,18.730428],[99.006379,18.730398],[99.006431,18.730323],[99.006411,18.730288],[99.006433,18.730239],[99.006608,18.730247],[99.006627,18.730298],[99.006574,18.730335]]]}},{"type":"Feature","properties":{"k":"water"},"geometry":{"type":"Polygon","coordinates":[[[99.000927,18.835199],[99.000376,18.836119],[98.998865,18.834922],[98.999308,18.83431],[99.000927,18.835199]]]}},{"type":"Feature","properties":{"k":"water"},"geometry":{"type":"Polygon","coordinates":[[[99.022541,18.822678],[99.022758,18.82267],[99.022779,18.822985],[99.022618,18.82301],[99.022573,18.822988],[99.022541,18.822678]]]}},{"type":"Feature","properties":{"k":"water"},"geometry":{"type":"Polygon","coordinates":[[[98.972345,18.828145],[98.972436,18.828069],[98.972592,18.828114],[98.972764,18.828231],[98.972737,18.828363],[98.972651,18.828495],[98.972447,18.828343],[98.972345,18.828145]]]}},{"type":"Feature","properties":{"k":"water"},"geometry":{"type":"Polygon","coordinates":[[[98.972211,18.827891],[98.972195,18.827632],[98.972276,18.82748],[98.972436,18.827429],[98.972565,18.82748],[98.972914,18.827485],[98.972903,18.827617],[98.972442,18.827607],[98.972377,18.827678],[98.972377,18.827911],[98.972211,18.827891]]]}},{"type":"Feature","properties":{"k":"water"},"geometry":{"type":"Polygon","coordinates":[[[99.003437,18.74698],[99.003511,18.747178],[99.003254,18.747265],[99.003179,18.747067],[99.003437,18.74698]]]}},{"type":"Feature","properties":{"k":"water"},"geometry":{"type":"Polygon","coordinates":[[[99.002983,18.746717],[99.003044,18.74689],[99.002795,18.746969],[99.002734,18.746796],[99.002983,18.746717]]]}},{"type":"Feature","properties":{"k":"water"},"geometry":{"type":"Polygon","coordinates":[[[99.033857,18.754117],[99.033763,18.754231],[99.033754,18.754095],[99.033857,18.753831],[99.034223,18.753426],[99.034282,18.753448],[99.034285,18.753526],[99.034244,18.753579],[99.033953,18.753845],[99.03386,18.75402],[99.033857,18.754117]]]}},{"type":"Feature","properties":{"k":"water"},"geometry":{"type":"Polygon","coordinates":[[[98.962624,18.747326],[98.962581,18.745962],[98.962739,18.745959],[98.962753,18.747044],[98.962624,18.747326]]]}},{"type":"Feature","properties":{"k":"water"},"geometry":{"type":"Polygon","coordinates":[[[99.032903,18.806482],[99.0329,18.806045],[99.033059,18.806083],[99.03311,18.809],[99.032981,18.809],[99.032903,18.806482]]]}},{"type":"Feature","properties":{"k":"water"},"geometry":{"type":"Polygon","coordinates":[[[99.005176,18.848415],[99.005259,18.848199],[99.005459,18.848142],[99.005847,18.848178],[99.006436,18.848286],[99.006942,18.848569],[99.007091,18.848542],[99.007145,18.848569],[99.007161,18.848647],[99.007072,18.848723],[99.006977,18.848753],[99.006872,18.848692],[99.006391,18.848527],[99.006022,18.848458],[99.005736,18.848283],[99.005564,18.848277],[99.005176,18.848415]]]}},{"type":"Feature","properties":{"k":"water"},"geometry":{"type":"Polygon","coordinates":[[[99.009002,18.849364],[99.008955,18.84921],[99.009228,18.849114],[99.010138,18.848888],[99.010453,18.848732],[99.010589,18.848557],[99.010596,18.84834],[99.011359,18.848142],[99.011334,18.848184],[99.010936,18.848325],[99.010834,18.848461],[99.010739,18.848813],[99.010663,18.848912],[99.01051,18.849011],[99.010182,18.849111],[99.009934,18.849114],[99.009305,18.849198],[99.009117,18.849249],[99.009002,18.849364]]]}},{"type":"Feature","properties":{"k":"water"},"geometry":{"type":"Polygon","coordinates":[[[99.008751,18.84921],[99.008408,18.849225],[99.008048,18.849135],[99.00808,18.848924],[99.008665,18.848921],[99.008751,18.84921]]]}},{"type":"Feature","properties":{"k":"water"},"geometry":{"type":"Polygon","coordinates":[[[99.006763,18.850215],[99.006382,18.850209],[99.005904,18.850149],[99.005869,18.849923],[99.005876,18.849595],[99.005889,18.849348],[99.005924,18.849312],[99.006416,18.849294],[99.006649,18.849198],[99.006658,18.849252],[99.006289,18.849442],[99.006102,18.84958],[99.006013,18.849692],[99.006032,18.849977],[99.006124,18.850101],[99.006273,18.850149],[99.006652,18.850074],[99.00677,18.850095],[99.006763,18.850215]]]}},{"type":"Feature","properties":{"k":"water"},"geometry":{"type":"Polygon","coordinates":[[[99.004414,18.849844],[99.004497,18.849835],[99.004593,18.849738],[99.004691,18.84954],[99.004672,18.849383],[99.004427,18.849142],[99.004348,18.848983],[99.004519,18.848859],[99.004688,18.849184],[99.004879,18.849338],[99.004898,18.84941],[99.004586,18.850295],[99.00431,18.850482],[99.003944,18.850629],[99.003626,18.850644],[99.002971,18.850494],[99.002443,18.850313],[99.002478,18.850223],[99.003056,18.850421],[99.003654,18.850548],[99.003979,18.850545],[99.004268,18.850421],[99.004437,18.850265],[99.004437,18.850066],[99.004306,18.849931],[99.003915,18.849844],[99.003492,18.849792],[99.003584,18.849627],[99.004414,18.849844]]]}},{"type":"Feature","properties":{"k":"water"},"geometry":{"type":"Polygon","coordinates":[[[99.007325,18.847525],[99.007262,18.847851],[99.007004,18.847703],[99.00681,18.847637],[99.00637,18.847581],[99.006225,18.847607],[99.006151,18.847785],[99.006048,18.847759],[99.006076,18.847592],[99.005951,18.847525],[99.005188,18.847457],[99.005218,18.84731],[99.006159,18.847383],[99.006224,18.847325],[99.006272,18.847162],[99.006454,18.847218],[99.006406,18.847366],[99.006436,18.847462],[99.006511,18.847493],[99.007101,18.847551],[99.007325,18.847525]]]}},{"type":"Feature","properties":{"k":"water"},"geometry":{"type":"Polygon","coordinates":[[[98.999534,18.847723],[99.000165,18.847721],[99.000615,18.847873],[99.000599,18.848013],[99.000846,18.848135],[99.000653,18.848475],[99.000524,18.848404],[99.000618,18.848262],[99.000596,18.848127],[99.000234,18.847931],[99.000189,18.847944],[99.000084,18.848058],[98.999808,18.847746],[98.999604,18.847818],[98.999534,18.847723]]]}},{"type":"Feature","properties":{"k":"water"},"geometry":{"type":"Polygon","coordinates":[[[99.046296,18.738739],[99.046295,18.738845],[99.045909,18.738843],[99.04591,18.738737],[99.046296,18.738739]]]}},{"type":"Feature","properties":{"k":"water"},"geometry":{"type":"Polygon","coordinates":[[[99.046555,18.739574],[99.046575,18.739755],[99.046323,18.739779],[99.046304,18.739598],[99.046555,18.739574]]]}},{"type":"Feature","properties":{"k":"water"},"geometry":{"type":"Polygon","coordinates":[[[99.046965,18.735878],[99.046944,18.736178],[99.046317,18.736138],[99.046338,18.735838],[99.046965,18.735878]]]}},{"type":"Feature","properties":{"k":"water"},"geometry":{"type":"Polygon","coordinates":[[[99.009873,18.770901],[99.009763,18.770953],[99.009714,18.770915],[99.009708,18.770799],[99.009809,18.770588],[99.009855,18.770554],[99.009971,18.770545],[99.010023,18.77058],[99.010041,18.770692],[99.009873,18.770901]]]}},{"type":"Feature","properties":{"k":"water"},"geometry":{"type":"Polygon","coordinates":[[[99.010208,18.771357],[99.010237,18.77133],[99.010364,18.771437],[99.010566,18.771487],[99.010613,18.771537],[99.010605,18.771568],[99.010477,18.77158],[99.010297,18.7715],[99.010193,18.771415],[99.010208,18.771357]]]}},{"type":"Feature","properties":{"k":"water"},"geometry":{"type":"Polygon","coordinates":[[[99.010194,18.77219],[99.010125,18.772251],[99.010001,18.772243],[99.009908,18.772323],[99.009878,18.772321],[99.009876,18.772263],[99.009783,18.772144],[99.009777,18.772088],[99.009842,18.77199],[99.01002,18.771874],[99.010026,18.771922],[99.009949,18.771975],[99.009923,18.77203],[99.009954,18.772141],[99.010017,18.772202],[99.010078,18.772206],[99.010187,18.772157],[99.010194,18.77219]]]}},{"type":"Feature","properties":{"k":"water"},"geometry":{"type":"Polygon","coordinates":[[[99.046651,18.817984],[99.046836,18.81807],[99.046705,18.818298],[99.046522,18.818243],[99.046651,18.817984]]]}},{"type":"Feature","properties":{"k":"water"},"geometry":{"type":"Polygon","coordinates":[[[99.047538,18.795329],[99.047639,18.795271],[99.047736,18.795281],[99.047771,18.795317],[99.047781,18.795561],[99.047663,18.795622],[99.047556,18.795581],[99.047538,18.795329]]]}},{"type":"Feature","properties":{"k":"water"},"geometry":{"type":"Polygon","coordinates":[[[99.049158,18.801217],[99.049688,18.801355],[99.049603,18.801566],[99.049114,18.801434],[99.049158,18.801217]]]}},{"type":"Feature","properties":{"k":"water"},"geometry":{"type":"Polygon","coordinates":[[[99.050166,18.801591],[99.049865,18.802142],[99.049565,18.802083],[99.049517,18.802051],[99.049732,18.801509],[99.049831,18.801469],[99.050166,18.801591]]]}},{"type":"Feature","properties":{"k":"water"},"geometry":{"type":"Polygon","coordinates":[[[99.051596,18.801283],[99.051685,18.801862],[99.051471,18.801809],[99.051376,18.801311],[99.051596,18.801283]]]}},{"type":"Feature","properties":{"k":"water"},"geometry":{"type":"Polygon","coordinates":[[[99.049791,18.803269],[99.049788,18.803488],[99.04923,18.803599],[99.049206,18.803401],[99.049791,18.803269]]]}},{"type":"Feature","properties":{"k":"water"},"geometry":{"type":"Polygon","coordinates":[[[99.048286,18.807829],[99.048363,18.808459],[99.047918,18.808345],[99.047859,18.807966],[99.048286,18.807829]]]}},{"type":"Feature","properties":{"k":"water"},"geometry":{"type":"Polygon","coordinates":[[[99.051031,18.804088],[99.051715,18.804243],[99.051705,18.804408],[99.050999,18.804289],[99.051031,18.804088]]]}},{"type":"Feature","properties":{"k":"water"},"geometry":{"type":"Polygon","coordinates":[[[99.050833,18.801059],[99.050868,18.801328],[99.050538,18.801237],[99.05053,18.801003],[99.050833,18.801059]]]}},{"type":"Feature","properties":{"k":"water"},"geometry":{"type":"Polygon","coordinates":[[[99.010945,18.731298],[99.010574,18.731261],[99.010582,18.730947],[99.01103,18.730945],[99.011028,18.731084],[99.010957,18.731115],[99.010945,18.731298]]]}},{"type":"Feature","properties":{"k":"water"},"geometry":{"type":"Polygon","coordinates":[[[99.0256,18.735997],[99.025547,18.73605],[99.025502,18.736011],[99.025717,18.735755],[99.025781,18.735739],[99.025951,18.735782],[99.027231,18.735676],[99.027518,18.735586],[99.02787,18.735392],[99.027964,18.735374],[99.028223,18.73554],[99.028198,18.735581],[99.027945,18.735479],[99.02785,18.73548],[99.027243,18.735718],[99.025871,18.735822],[99.025739,18.735867],[99.0256,18.735997]]]}},{"type":"Feature","properties":{"k":"water"},"geometry":{"type":"Polygon","coordinates":[[[99.020692,18.73993],[99.020685,18.740141],[99.020106,18.740143],[99.0201,18.740037],[99.02015,18.740013],[99.020156,18.739957],[99.020692,18.73993]]]}},{"type":"Feature","properties":{"k":"water"},"geometry":{"type":"Polygon","coordinates":[[[99.003502,18.737194],[99.003557,18.736936],[99.003649,18.736861],[99.00419,18.736898],[99.004197,18.737013],[99.003781,18.737008],[99.003722,18.737227],[99.003502,18.737194]]]}},{"type":"Feature","properties":{"k":"water"},"geometry":{"type":"Polygon","coordinates":[[[98.984022,18.816397],[98.983975,18.816829],[98.983717,18.816804],[98.983765,18.816372],[98.984022,18.816397]]]}},{"type":"Feature","properties":{"k":"water"},"geometry":{"type":"Polygon","coordinates":[[[99.017596,18.766192],[99.017464,18.766326],[99.019577,18.76144],[99.019568,18.761625],[99.017596,18.766192]]]}},{"type":"Feature","properties":{"k":"water"},"geometry":{"type":"Polygon","coordinates":[[[98.981328,18.750791],[98.981161,18.750352],[98.981121,18.749885],[98.981136,18.749837],[98.981347,18.749644],[98.98139,18.749543],[98.98141,18.749351],[98.981099,18.748661],[98.981081,18.748157],[98.980964,18.747763],[98.980949,18.746786],[98.98102,18.746365],[98.98102,18.746063],[98.980857,18.744938],[98.980601,18.74455],[98.980516,18.744311],[98.980558,18.743965],[98.980547,18.743601],[98.980476,18.74347],[98.980368,18.742834],[98.980365,18.742392],[98.980262,18.742042],[98.980352,18.742002],[98.980368,18.742051],[98.980395,18.742042],[98.98041,18.74212],[98.980375,18.742143],[98.980412,18.742313],[98.980444,18.742882],[98.980545,18.743391],[98.980649,18.743717],[98.980599,18.744319],[98.980615,18.744401],[98.980904,18.744809],[98.980961,18.745006],[98.981111,18.7462],[98.981095,18.746511],[98.981015,18.746816],[98.981035,18.747766],[98.981164,18.748107],[98.981203,18.748716],[98.98149,18.749327],[98.981502,18.749423],[98.981483,18.749559],[98.981243,18.749839],[98.981221,18.749954],[98.981272,18.75044],[98.981427,18.750889],[98.981446,18.751196],[98.98137,18.75118],[98.981328,18.750791]]]}},{"type":"Feature","properties":{"k":"water"},"geometry":{"type":"Polygon","coordinates":[[[98.997335,18.766061],[98.997149,18.765839],[98.995738,18.764652],[98.995772,18.764615],[98.997471,18.765982],[98.997335,18.766061]]]}},{"type":"Feature","properties":{"k":"water"},"geometry":{"type":"Polygon","coordinates":[[[99.021271,18.761184],[99.021169,18.761202],[99.021084,18.761146],[99.021088,18.761085],[99.021154,18.760968],[99.020881,18.760786],[99.020862,18.760706],[99.020886,18.760649],[99.02099,18.760618],[99.021377,18.760861],[99.021334,18.761054],[99.021271,18.761184]]]}},{"type":"Feature","properties":{"k":"water"},"geometry":{"type":"Polygon","coordinates":[[[98.953223,18.888127],[98.953244,18.888048],[98.953621,18.888073],[98.954024,18.888004],[98.954394,18.887861],[98.954706,18.887677],[98.954976,18.887448],[98.955192,18.887196],[98.957847,18.883194],[98.958025,18.882826],[98.958091,18.882615],[98.958113,18.882392],[98.958074,18.880448],[98.958125,18.879787],[98.958423,18.879124],[98.960472,18.87554],[98.960737,18.874913],[98.961006,18.874092],[98.961147,18.873251],[98.961177,18.872116],[98.961129,18.871536],[98.960946,18.870586],[98.960773,18.870055],[98.959086,18.866398],[98.958869,18.865868],[98.958809,18.865548],[98.958807,18.865215],[98.958859,18.864828],[98.962131,18.856638],[98.962172,18.85645],[98.962177,18.856166],[98.96182,18.852849],[98.960556,18.849207],[98.959569,18.84738],[98.95945,18.847015],[98.959458,18.846722],[98.95974,18.845449],[98.959788,18.845309],[98.959914,18.84511],[98.960063,18.844976],[98.964937,18.841766],[98.965056,18.841557],[98.965081,18.841434],[98.964842,18.840335],[98.964956,18.840315],[98.965182,18.841306],[98.965184,18.841465],[98.965149,18.841601],[98.965027,18.841827],[98.964595,18.842141],[98.959955,18.845146],[98.959812,18.845479],[98.959537,18.84674],[98.959538,18.846996],[98.959647,18.847366],[98.960646,18.849198],[98.961924,18.852869],[98.962286,18.856158],[98.962281,18.856461],[98.962235,18.856669],[98.958965,18.864854],[98.958916,18.865219],[98.958918,18.865532],[98.958987,18.865837],[98.959185,18.866349],[98.960905,18.870011],[98.961066,18.870571],[98.961252,18.871532],[98.9613,18.872121],[98.961269,18.873271],[98.961126,18.874125],[98.960853,18.874957],[98.960584,18.875593],[98.958491,18.879295],[98.958235,18.879806],[98.958197,18.880239],[98.958215,18.882394],[98.958118,18.882853],[98.957958,18.883252],[98.955542,18.886857],[98.955056,18.887502],[98.954778,18.887735],[98.954412,18.887941],[98.954044,18.888076],[98.953581,18.888144],[98.953223,18.888127]]]}},{"type":"Feature","properties":{"k":"water"},"geometry":{"type":"Polygon","coordinates":[[[98.99806,18.84195],[98.997768,18.841773],[98.997752,18.841729],[98.997978,18.841458],[98.998154,18.841614],[98.998045,18.84172],[98.998042,18.841754],[98.998154,18.841854],[98.99806,18.84195]]]}},{"type":"Feature","properties":{"k":"water"},"geometry":{"type":"Polygon","coordinates":[[[98.997779,18.842146],[98.997686,18.841987],[98.997623,18.841958],[98.997643,18.841906],[98.997679,18.841896],[98.997835,18.842025],[98.997846,18.842078],[98.997779,18.842146]]]}},{"type":"Feature","properties":{"k":"water"},"geometry":{"type":"Polygon","coordinates":[[[99.037541,18.775564],[99.037649,18.775666],[99.037646,18.775742],[99.037608,18.775785],[99.037528,18.775752],[99.037531,18.775689],[99.037472,18.775696],[99.037421,18.77564],[99.037423,18.775579],[99.037541,18.775564]]]}},{"type":"Feature","properties":{"k":"water"},"geometry":{"type":"Polygon","coordinates":[[[98.948422,18.78088],[98.948283,18.780811],[98.948343,18.780638],[98.948531,18.780727],[98.948539,18.780887],[98.948422,18.78088]]]}},{"type":"Feature","properties":{"k":"water"},"geometry":{"type":"Polygon","coordinates":[[[99.013632,18.790745],[99.013648,18.790693],[99.013751,18.790662],[99.014186,18.789445],[99.014238,18.789191],[99.014645,18.788571],[99.015045,18.788544],[99.015029,18.788602],[99.014723,18.788628],[99.014642,18.788664],[99.014284,18.789195],[99.014267,18.789494],[99.013742,18.790748],[99.013632,18.790745]]]}},{"type":"Feature","properties":{"k":"water"},"geometry":{"type":"Polygon","coordinates":[[[98.937389,18.73882],[98.937378,18.739027],[98.937112,18.739026],[98.937126,18.738821],[98.937389,18.73882]]]}},{"type":"Feature","properties":{"k":"water"},"geometry":{"type":"Polygon","coordinates":[[[99.026952,18.759673],[99.027,18.759873],[99.026804,18.759915],[99.026756,18.759715],[99.026952,18.759673]]]}},{"type":"Feature","properties":{"k":"water"},"geometry":{"type":"Polygon","coordinates":[[[99.027103,18.759872],[99.027164,18.760185],[99.026894,18.760235],[99.026814,18.759938],[99.027103,18.759872]]]}},{"type":"Feature","properties":{"k":"water"},"geometry":{"type":"Polygon","coordinates":[[[99.027032,18.75927],[99.027036,18.759588],[99.026759,18.759633],[99.026716,18.759316],[99.027032,18.75927]]]}},{"type":"Feature","properties":{"k":"water"},"geometry":{"type":"Polygon","coordinates":[[[98.973143,18.771178],[98.97293,18.770582],[98.973013,18.770591],[98.973326,18.771071],[98.973143,18.771178]]]}},{"type":"Feature","properties":{"k":"water"},"geometry":{"type":"Polygon","coordinates":[[[99.001984,18.739024],[99.001917,18.738684],[99.00178,18.738623],[99.001568,18.738666],[99.001115,18.73855],[99.001061,18.73842],[99.00109,18.738295],[99.001174,18.73826],[99.001729,18.738222],[99.001986,18.738275],[99.002171,18.739098],[99.001984,18.739024]]]}},{"type":"Feature","properties":{"k":"water"},"geometry":{"type":"Polygon","coordinates":[[[98.96972,18.734231],[98.969685,18.733799],[98.969469,18.733568],[98.969423,18.73332],[98.969328,18.733183],[98.969368,18.733163],[98.969465,18.733291],[98.969508,18.733404],[98.969516,18.733592],[98.969666,18.73371],[98.969726,18.733795],[98.969757,18.734212],[98.96972,18.734231]]]}},{"type":"Feature","properties":{"k":"water"},"geometry":{"type":"Polygon","coordinates":[[[98.975818,18.736909],[98.975693,18.736827],[98.977226,18.736989],[98.977212,18.737068],[98.975818,18.736909]]]}},{"type":"Feature","properties":{"k":"water"},"geometry":{"type":"Polygon","coordinates":[[[99.053292,18.793921],[99.053142,18.79451],[99.052734,18.794449],[99.052831,18.793962],[99.053292,18.793921]]]}},{"type":"Feature","properties":{"k":"water"},"geometry":{"type":"Polygon","coordinates":[[[99.048316,18.800584],[99.048478,18.800679],[99.048383,18.800825],[99.048221,18.800729],[99.048316,18.800584]]]}},{"type":"Feature","properties":{"k":"water"},"geometry":{"type":"Polygon","coordinates":[[[99.048511,18.800679],[99.048684,18.800758],[99.048604,18.800917],[99.048431,18.800838],[99.048511,18.800679]]]}},{"type":"Feature","properties":{"k":"water"},"geometry":{"type":"Polygon","coordinates":[[[99.050382,18.801226],[99.050235,18.801531],[99.049891,18.801389],[99.049948,18.801107],[99.050382,18.801226]]]}},{"type":"Feature","properties":{"k":"water"},"geometry":{"type":"Polygon","coordinates":[[[98.992695,18.733865],[98.992475,18.733877],[98.992449,18.733738],[98.99269,18.733729],[98.992695,18.733865]]]}},{"type":"Feature","properties":{"k":"water"},"geometry":{"type":"Polygon","coordinates":[[[98.994812,18.731165],[98.994799,18.731067],[98.994891,18.730865],[98.995296,18.730578],[98.995331,18.730611],[98.995331,18.730832],[98.995159,18.730928],[98.995077,18.731069],[98.99488,18.731169],[98.994812,18.731165]]]}},{"type":"Feature","properties":{"k":"water"},"geometry":{"type":"Polygon","coordinates":[[[98.972925,18.810052],[98.972925,18.809832],[98.973014,18.80977],[98.973099,18.809767],[98.973126,18.80973],[98.973218,18.809735],[98.973204,18.810049],[98.972925,18.810052]]]}},{"type":"Feature","properties":{"k":"water"},"geometry":{"type":"Polygon","coordinates":[[[98.955175,18.764961],[98.955041,18.764594],[98.954878,18.764481],[98.95474,18.764472],[98.95465,18.764511],[98.954592,18.764574],[98.954461,18.764928],[98.954395,18.764928],[98.95457,18.76445],[98.954656,18.76439],[98.954797,18.764367],[98.954958,18.764404],[98.95508,18.764487],[98.955233,18.76492],[98.955175,18.764961]]]}},{"type":"Feature","properties":{"k":"water"},"geometry":{"type":"Polygon","coordinates":[[[98.952401,18.765889],[98.952581,18.765743],[98.952992,18.765275],[98.953189,18.765134],[98.953335,18.765111],[98.95399,18.765467],[98.953914,18.765511],[98.953731,18.765463],[98.953399,18.765304],[98.953224,18.765308],[98.953053,18.765376],[98.952892,18.765511],[98.952811,18.765655],[98.952795,18.765779],[98.952834,18.76592],[98.953098,18.766102],[98.953244,18.766144],[98.953916,18.766111],[98.954101,18.766164],[98.954159,18.766684],[98.954416,18.767659],[98.954394,18.767744],[98.95432,18.767751],[98.954188,18.767621],[98.954061,18.76738],[98.953927,18.767264],[98.953797,18.76721],[98.953546,18.767196],[98.953458,18.767135],[98.953462,18.767056],[98.953503,18.767035],[98.953755,18.767027],[98.953884,18.766948],[98.954033,18.766685],[98.954036,18.766448],[98.95386,18.766245],[98.953232,18.766242],[98.952761,18.766012],[98.952497,18.765923],[98.95199,18.765995],[98.951842,18.765991],[98.951419,18.765767],[98.951298,18.765769],[98.951188,18.765848],[98.951124,18.765838],[98.951137,18.765673],[98.951223,18.765543],[98.951701,18.765132],[98.952149,18.764421],[98.952347,18.764352],[98.952438,18.764433],[98.952468,18.764515],[98.952438,18.764598],[98.95162,18.765363],[98.951545,18.765536],[98.951547,18.765662],[98.951622,18.765822],[98.951921,18.765946],[98.952401,18.765889]]]}},{"type":"Feature","properties":{"k":"water"},"geometry":{"type":"Polygon","coordinates":[[[98.952532,18.76765],[98.952801,18.767707],[98.95334,18.767692],[98.953456,18.767708],[98.953522,18.767775],[98.952758,18.767791],[98.952539,18.767821],[98.952374,18.767736],[98.952374,18.767682],[98.952418,18.767629],[98.952532,18.76765]]]}},{"type":"Feature","properties":{"k":"water"},"geometry":{"type":"Polygon","coordinates":[[[98.95381,18.848583],[98.953692,18.848664],[98.953655,18.848791],[98.953483,18.848842],[98.953365,18.848837],[98.953242,18.848761],[98.953263,18.848649],[98.953547,18.848456],[98.95366,18.848304],[98.953842,18.848162],[98.954036,18.848035],[98.954159,18.848086],[98.954186,18.848548],[98.9541,18.848624],[98.953918,18.848619],[98.95381,18.848583]]]}},{"type":"Feature","properties":{"k":"water"},"geometry":{"type":"Polygon","coordinates":[[[98.976446,18.734956],[98.9766,18.735291],[98.976395,18.735376],[98.976241,18.73504],[98.976446,18.734956]]]}},{"type":"Feature","properties":{"k":"water"},"geometry":{"type":"Polygon","coordinates":[[[99.038213,18.784848],[99.03832,18.783985],[99.038503,18.784015],[99.03846,18.784254],[99.038552,18.784272],[99.038621,18.784036],[99.038733,18.784041],[99.038519,18.784894],[99.038213,18.784848]]]}},{"type":"Feature","properties":{"k":"water"},"geometry":{"type":"Polygon","coordinates":[[[99.005705,18.846624],[99.005613,18.84659],[99.006311,18.846279],[99.006504,18.846145],[99.006659,18.845959],[99.006818,18.845939],[99.00751,18.846018],[99.007523,18.846089],[99.007164,18.846053],[99.00685,18.846071],[99.0066,18.846155],[99.006388,18.846317],[99.006313,18.846444],[99.006346,18.846591],[99.006496,18.846711],[99.006611,18.846759],[99.006718,18.846754],[99.006898,18.846688],[99.007126,18.846665],[99.007628,18.846746],[99.007593,18.846914],[99.006539,18.846853],[99.006466,18.846911],[99.006431,18.847041],[99.00634,18.847023],[99.006359,18.846802],[99.006214,18.846667],[99.005986,18.846604],[99.005705,18.846624]]]}},{"type":"Feature","properties":{"k":"water"},"geometry":{"type":"Polygon","coordinates":[[[99.007772,18.846924],[99.007743,18.846845],[99.007772,18.846797],[99.008684,18.846924],[99.00892,18.846919],[99.009022,18.846876],[99.009103,18.846924],[99.009575,18.846954],[99.009586,18.847056],[99.009245,18.847066],[99.008588,18.846985],[99.008518,18.847003],[99.008446,18.847226],[99.008443,18.847003],[99.008357,18.846941],[99.007772,18.846924]]]}},{"type":"Feature","properties":{"k":"water"},"geometry":{"type":"Polygon","coordinates":[[[99.007425,18.848524],[99.007432,18.848447],[99.007964,18.848513],[99.008046,18.848419],[99.008164,18.848003],[99.008147,18.847882],[99.00802,18.847811],[99.007613,18.847727],[99.007632,18.847618],[99.008308,18.847694],[99.008423,18.847356],[99.008639,18.847394],[99.008332,18.847869],[99.008031,18.848654],[99.007425,18.848524]]]}},{"type":"Feature","properties":{"k":"water"},"geometry":{"type":"Polygon","coordinates":[[[99.009755,18.847066],[99.009749,18.846985],[99.010699,18.847005],[99.010709,18.847101],[99.009755,18.847066]]]}},{"type":"Feature","properties":{"k":"water"},"geometry":{"type":"Polygon","coordinates":[[[99.0006,18.848792],[99.000775,18.848487],[99.000927,18.848553],[99.001225,18.848797],[99.001448,18.849084],[99.001566,18.849185],[99.001711,18.849208],[99.001743,18.849256],[99.001716,18.849294],[99.001624,18.849296],[99.001437,18.849216],[99.000949,18.848743],[99.000753,18.848718],[99.00067,18.84884],[99.0006,18.848792]]]}},{"type":"Feature","properties":{"k":"water"},"geometry":{"type":"Polygon","coordinates":[[[99.005222,18.729943],[99.005259,18.72998],[99.005326,18.729945],[99.005406,18.729983],[99.005591,18.73032],[99.005208,18.730392],[99.005222,18.729943]]]}},{"type":"Feature","properties":{"k":"water"},"geometry":{"type":"Polygon","coordinates":[[[98.999632,18.734171],[98.999916,18.734148],[98.999951,18.734079],[98.999957,18.733998],[98.999863,18.733914],[98.999763,18.733922],[98.999702,18.733965],[98.99967,18.733935],[98.999672,18.733797],[98.999849,18.733805],[98.999879,18.733764],[98.999908,18.733769],[98.999906,18.73382],[98.999991,18.733858],[98.999989,18.733759],[99.000142,18.73382],[98.999916,18.734354],[98.999772,18.734359],[98.999688,18.734328],[98.999632,18.734171]]]}},{"type":"Feature","properties":{"k":"water"},"geometry":{"type":"Polygon","coordinates":[[[99.001386,18.734288],[99.001456,18.733896],[99.001585,18.733843],[99.001719,18.733874],[99.001748,18.733957],[99.001695,18.7341],[99.001593,18.734143],[99.001499,18.734285],[99.001386,18.734288]]]}},{"type":"Feature","properties":{"k":"water"},"geometry":{"type":"Polygon","coordinates":[[[98.927234,18.731628],[98.927164,18.731575],[98.927092,18.731427],[98.927153,18.731341],[98.927266,18.731379],[98.927333,18.731501],[98.927274,18.731626],[98.927234,18.731628]]]}},{"type":"Feature","properties":{"k":"water"},"geometry":{"type":"Polygon","coordinates":[[[99.000485,18.848911],[99.000544,18.848955],[99.000437,18.84912],[99.000472,18.849203],[99.000869,18.849447],[99.001196,18.849741],[99.001477,18.849856],[99.001646,18.849853],[99.001775,18.849795],[99.001803,18.84983],[99.001602,18.849975],[99.001544,18.84998],[99.00104,18.849782],[99.000642,18.849391],[99.000284,18.849203],[99.000485,18.848911]]]}},{"type":"Feature","properties":{"k":"water"},"geometry":{"type":"Polygon","coordinates":[[[98.998972,18.846817],[98.998251,18.846502],[98.997932,18.846472],[98.996971,18.84669],[98.996667,18.846797],[98.996549,18.846944],[98.996536,18.847025],[98.996577,18.847107],[98.996761,18.84718],[98.996738,18.847244],[98.99629,18.847134],[98.996489,18.846863],[98.996692,18.846708],[98.996884,18.846629],[98.996918,18.846571],[98.997269,18.846546],[98.997591,18.846487],[98.998005,18.846358],[98.998333,18.846431],[98.998984,18.846776],[98.998972,18.846817]]]}},{"type":"Feature","properties":{"k":"water"},"geometry":{"type":"Polygon","coordinates":[[[98.999193,18.833451],[98.99934,18.833572],[98.999506,18.833618],[98.999659,18.833768],[98.999531,18.833953],[98.999482,18.833951],[98.999225,18.83376],[98.999069,18.833682],[98.999056,18.833638],[98.999193,18.833451]]]}},{"type":"Feature","properties":{"k":"water"},"geometry":{"type":"Polygon","coordinates":[[[98.974242,18.743785],[98.974392,18.744149],[98.973676,18.744267],[98.973613,18.743903],[98.974242,18.743785]]]}},{"type":"Feature","properties":{"k":"water"},"geometry":{"type":"Polygon","coordinates":[[[99.045801,18.784773],[99.045541,18.784675],[99.045594,18.784568],[99.045872,18.784683],[99.045801,18.784773]]]}},{"type":"Feature","properties":{"k":"water"},"geometry":{"type":"Polygon","coordinates":[[[98.995859,18.744841],[98.995425,18.745795],[98.995408,18.745965],[98.995431,18.746094],[98.99554,18.746296],[98.995974,18.746854],[98.996074,18.746919],[98.996588,18.747075],[98.996576,18.747113],[98.995992,18.746927],[98.995516,18.74635],[98.995385,18.746127],[98.995358,18.745977],[98.995374,18.745777],[98.995803,18.74484],[98.995859,18.744841]]]}},{"type":"Feature","properties":{"k":"water"},"geometry":{"type":"Polygon","coordinates":[[[98.954169,18.800947],[98.954152,18.800772],[98.954203,18.800725],[98.954331,18.800729],[98.954501,18.800794],[98.95469,18.800711],[98.954862,18.800712],[98.955133,18.800849],[98.955014,18.800821],[98.95493,18.800932],[98.954761,18.80099],[98.954453,18.800957],[98.954415,18.800932],[98.954143,18.801001],[98.954169,18.800947]]]}},{"type":"Feature","properties":{"k":"water"},"geometry":{"type":"Polygon","coordinates":[[[99.036879,18.74634],[99.036868,18.746096],[99.037077,18.746063],[99.037286,18.746068],[99.03736,18.74609],[99.037526,18.74637],[99.037331,18.746505],[99.037246,18.746513],[99.037006,18.746449],[99.036879,18.74634]]]}},{"type":"Feature","properties":{"k":"water"},"geometry":{"type":"Polygon","coordinates":[[[98.977832,18.745998],[98.977612,18.74602],[98.977527,18.745978],[98.97745,18.745887],[98.977439,18.74581],[98.977464,18.745766],[98.977533,18.745718],[98.977748,18.745701],[98.977832,18.745998]]]}},{"type":"Feature","properties":{"k":"water"},"geometry":{"type":"Polygon","coordinates":[[[98.943633,18.730302],[98.94367,18.730349],[98.943735,18.730304],[98.943953,18.730386],[98.943948,18.730465],[98.943856,18.7305],[98.943831,18.730589],[98.943745,18.730638],[98.943646,18.730626],[98.943593,18.730567],[98.943584,18.73035],[98.943633,18.730302]]]}},{"type":"Feature","properties":{"k":"water"},"geometry":{"type":"Polygon","coordinates":[[[98.968341,18.763093],[98.96848,18.762964],[98.96877,18.763451],[98.968571,18.763492],[98.968341,18.763152],[98.968341,18.763093]]]}},{"type":"Feature","properties":{"k":"water"},"geometry":{"type":"Polygon","coordinates":[[[98.968263,18.762756],[98.968335,18.762727],[98.968454,18.762895],[98.968303,18.762952],[98.968252,18.762933],[98.968262,18.762866],[98.968341,18.762863],[98.968339,18.762822],[98.968262,18.762851],[98.968263,18.762756]]]}},{"type":"Feature","properties":{"k":"water"},"geometry":{"type":"Polygon","coordinates":[[[98.969195,18.768483],[98.969199,18.768043],[98.969509,18.768046],[98.969505,18.768485],[98.969195,18.768483]]]}},{"type":"Feature","properties":{"k":"water"},"geometry":{"type":"Polygon","coordinates":[[[98.969319,18.769088],[98.969314,18.768966],[98.969406,18.768963],[98.96941,18.769085],[98.969319,18.769088]]]}},{"type":"Feature","properties":{"k":"water"},"geometry":{"type":"Polygon","coordinates":[[[98.945069,18.730727],[98.945109,18.730706],[98.945144,18.730764],[98.945102,18.730785],[98.945069,18.730727]]]}},{"type":"Feature","properties":{"k":"water"},"geometry":{"type":"Polygon","coordinates":[[[99.031741,18.765519],[99.031774,18.765493],[99.031806,18.765509],[99.031835,18.765638],[99.031951,18.765613],[99.03198,18.765554],[99.032026,18.765544],[99.032058,18.7656],[99.031771,18.765897],[99.03169,18.76589],[99.031642,18.765829],[99.031653,18.765758],[99.031747,18.765618],[99.031741,18.765519]]]}},{"type":"Feature","properties":{"k":"water"},"geometry":{"type":"Polygon","coordinates":[[[98.945317,18.731981],[98.945347,18.731944],[98.945462,18.732028],[98.945433,18.732065],[98.945317,18.731981]]]}},{"type":"Feature","properties":{"k":"water","n":"Tad Chompoo Reservoir"},"geometry":{"type":"Polygon","coordinates":[[[98.947223,18.804173],[98.947448,18.803863],[98.947556,18.803645],[98.947741,18.803447],[98.947875,18.803203],[98.947902,18.803046],[98.947982,18.802919],[98.948218,18.802766],[98.948309,18.802832],[98.948661,18.80351],[98.948722,18.803683],[98.948733,18.803873],[98.94865,18.804005],[98.948583,18.804074],[98.948315,18.804193],[98.948065,18.804206],[98.947556,18.804092],[98.947223,18.804173]]]}},{"type":"Feature","properties":{"k":"water"},"geometry":{"type":"Polygon","coordinates":[[[98.981653,18.82112],[98.981634,18.82108],[98.98168,18.821008],[98.981782,18.820996],[98.981876,18.820927],[98.982029,18.820902],[98.982061,18.82096],[98.981997,18.821036],[98.981868,18.821041],[98.981779,18.82114],[98.981653,18.82112]]]}},{"type":"Feature","properties":{"k":"water"},"geometry":{"type":"Polygon","coordinates":[[[98.976506,18.824432],[98.97649,18.824193],[98.976656,18.824102],[98.976726,18.823919],[98.976849,18.823996],[98.976978,18.823914],[98.97701,18.823716],[98.977198,18.823823],[98.977085,18.823995],[98.977176,18.824158],[98.976956,18.824128],[98.976645,18.824443],[98.976506,18.824432]]]}},{"type":"Feature","properties":{"k":"water"},"geometry":{"type":"Polygon","coordinates":[[[99.031089,18.762806],[99.031298,18.762732],[99.031349,18.762915],[99.031459,18.763032],[99.031457,18.763078],[99.031287,18.763209],[99.031227,18.76321],[99.031169,18.763118],[99.031089,18.762806]]]}},{"type":"Feature","properties":{"k":"water"},"geometry":{"type":"Polygon","coordinates":[[[99.03676,18.765473],[99.036776,18.765383],[99.036859,18.76534],[99.03692,18.765345],[99.036976,18.765392],[99.03702,18.765605],[99.037286,18.765956],[99.037232,18.766056],[99.037189,18.766045],[99.037066,18.765909],[99.03693,18.765637],[99.03676,18.765473]]]}},{"type":"Feature","properties":{"k":"water"},"geometry":{"type":"Polygon","coordinates":[[[98.913564,18.707395],[98.91799,18.708665],[98.919171,18.708956],[98.921087,18.709522],[98.923182,18.710059],[98.923444,18.710163],[98.923868,18.710403],[98.924154,18.710738],[98.927273,18.717006],[98.928037,18.718439],[98.928315,18.71907],[98.928477,18.71955],[98.928458,18.720002],[98.92756,18.722465],[98.926479,18.728249],[98.926448,18.728743],[98.926522,18.733282],[98.926552,18.733594],[98.926684,18.733952],[98.926832,18.734171],[98.927046,18.734366],[98.927253,18.734506],[98.92749,18.734591],[98.929569,18.734858],[98.930062,18.734992],[98.930428,18.735186],[98.930717,18.735444],[98.930929,18.735702],[98.932004,18.737646],[98.932549,18.738464],[98.932667,18.738607],[98.932908,18.738819],[98.940438,18.74353],[98.941196,18.743962],[98.941394,18.744116],[98.941572,18.744354],[98.941668,18.744654],[98.941677,18.744842],[98.941593,18.745644],[98.941496,18.745633],[98.941591,18.745058],[98.941598,18.74475],[98.94148,18.744403],[98.94122,18.744117],[98.93374,18.73948],[98.932835,18.738908],[98.932693,18.738791],[98.932454,18.738531],[98.932112,18.738016],[98.930906,18.735877],[98.93063,18.73552],[98.930354,18.735274],[98.930017,18.735096],[98.929549,18.734969],[98.92766,18.734741],[98.927306,18.734649],[98.927195,18.734605],[98.926839,18.734344],[98.926578,18.734004],[98.926435,18.733613],[98.926406,18.733281],[98.92638,18.728738],[98.926408,18.728252],[98.927491,18.722463],[98.928371,18.719996],[98.928381,18.719653],[98.928344,18.719345],[98.92794,18.718489],[98.925336,18.713289],[98.92501,18.71259],[98.924061,18.710779],[98.923797,18.710479],[98.923659,18.710376],[98.9234,18.710246],[98.919138,18.70904],[98.917964,18.708742],[98.913543,18.707481],[98.913564,18.707395]]]}},{"type":"Feature","properties":{"k":"water"},"geometry":{"type":"Polygon","coordinates":[[[98.985891,18.733791],[98.985892,18.733443],[98.986073,18.733502],[98.98628,18.73349],[98.986322,18.733542],[98.986319,18.733659],[98.986288,18.733705],[98.985891,18.733791]]]}},{"type":"Feature","properties":{"k":"water"},"geometry":{"type":"Polygon","coordinates":[[[98.973334,18.775611],[98.973429,18.77561],[98.973434,18.775961],[98.973339,18.775962],[98.973334,18.775611]]]}},{"type":"Feature","properties":{"k":"water"},"geometry":{"type":"Polygon","coordinates":[[[98.951198,18.738282],[98.95079,18.73838],[98.950397,18.738629],[98.950047,18.73866],[98.95006,18.738593],[98.950209,18.738523],[98.950345,18.738519],[98.950781,18.738213],[98.950969,18.738251],[98.951442,18.738085],[98.95161,18.738165],[98.9516,18.738218],[98.951525,18.73818],[98.951384,18.738174],[98.951198,18.738282]]]}},{"type":"Feature","properties":{"k":"water"},"geometry":{"type":"Polygon","coordinates":[[[99.037983,18.773304],[99.038221,18.773332],[99.038366,18.773401],[99.038696,18.773678],[99.038578,18.773713],[99.038342,18.773721],[99.038256,18.773845],[99.038074,18.773833],[99.037664,18.773688],[99.037637,18.773553],[99.037701,18.773459],[99.037883,18.773309],[99.037983,18.773304]]]}},{"type":"Feature","properties":{"k":"water"},"geometry":{"type":"Polygon","coordinates":[[[99.041756,18.744738],[99.042094,18.745342],[99.041971,18.745411],[99.041354,18.745439],[99.04099,18.744978],[99.041053,18.7446],[99.041756,18.744738]]]}},{"type":"Feature","properties":{"k":"water"},"geometry":{"type":"Polygon","coordinates":[[[98.97953,18.770632],[98.979455,18.770343],[98.979477,18.770266],[98.979745,18.770289],[98.979953,18.77041],[98.979944,18.77048],[98.979795,18.770578],[98.979727,18.770666],[98.979615,18.770676],[98.97953,18.770632]]]}},{"type":"Feature","properties":{"k":"water"},"geometry":{"type":"Polygon","coordinates":[[[99.036537,18.736241],[99.036413,18.736241],[99.036217,18.736373],[99.036105,18.736345],[99.035917,18.736033],[99.035912,18.735936],[99.035946,18.735865],[99.036121,18.735769],[99.03636,18.735736],[99.036507,18.735575],[99.036893,18.735626],[99.036952,18.735664],[99.036942,18.735771],[99.036727,18.735682],[99.036684,18.735697],[99.036765,18.735974],[99.03677,18.736094],[99.036684,18.736218],[99.036537,18.736241]]]}},{"type":"Feature","properties":{"k":"water"},"geometry":{"type":"Polygon","coordinates":[[[99.034074,18.799543],[99.034058,18.799459],[99.034115,18.799335],[99.034262,18.799188],[99.034509,18.799035],[99.034457,18.799402],[99.034372,18.799467],[99.034074,18.799543]]]}},{"type":"Feature","properties":{"k":"water"},"geometry":{"type":"Polygon","coordinates":[[[99.034029,18.800375],[99.033997,18.800367],[99.033964,18.800029],[99.034082,18.799662],[99.034198,18.79994],[99.034088,18.800138],[99.03406,18.80034],[99.034029,18.800375]]]}},{"type":"Feature","properties":{"k":"water"},"geometry":{"type":"Polygon","coordinates":[[[98.96891,18.83214],[98.969452,18.830972],[98.969639,18.830943],[98.970766,18.83181],[98.971549,18.8328],[98.971951,18.833196],[98.971013,18.833998],[98.970659,18.833724],[98.970605,18.833642],[98.970358,18.83281],[98.970278,18.832746],[98.96891,18.83214]]]}},{"type":"Feature","properties":{"k":"water"},"geometry":{"type":"Polygon","coordinates":[[[98.971141,18.834071],[98.972049,18.833258],[98.972298,18.833277],[98.972422,18.833328],[98.972653,18.833496],[98.972718,18.833613],[98.9721,18.834142],[98.971522,18.83396],[98.971321,18.834107],[98.971233,18.834117],[98.971141,18.834071]]]}},{"type":"Feature","properties":{"k":"water"},"geometry":{"type":"Polygon","coordinates":[[[98.958648,18.847622],[98.958533,18.847764],[98.958439,18.84783],[98.958399,18.847827],[98.95835,18.847706],[98.95834,18.847515],[98.958369,18.847409],[98.958441,18.847353],[98.958656,18.847376],[98.958774,18.847421],[98.958715,18.847505],[98.958541,18.847459],[98.958482,18.847495],[98.958439,18.847584],[98.958455,18.847642],[98.958495,18.84766],[98.958559,18.847584],[98.958629,18.847576],[98.958648,18.847622]]]}},{"type":"Feature","properties":{"k":"water"},"geometry":{"type":"Polygon","coordinates":[[[98.997173,18.811141],[98.997344,18.811192],[98.997551,18.81109],[98.997615,18.811088],[98.997666,18.811121],[98.997602,18.81123],[98.997367,18.811299],[98.997325,18.811337],[98.997305,18.811446],[98.997257,18.811492],[98.99717,18.811504],[98.997097,18.811484],[98.997057,18.81141],[98.997063,18.811283],[98.997173,18.811141]]]}},{"type":"Feature","properties":{"k":"water"},"geometry":{"type":"Polygon","coordinates":[[[98.953973,18.829121],[98.953852,18.829111],[98.953733,18.829],[98.95314,18.82806],[98.952941,18.828042],[98.952896,18.827959],[98.953009,18.827846],[98.953156,18.827551],[98.953319,18.827369],[98.953566,18.827285],[98.953861,18.82736],[98.95452,18.827701],[98.954826,18.827733],[98.954978,18.827825],[98.95518,18.828382],[98.954298,18.829094],[98.953973,18.829121]]]}},{"type":"Feature","properties":{"k":"water"},"geometry":{"type":"Polygon","coordinates":[[[98.9289,18.766399],[98.929114,18.766074],[98.929423,18.765856],[98.929516,18.765891],[98.92957,18.766054],[98.929567,18.766237],[98.929484,18.766315],[98.929192,18.766323],[98.9289,18.766399]]]}},{"type":"Feature","properties":{"k":"water"},"geometry":{"type":"Polygon","coordinates":[[[98.935294,18.760464],[98.935238,18.760454],[98.935211,18.760367],[98.935683,18.760073],[98.935852,18.760263],[98.93564,18.760365],[98.935495,18.760317],[98.935396,18.760433],[98.935294,18.760464]]]}},{"type":"Feature","properties":{"k":"water"},"geometry":{"type":"Polygon","coordinates":[[[98.926172,18.770065],[98.926102,18.770064],[98.925747,18.769881],[98.925674,18.769789],[98.9257,18.769743],[98.925757,18.769707],[98.925824,18.769722],[98.926068,18.769833],[98.926236,18.769972],[98.926237,18.77006],[98.926172,18.770065]]]}},{"type":"Feature","properties":{"k":"water"},"geometry":{"type":"Polygon","coordinates":[[[98.934237,18.765942],[98.933266,18.765701],[98.933312,18.765467],[98.933561,18.765437],[98.933888,18.76535],[98.934272,18.765393],[98.934409,18.765439],[98.934237,18.765942]]]}},{"type":"Feature","properties":{"k":"water"},"geometry":{"type":"Polygon","coordinates":[[[98.934098,18.756115],[98.933725,18.755981],[98.93362,18.755895],[98.933556,18.755806],[98.93354,18.755591],[98.93404,18.755604],[98.934071,18.755684],[98.934098,18.756115]]]}},{"type":"Feature","properties":{"k":"water"},"geometry":{"type":"Polygon","coordinates":[[[98.923494,18.755666],[98.923242,18.755514],[98.923517,18.755106],[98.923769,18.755259],[98.923494,18.755666]]]}},{"type":"Feature","properties":{"k":"water"},"geometry":{"type":"Polygon","coordinates":[[[98.940277,18.75622],[98.940184,18.756172],[98.940055,18.756027],[98.94006,18.75593],[98.940357,18.755684],[98.940404,18.755674],[98.940634,18.755834],[98.940626,18.756098],[98.940581,18.75619],[98.940484,18.756228],[98.940277,18.75622]]]}},{"type":"Feature","properties":{"k":"water"},"geometry":{"type":"Polygon","coordinates":[[[98.968361,18.819952],[98.968322,18.819799],[98.968725,18.819708],[98.968763,18.819861],[98.968361,18.819952]]]}},{"type":"Feature","properties":{"k":"water"},"geometry":{"type":"Polygon","coordinates":[[[98.930397,18.764764],[98.930317,18.764707],[98.930529,18.764438],[98.930609,18.764494],[98.930397,18.764764]]]}},{"type":"Feature","properties":{"k":"water"},"geometry":{"type":"Polygon","coordinates":[[[98.930173,18.765048],[98.930094,18.764994],[98.930291,18.764733],[98.930371,18.764787],[98.930173,18.765048]]]}},{"type":"Feature","properties":{"k":"water"},"geometry":{"type":"Polygon","coordinates":[[[99.00957,18.740385],[99.009618,18.740344],[99.01037,18.740582],[99.01033,18.740756],[99.0096,18.740529],[99.00957,18.740385]]]}},{"type":"Feature","properties":{"k":"water"},"geometry":{"type":"Polygon","coordinates":[[[99.009539,18.740092],[99.010181,18.740277],[99.010137,18.740412],[99.009511,18.740235],[99.009539,18.740092]]]}},{"type":"Feature","properties":{"k":"water"},"geometry":{"type":"Polygon","coordinates":[[[98.961082,18.793501],[98.960999,18.793449],[98.960975,18.793345],[98.961003,18.793233],[98.96114,18.793239],[98.961213,18.79338],[98.961187,18.793451],[98.961082,18.793501]]]}},{"type":"Feature","properties":{"k":"water"},"geometry":{"type":"Polygon","coordinates":[[[98.977375,18.789064],[98.977413,18.789135],[98.977338,18.789172],[98.977299,18.7891],[98.977375,18.789064]]]}},{"type":"Feature","properties":{"k":"water"},"geometry":{"type":"Polygon","coordinates":[[[98.977536,18.789062],[98.977566,18.789138],[98.977486,18.789167],[98.977456,18.789091],[98.977536,18.789062]]]}},{"type":"Feature","properties":{"k":"water"},"geometry":{"type":"Polygon","coordinates":[[[98.977527,18.789235],[98.977569,18.789307],[98.977493,18.789347],[98.977451,18.789275],[98.977527,18.789235]]]}},{"type":"Feature","properties":{"k":"water"},"geometry":{"type":"Polygon","coordinates":[[[98.977397,18.789238],[98.977417,18.789321],[98.977328,18.78934],[98.977308,18.789257],[98.977397,18.789238]]]}},{"type":"Feature","properties":{"k":"water"},"geometry":{"type":"Polygon","coordinates":[[[98.970609,18.770423],[98.970513,18.770351],[98.970466,18.770248],[98.970499,18.770052],[98.97069,18.7698],[98.970809,18.769855],[98.970812,18.769802],[98.97077,18.769792],[98.970846,18.769723],[98.970866,18.76976],[98.970936,18.769758],[98.970953,18.769728],[98.970916,18.769617],[98.970959,18.769532],[98.971126,18.769458],[98.97116,18.769044],[98.971847,18.76894],[98.97193,18.768953],[98.972023,18.769016],[98.972017,18.769152],[98.971807,18.769635],[98.971771,18.769895],[98.971645,18.770059],[98.971474,18.770148],[98.971187,18.77016],[98.9711,18.770192],[98.970827,18.770429],[98.970609,18.770423]]]}},{"type":"Feature","properties":{"k":"water"},"geometry":{"type":"Polygon","coordinates":[[[98.955137,18.732344],[98.955077,18.732344],[98.955048,18.732202],[98.955056,18.732016],[98.955158,18.732016],[98.955137,18.732344]]]}},{"type":"Feature","properties":{"k":"water"},"geometry":{"type":"Polygon","coordinates":[[[98.955213,18.732605],[98.955288,18.732795],[98.955189,18.732823],[98.955132,18.732657],[98.955213,18.732605]]]}},{"type":"Feature","properties":{"k":"water"},"geometry":{"type":"Polygon","coordinates":[[[98.956364,18.732557],[98.956324,18.732404],[98.956517,18.732466],[98.956518,18.732507],[98.956364,18.732557]]]}},{"type":"Feature","properties":{"k":"water"},"geometry":{"type":"Polygon","coordinates":[[[98.951978,18.730768],[98.952018,18.730426],[98.952089,18.730434],[98.952049,18.730775],[98.951978,18.730768]]]}},{"type":"Feature","properties":{"k":"water"},"geometry":{"type":"Polygon","coordinates":[[[98.952644,18.730924],[98.952444,18.730892],[98.952486,18.730658],[98.952596,18.730675],[98.952572,18.730811],[98.952662,18.730825],[98.952644,18.730924]]]}},{"type":"Feature","properties":{"k":"water"},"geometry":{"type":"Polygon","coordinates":[[[98.942297,18.75383],[98.942265,18.753678],[98.942352,18.753542],[98.94241,18.753514],[98.94248,18.753751],[98.942372,18.753834],[98.942297,18.75383]]]}},{"type":"Feature","properties":{"k":"water"},"geometry":{"type":"Polygon","coordinates":[[[98.942211,18.755035],[98.942113,18.75455],[98.941939,18.754396],[98.941999,18.754233],[98.9421,18.754153],[98.942197,18.754242],[98.942391,18.754923],[98.942359,18.755011],[98.942211,18.755035]]]}},{"type":"Feature","properties":{"k":"water"},"geometry":{"type":"Polygon","coordinates":[[[98.944876,18.757246],[98.94486,18.75718],[98.944888,18.757138],[98.945131,18.757028],[98.945257,18.757016],[98.945348,18.757045],[98.945382,18.757095],[98.945345,18.757174],[98.945151,18.757265],[98.944876,18.757246]]]}},{"type":"Feature","properties":{"k":"water"},"geometry":{"type":"Polygon","coordinates":[[[99.012669,18.795058],[99.012591,18.795045],[99.012495,18.794964],[99.012477,18.794887],[99.012533,18.794708],[99.012586,18.794651],[99.012859,18.794592],[99.012869,18.794418],[99.013116,18.794423],[99.013217,18.794462],[99.013305,18.794543],[99.013306,18.794567],[99.013216,18.79459],[99.013189,18.79463],[99.012888,18.794786],[99.012898,18.794956],[99.012845,18.794983],[99.01272,18.79496],[99.012704,18.795038],[99.012669,18.795058]]]}},{"type":"Feature","properties":{"k":"water"},"geometry":{"type":"Polygon","coordinates":[[[99.030201,18.732281],[99.029972,18.732224],[99.030105,18.731938],[99.030317,18.732002],[99.030201,18.732281]]]}},{"type":"Feature","properties":{"k":"water"},"geometry":{"type":"Polygon","coordinates":[[[98.958492,18.777205],[98.958573,18.776966],[98.958578,18.776809],[98.958508,18.776479],[98.960477,18.776484],[98.960568,18.77656],[98.960558,18.776885],[98.959667,18.777159],[98.958492,18.777205]]]}},{"type":"Feature","properties":{"k":"water"},"geometry":{"type":"Polygon","coordinates":[[[99.01948,18.809448],[99.018778,18.810197],[99.018526,18.810534],[99.018491,18.810677],[99.018536,18.810793],[99.018831,18.811146],[99.018882,18.811357],[99.018874,18.81169],[99.018627,18.812456],[99.01852,18.812522],[99.018644,18.812126],[99.01874,18.811586],[99.018635,18.811088],[99.018461,18.81092],[99.018378,18.81074],[99.018405,18.81055],[99.019527,18.809183],[99.019704,18.809119],[99.020316,18.809375],[99.020538,18.809406],[99.020749,18.80937],[99.021229,18.809062],[99.021692,18.808913],[99.02253,18.808861],[99.022713,18.808744],[99.022896,18.808517],[99.022947,18.8086],[99.022817,18.808823],[99.022568,18.808988],[99.021717,18.809042],[99.021294,18.809179],[99.020762,18.809519],[99.020563,18.809555],[99.020355,18.809544],[99.019974,18.809341],[99.019775,18.809296],[99.01958,18.809344],[99.01948,18.809448]]]}},{"type":"Feature","properties":{"k":"water"},"geometry":{"type":"Polygon","coordinates":[[[98.976409,18.78482],[98.976425,18.784864],[98.976379,18.784879],[98.976363,18.784835],[98.976409,18.78482]]]}},{"type":"Feature","properties":{"k":"water"},"geometry":{"type":"Polygon","coordinates":[[[98.982417,18.842672],[98.982548,18.842581],[98.983729,18.842125],[98.985078,18.841425],[98.985753,18.841118],[98.985969,18.841075],[98.985107,18.84148],[98.983758,18.842181],[98.983346,18.842359],[98.982417,18.842672]]]}},{"type":"Feature","properties":{"k":"water"},"geometry":{"type":"Polygon","coordinates":[[[98.982045,18.842913],[98.982033,18.84297],[98.980969,18.843804],[98.98022,18.844437],[98.980106,18.844631],[98.98009,18.845163],[98.980025,18.845388],[98.979933,18.84605],[98.979941,18.846426],[98.980038,18.847651],[98.980146,18.84846],[98.980218,18.848906],[98.980398,18.849386],[98.980517,18.85005],[98.980535,18.850587],[98.980442,18.850629],[98.98003,18.850672],[98.978975,18.850648],[98.977952,18.850824],[98.977721,18.850907],[98.977545,18.850926],[98.976835,18.851126],[98.976715,18.851186],[98.976814,18.85109],[98.977537,18.850886],[98.977713,18.850867],[98.977941,18.850785],[98.978971,18.850607],[98.980029,18.850631],[98.98043,18.850589],[98.980502,18.850557],[98.980475,18.850054],[98.980356,18.849395],[98.980176,18.848916],[98.980092,18.84846],[98.980087,18.848259],[98.980047,18.848241],[98.979888,18.846429],[98.97988,18.846048],[98.979955,18.845426],[98.980033,18.845153],[98.980025,18.844849],[98.980055,18.844616],[98.980178,18.844406],[98.980934,18.843766],[98.982045,18.842913]]]}},{"type":"Feature","properties":{"k":"water"},"geometry":{"type":"Polygon","coordinates":[[[98.984492,18.841646],[98.984459,18.841592],[98.984778,18.841417],[98.984811,18.841471],[98.984492,18.841646]]]}},{"type":"Feature","properties":{"k":"water"},"geometry":{"type":"Polygon","coordinates":[[[98.979958,18.794071],[98.979945,18.793859],[98.980083,18.793862],[98.980065,18.794065],[98.979958,18.794071]]]}},{"type":"Feature","properties":{"k":"water"},"geometry":{"type":"Polygon","coordinates":[[[98.990195,18.771699],[98.990285,18.770977],[98.990242,18.768846],[98.990104,18.768176],[98.989883,18.767656],[98.989618,18.766861],[98.989546,18.766718],[98.989457,18.76669],[98.98908,18.76695],[98.988737,18.767232],[98.988529,18.767255],[98.988178,18.766946],[98.987937,18.766497],[98.98804,18.766457],[98.988209,18.766828],[98.988451,18.767125],[98.988559,18.767169],[98.988622,18.767168],[98.988699,18.767123],[98.989461,18.766598],[98.989501,18.766586],[98.989652,18.766771],[98.989984,18.767809],[98.990165,18.768201],[98.990286,18.768804],[98.990352,18.771016],[98.990248,18.771745],[98.990108,18.772236],[98.990126,18.772341],[98.990288,18.772656],[98.990375,18.772718],[98.991553,18.773209],[98.991909,18.773433],[98.992237,18.773729],[98.992702,18.773938],[98.992846,18.774069],[98.993014,18.774317],[98.993148,18.774444],[98.993562,18.774699],[98.993777,18.774915],[98.99408,18.775146],[98.994297,18.775393],[98.994449,18.775481],[98.994839,18.776247],[98.995074,18.776524],[98.995541,18.776968],[98.995755,18.777252],[98.995701,18.777285],[98.99549,18.777009],[98.995031,18.776561],[98.994789,18.776282],[98.994394,18.775512],[98.994265,18.775445],[98.993918,18.77507],[98.993739,18.774955],[98.993527,18.774729],[98.993117,18.774485],[98.992882,18.774252],[98.992786,18.7741],[98.992668,18.773984],[98.992326,18.773825],[98.992106,18.773689],[98.991876,18.773474],[98.991488,18.773229],[98.990367,18.772765],[98.990205,18.772645],[98.990068,18.772242],[98.990195,18.771699]]]}},{"type":"Feature","properties":{"k":"water"},"geometry":{"type":"Polygon","coordinates":[[[99.013471,18.79422],[99.013483,18.794103],[99.013891,18.79414],[99.013879,18.794257],[99.013471,18.79422]]]}},{"type":"Feature","properties":{"k":"water"},"geometry":{"type":"Polygon","coordinates":[[[98.924305,18.756045],[98.924551,18.756076],[98.924505,18.756401],[98.924259,18.75637],[98.924305,18.756045]]]}},{"type":"Feature","properties":{"k":"water"},"geometry":{"type":"Polygon","coordinates":[[[98.97011,18.783379],[98.970047,18.783421],[98.969857,18.783162],[98.969578,18.783142],[98.969586,18.783119],[98.970118,18.783152],[98.970161,18.78299],[98.970133,18.782919],[98.969829,18.782845],[98.969902,18.782505],[98.969951,18.782477],[98.970307,18.78252],[98.97035,18.782553],[98.970227,18.783151],[98.970167,18.783209],[98.970075,18.783181],[98.970039,18.7832],[98.97011,18.783379]]]}},{"type":"Feature","properties":{"k":"water"},"geometry":{"type":"Polygon","coordinates":[[[99.023546,18.815409],[99.023608,18.815417],[99.023686,18.815485],[99.023734,18.815678],[99.023804,18.815744],[99.023472,18.815671],[99.023437,18.815594],[99.023479,18.815457],[99.023546,18.815409]]]}},{"type":"Feature","properties":{"k":"water"},"geometry":{"type":"Polygon","coordinates":[[[99.050749,18.73987],[99.050871,18.739811],[99.051037,18.74],[99.05112,18.739993],[99.051184,18.740122],[99.050962,18.740175],[99.050749,18.73987]]]}},{"type":"Feature","properties":{"k":"water"},"geometry":{"type":"Polygon","coordinates":[[[99.049014,18.739344],[99.049157,18.739345],[99.049175,18.739959],[99.049067,18.739953],[99.04904,18.739916],[99.049014,18.739344]]]}},{"type":"Feature","properties":{"k":"water"},"geometry":{"type":"Polygon","coordinates":[[[99.025526,18.768865],[99.0256,18.768871],[99.025738,18.768973],[99.025663,18.769027],[99.025464,18.76895],[99.025526,18.768865]]]}},{"type":"Feature","properties":{"k":"water"},"geometry":{"type":"Polygon","coordinates":[[[98.962077,18.819289],[98.962063,18.819161],[98.962907,18.819082],[98.96292,18.81921],[98.962077,18.819289]]]}},{"type":"Feature","properties":{"k":"water"},"geometry":{"type":"Polygon","coordinates":[[[98.916996,18.746773],[98.916957,18.746576],[98.91718,18.746461],[98.917504,18.746442],[98.917539,18.746588],[98.917511,18.746628],[98.917123,18.746771],[98.916996,18.746773]]]}},{"type":"Feature","properties":{"k":"water"},"geometry":{"type":"Polygon","coordinates":[[[98.986505,18.732703],[98.986259,18.732741],[98.986039,18.7327],[98.985915,18.732581],[98.985854,18.732431],[98.985859,18.732278],[98.985934,18.73206],[98.985937,18.731918],[98.985829,18.731786],[98.98584,18.731707],[98.985907,18.731659],[98.986347,18.731735],[98.986511,18.731852],[98.986532,18.732052],[98.986586,18.732146],[98.986672,18.732207],[98.986677,18.732378],[98.986634,18.732634],[98.986505,18.732703]]]}},{"type":"Feature","properties":{"k":"water"},"geometry":{"type":"Polygon","coordinates":[[[98.986751,18.732629],[98.98679,18.732447],[98.986763,18.73221],[98.986846,18.732182],[98.986983,18.73221],[98.98702,18.732261],[98.987022,18.732354],[98.986931,18.73264],[98.986847,18.73268],[98.986755,18.732664],[98.986751,18.732629]]]}},{"type":"Feature","properties":{"k":"water"},"geometry":{"type":"Polygon","coordinates":[[[98.986908,18.732835],[98.986915,18.733312],[98.986597,18.733308],[98.986605,18.732785],[98.986908,18.732801],[98.986908,18.732835]]]}},{"type":"Feature","properties":{"k":"water"},"geometry":{"type":"Polygon","coordinates":[[[98.929771,18.750203],[98.930074,18.75016],[98.930135,18.750552],[98.929832,18.750594],[98.929771,18.750203]]]}},{"type":"Feature","properties":{"k":"water"},"geometry":{"type":"Polygon","coordinates":[[[98.958564,18.767882],[98.958859,18.767738],[98.958995,18.767988],[98.9587,18.768131],[98.958564,18.767882]]]}},{"type":"Feature","properties":{"k":"water"},"geometry":{"type":"Polygon","coordinates":[[[98.959906,18.762991],[98.960248,18.762982],[98.96025,18.763084],[98.959908,18.763092],[98.959906,18.762991]]]}},{"type":"Feature","properties":{"k":"water"},"geometry":{"type":"Polygon","coordinates":[[[98.947885,18.758928],[98.94817,18.759059],[98.948112,18.759172],[98.947827,18.759041],[98.947885,18.758928]]]}},{"type":"Feature","properties":{"k":"water"},"geometry":{"type":"Polygon","coordinates":[[[98.947058,18.758325],[98.94719,18.758412],[98.947477,18.758679],[98.947395,18.758762],[98.947017,18.75836],[98.947058,18.758325]]]}},{"type":"Feature","properties":{"k":"water"},"geometry":{"type":"Polygon","coordinates":[[[98.948245,18.759091],[98.948528,18.759225],[98.94847,18.759334],[98.948188,18.7592],[98.948245,18.759091]]]}},{"type":"Feature","properties":{"k":"water"},"geometry":{"type":"Polygon","coordinates":[[[98.947526,18.758704],[98.947823,18.7589],[98.947757,18.758991],[98.947459,18.758795],[98.947526,18.758704]]]}},{"type":"Feature","properties":{"k":"water"},"geometry":{"type":"Polygon","coordinates":[[[98.928336,18.751427],[98.928277,18.751369],[98.92832,18.751267],[98.928413,18.751194],[98.928764,18.751124],[98.928945,18.751178],[98.929036,18.751234],[98.929051,18.751274],[98.929047,18.751305],[98.928981,18.751336],[98.928336,18.751427]]]}},{"type":"Feature","properties":{"k":"water"},"geometry":{"type":"Polygon","coordinates":[[[98.92924,18.751714],[98.929187,18.751666],[98.92916,18.751458],[98.929412,18.75141],[98.929476,18.75143],[98.929527,18.751524],[98.9295,18.751638],[98.929347,18.751704],[98.92924,18.751714]]]}},{"type":"Feature","properties":{"k":"water"},"geometry":{"type":"Polygon","coordinates":[[[98.926207,18.755268],[98.926258,18.755171],[98.926378,18.755128],[98.92652,18.755118],[98.926762,18.755179],[98.926861,18.755313],[98.927076,18.755735],[98.927065,18.755791],[98.926963,18.755831],[98.926515,18.755296],[98.926207,18.755268]]]}},{"type":"Feature","properties":{"k":"water"},"geometry":{"type":"Polygon","coordinates":[[[98.995894,18.744774],[98.995841,18.744759],[98.996279,18.743876],[98.996323,18.743878],[98.995894,18.744774]]]}},{"type":"Feature","properties":{"k":"water"},"geometry":{"type":"Polygon","coordinates":[[[98.973293,18.73053],[98.973401,18.730524],[98.973418,18.730797],[98.97331,18.730803],[98.973293,18.73053]]]}},{"type":"Feature","properties":{"k":"water"},"geometry":{"type":"Polygon","coordinates":[[[98.965156,18.736266],[98.965377,18.736252],[98.965393,18.736474],[98.965172,18.736487],[98.965156,18.736266]]]}},{"type":"Feature","properties":{"k":"water"},"geometry":{"type":"Polygon","coordinates":[[[99.009895,18.755821],[99.00993,18.755572],[99.009981,18.755562],[99.009972,18.755818],[99.009895,18.755821]]]}},{"type":"Feature","properties":{"k":"water"},"geometry":{"type":"Polygon","coordinates":[[[99.010003,18.755391],[99.009959,18.755373],[99.010009,18.755019],[99.01006,18.755006],[99.010003,18.755391]]]}},{"type":"Feature","properties":{"k":"water"},"geometry":{"type":"Polygon","coordinates":[[[99.005263,18.743133],[99.005548,18.74314],[99.00568,18.743203],[99.005629,18.743457],[99.005399,18.74352],[99.00528,18.74351],[99.005256,18.74347],[99.005263,18.743133]]]}},{"type":"Feature","properties":{"k":"water"},"geometry":{"type":"Polygon","coordinates":[[[99.041238,18.754032],[99.041196,18.753967],[99.041186,18.753854],[99.041225,18.753653],[99.041345,18.753554],[99.041592,18.7537],[99.041617,18.753856],[99.041445,18.754007],[99.041318,18.754043],[99.041238,18.754032]]]}},{"type":"Feature","properties":{"k":"water"},"geometry":{"type":"Polygon","coordinates":[[[99.046263,18.757476],[99.046531,18.757699],[99.046419,18.757811],[99.046023,18.757649],[99.045999,18.757483],[99.046137,18.757459],[99.046263,18.757476]]]}},{"type":"Feature","properties":{"k":"water"},"geometry":{"type":"Polygon","coordinates":[[[99.044185,18.757199],[99.044421,18.757104],[99.044548,18.757419],[99.044303,18.757434],[99.044185,18.757199]]]}},{"type":"Feature","properties":{"k":"water"},"geometry":{"type":"Polygon","coordinates":[[[99.043101,18.756501],[99.043341,18.756375],[99.043504,18.756621],[99.043214,18.756767],[99.043101,18.756501]]]}},{"type":"Feature","properties":{"k":"water"},"geometry":{"type":"Polygon","coordinates":[[[99.045157,18.757731],[99.045375,18.757761],[99.04531,18.758171],[99.045093,18.75814],[99.045157,18.757731]]]}},{"type":"Feature","properties":{"k":"water"},"geometry":{"type":"Polygon","coordinates":[[[98.952921,18.805515],[98.953227,18.805363],[98.953295,18.805355],[98.953405,18.805457],[98.953415,18.805589],[98.953059,18.805773],[98.953004,18.805773],[98.952896,18.805663],[98.952879,18.805591],[98.952921,18.805515]]]}},{"type":"Feature","properties":{"k":"water"},"geometry":{"type":"Polygon","coordinates":[[[98.9769,18.739227],[98.977623,18.738959],[98.977697,18.739165],[98.976955,18.739434],[98.9769,18.739227]]]}},{"type":"Feature","properties":{"k":"water"},"geometry":{"type":"Polygon","coordinates":[[[98.913026,18.7318],[98.912834,18.731629],[98.912806,18.73157],[98.912896,18.731469],[98.913061,18.731453],[98.913171,18.731497],[98.913147,18.731739],[98.913026,18.7318]]]}},{"type":"Feature","properties":{"k":"water"},"geometry":{"type":"Polygon","coordinates":[[[98.911273,18.740189],[98.91121,18.740211],[98.911146,18.740168],[98.911145,18.74013],[98.911175,18.740093],[98.911257,18.740092],[98.911287,18.740123],[98.911273,18.740189]]]}},{"type":"Feature","properties":{"k":"water"},"geometry":{"type":"Polygon","coordinates":[[[98.91201,18.741133],[98.911916,18.740909],[98.912054,18.740857],[98.912148,18.741081],[98.91201,18.741133]]]}},{"type":"Feature","properties":{"k":"water"},"geometry":{"type":"Polygon","coordinates":[[[99.04356,18.7967],[99.044041,18.796773],[99.043966,18.797097],[99.043501,18.797024],[99.04356,18.7967]]]}},{"type":"Feature","properties":{"k":"water"},"geometry":{"type":"Polygon","coordinates":[[[99.043279,18.81019],[99.043515,18.81026],[99.043466,18.810404],[99.043239,18.81032],[99.043279,18.81019]]]}},{"type":"Feature","properties":{"k":"water"},"geometry":{"type":"Polygon","coordinates":[[[99.044508,18.810671],[99.044583,18.810636],[99.045649,18.811042],[99.045668,18.811093],[99.045592,18.81119],[99.044457,18.810801],[99.044508,18.810671]]]}},{"type":"Feature","properties":{"k":"water"},"geometry":{"type":"Polygon","coordinates":[[[99.044111,18.811384],[99.04418,18.811199],[99.044258,18.811176],[99.045312,18.811511],[99.045349,18.811567],[99.045275,18.81172],[99.045206,18.811762],[99.04513,18.811759],[99.044488,18.811562],[99.044137,18.811428],[99.044111,18.811384]]]}},{"type":"Feature","properties":{"k":"water"},"geometry":{"type":"Polygon","coordinates":[[[99.045225,18.812214],[99.045326,18.812058],[99.045413,18.812057],[99.045945,18.812257],[99.045952,18.812293],[99.045897,18.812461],[99.045791,18.812501],[99.0453,18.812322],[99.045225,18.812214]]]}},{"type":"Feature","properties":{"k":"water"},"geometry":{"type":"Polygon","coordinates":[[[99.045645,18.811668],[99.04633,18.811916],[99.046354,18.811957],[99.046314,18.812057],[99.046214,18.812089],[99.045567,18.811891],[99.045527,18.811856],[99.045526,18.811778],[99.045567,18.811696],[99.045645,18.811668]]]}},{"type":"Feature","properties":{"k":"water"},"geometry":{"type":"Polygon","coordinates":[[[99.045877,18.81132],[99.046591,18.811545],[99.046603,18.811589],[99.046545,18.811708],[99.046471,18.811714],[99.045767,18.811492],[99.04574,18.811446],[99.045761,18.811396],[99.045805,18.811333],[99.045877,18.81132]]]}},{"type":"Feature","properties":{"k":"water"},"geometry":{"type":"Polygon","coordinates":[[[99.046849,18.81165],[99.047379,18.811818],[99.047408,18.811856],[99.047359,18.811985],[99.046765,18.811801],[99.046738,18.811751],[99.046794,18.811655],[99.046849,18.81165]]]}},{"type":"Feature","properties":{"k":"water"},"geometry":{"type":"Polygon","coordinates":[[[99.046607,18.812024],[99.047255,18.812241],[99.04728,18.812286],[99.047254,18.812357],[99.047201,18.812378],[99.046574,18.812179],[99.046526,18.812118],[99.046556,18.812049],[99.046607,18.812024]]]}},{"type":"Feature","properties":{"k":"water"},"geometry":{"type":"Polygon","coordinates":[[[99.047843,18.813236],[99.047934,18.813043],[99.048019,18.813013],[99.048448,18.813144],[99.04851,18.813221],[99.048428,18.813412],[99.048361,18.813432],[99.047843,18.813236]]]}},{"type":"Feature","properties":{"k":"water"},"geometry":{"type":"Polygon","coordinates":[[[99.047121,18.813709],[99.047293,18.813794],[99.047249,18.813893],[99.047052,18.813813],[99.047093,18.813715],[99.047121,18.813709]]]}},{"type":"Feature","properties":{"k":"water"},"geometry":{"type":"Polygon","coordinates":[[[99.047491,18.812569],[99.047852,18.812688],[99.047826,18.812759],[99.047465,18.81264],[99.047491,18.812569]]]}},{"type":"Feature","properties":{"k":"water"},"geometry":{"type":"Polygon","coordinates":[[[99.048138,18.811026],[99.048121,18.810966],[99.048175,18.810824],[99.04854,18.810942],[99.048602,18.810924],[99.048814,18.810402],[99.049152,18.810475],[99.049182,18.810526],[99.049022,18.811013],[99.048987,18.811265],[99.048939,18.811299],[99.048138,18.811026]]]}},{"type":"Feature","properties":{"k":"water"},"geometry":{"type":"Polygon","coordinates":[[[99.046827,18.810141],[99.046861,18.810062],[99.04711,18.809933],[99.047177,18.809852],[99.047527,18.810004],[99.047537,18.810066],[99.047447,18.810264],[99.047391,18.810317],[99.047265,18.810249],[99.046827,18.810141]]]}},{"type":"Feature","properties":{"k":"water"},"geometry":{"type":"Polygon","coordinates":[[[99.052184,18.813586],[99.05231,18.813583],[99.052373,18.813623],[99.052391,18.8137],[99.05236,18.813765],[99.05229,18.813792],[99.052214,18.813759],[99.052029,18.813813],[99.051931,18.813795],[99.051805,18.813699],[99.051775,18.813564],[99.051845,18.813464],[99.051929,18.813451],[99.052069,18.813498],[99.052184,18.813586]]]}},{"type":"Feature","properties":{"k":"water"},"geometry":{"type":"Polygon","coordinates":[[[99.050423,18.811897],[99.050615,18.812129],[99.050641,18.812246],[99.050613,18.812318],[99.050361,18.812506],[99.050168,18.812748],[99.050119,18.812969],[99.05,18.812989],[99.04994,18.813104],[99.049869,18.813136],[99.049708,18.813097],[99.049671,18.813015],[99.049687,18.812777],[99.049742,18.812716],[99.050002,18.812641],[99.050051,18.812576],[99.050066,18.812505],[99.049994,18.812358],[99.049987,18.812272],[99.050004,18.812047],[99.050038,18.811968],[99.050181,18.811865],[99.050259,18.811847],[99.050423,18.811897]]]}},{"type":"Feature","properties":{"k":"water"},"geometry":{"type":"Polygon","coordinates":[[[99.050171,18.814846],[99.050213,18.814747],[99.050445,18.814773],[99.050566,18.814627],[99.050626,18.814623],[99.050675,18.814657],[99.050643,18.814785],[99.050501,18.814828],[99.050477,18.814886],[99.050485,18.815014],[99.05042,18.815131],[99.050525,18.815238],[99.050504,18.815347],[99.050361,18.8154],[99.050278,18.81539],[99.050224,18.815336],[99.050299,18.815084],[99.050279,18.815022],[99.050178,18.814912],[99.050171,18.814846]]]}},{"type":"Feature","properties":{"k":"water"},"geometry":{"type":"Polygon","coordinates":[[[99.050243,18.816168],[99.050316,18.816139],[99.050371,18.816152],[99.050427,18.816251],[99.050566,18.816275],[99.050613,18.816327],[99.050572,18.816458],[99.050487,18.816557],[99.050362,18.81664],[99.050307,18.816701],[99.050263,18.816826],[99.050218,18.816843],[99.050167,18.816817],[99.050117,18.816654],[99.050335,18.816398],[99.050336,18.816348],[99.050216,18.816234],[99.050243,18.816168]]]}},{"type":"Feature","properties":{"k":"water"},"geometry":{"type":"Polygon","coordinates":[[[99.045046,18.815139],[99.045243,18.81521],[99.044695,18.81638],[99.04452,18.81631],[99.045046,18.815139]]]}},{"type":"Feature","properties":{"k":"water"},"geometry":{"type":"Polygon","coordinates":[[[99.044788,18.785906],[99.046003,18.786263],[99.046011,18.7863],[99.045923,18.786491],[99.044686,18.786135],[99.044788,18.785906]]]}},{"type":"Feature","properties":{"k":"water"},"geometry":{"type":"Polygon","coordinates":[[[99.042399,18.791308],[99.042829,18.791269],[99.042863,18.791295],[99.042879,18.791441],[99.042847,18.791475],[99.042463,18.791499],[99.042401,18.79147],[99.042377,18.791329],[99.042399,18.791308]]]}},{"type":"Feature","properties":{"k":"water"},"geometry":{"type":"Polygon","coordinates":[[[99.03221,18.736446],[99.032295,18.736444],[99.032269,18.736633],[99.032398,18.736945],[99.032416,18.737109],[99.032348,18.737269],[99.032264,18.737336],[99.032212,18.737322],[99.032262,18.737215],[99.032187,18.736885],[99.032173,18.736645],[99.03221,18.736446]]]}},{"type":"Feature","properties":{"k":"water"},"geometry":{"type":"Polygon","coordinates":[[[98.980073,18.769048],[98.980061,18.769278],[98.979973,18.769353],[98.979965,18.769408],[98.980001,18.769442],[98.980063,18.76943],[98.980114,18.769368],[98.980153,18.769083],[98.980196,18.769063],[98.980289,18.769167],[98.980272,18.769455],[98.980252,18.769495],[98.980123,18.769547],[98.980121,18.769598],[98.980337,18.769747],[98.980397,18.76977],[98.980482,18.769727],[98.980516,18.769666],[98.980512,18.769576],[98.98041,18.769494],[98.980408,18.769439],[98.980447,18.769383],[98.980565,18.769338],[98.980672,18.769365],[98.980691,18.769393],[98.98067,18.769606],[98.980725,18.769859],[98.980672,18.770027],[98.980608,18.770045],[98.980395,18.770005],[98.980024,18.769877],[98.97999,18.769641],[98.979815,18.769427],[98.979944,18.76914],[98.980073,18.769048]]]}},{"type":"Feature","properties":{"k":"water"},"geometry":{"type":"Polygon","coordinates":[[[99.046227,18.770925],[99.046274,18.770757],[99.046546,18.770832],[99.046737,18.770944],[99.046678,18.771075],[99.046227,18.770925]]]}},{"type":"Feature","properties":{"k":"water"},"geometry":{"type":"Polygon","coordinates":[[[98.940012,18.755872],[98.939882,18.755793],[98.939835,18.755689],[98.939958,18.755561],[98.940125,18.75552],[98.940236,18.755598],[98.940252,18.755659],[98.940012,18.755872]]]}},{"type":"Feature","properties":{"k":"water"},"geometry":{"type":"Polygon","coordinates":[[[98.939701,18.755572],[98.939387,18.755504],[98.939207,18.755374],[98.939215,18.755313],[98.939317,18.755289],[98.939724,18.755354],[98.939761,18.755402],[98.939701,18.755572]]]}},{"type":"Feature","properties":{"k":"water"},"geometry":{"type":"Polygon","coordinates":[[[99.035632,18.747069],[99.035595,18.746953],[99.03563,18.746887],[99.035705,18.746826],[99.035981,18.746785],[99.036099,18.74652],[99.036158,18.74648],[99.036676,18.746465],[99.036649,18.746767],[99.0363,18.746762],[99.036231,18.746795],[99.036164,18.747008],[99.036118,18.747044],[99.035632,18.747069]]]}},{"type":"Feature","properties":{"k":"water"},"geometry":{"type":"Polygon","coordinates":[[[98.943171,18.749766],[98.943657,18.749687],[98.943877,18.749772],[98.943904,18.749889],[98.94376,18.749898],[98.943794,18.749983],[98.943786,18.750079],[98.943634,18.750136],[98.943607,18.75021],[98.943696,18.75037],[98.943654,18.750425],[98.943541,18.750474],[98.943356,18.750475],[98.943281,18.750437],[98.943139,18.75029],[98.943087,18.750117],[98.943093,18.750003],[98.943171,18.749766]]]}},{"type":"Feature","properties":{"k":"water"},"geometry":{"type":"Polygon","coordinates":[[[98.944048,18.732213],[98.944317,18.732064],[98.944384,18.732174],[98.944115,18.732322],[98.944048,18.732213]]]}},{"type":"Feature","properties":{"k":"water"},"geometry":{"type":"Polygon","coordinates":[[[98.960273,18.797323],[98.960348,18.797364],[98.960304,18.797434],[98.96023,18.797393],[98.960273,18.797323]]]}},{"type":"Feature","properties":{"k":"water"},"geometry":{"type":"Polygon","coordinates":[[[98.960243,18.797515],[98.960312,18.797505],[98.960341,18.797542],[98.96033,18.797586],[98.960246,18.797592],[98.960243,18.797515]]]}},{"type":"Feature","properties":{"k":"water"},"geometry":{"type":"Polygon","coordinates":[[[98.960227,18.797693],[98.960313,18.79767],[98.960346,18.797721],[98.960333,18.797759],[98.96025,18.797775],[98.960227,18.797693]]]}},{"type":"Feature","properties":{"k":"water"},"geometry":{"type":"Polygon","coordinates":[[[98.96005,18.797672],[98.960088,18.797651],[98.960149,18.797666],[98.960173,18.797712],[98.960156,18.797761],[98.960062,18.797771],[98.960032,18.797713],[98.96005,18.797672]]]}},{"type":"Feature","properties":{"k":"water"},"geometry":{"type":"Polygon","coordinates":[[[98.959765,18.797799],[98.959776,18.797692],[98.959974,18.797686],[98.960024,18.797713],[98.960057,18.797779],[98.960108,18.797792],[98.960221,18.797691],[98.960226,18.797763],[98.960321,18.797778],[98.960347,18.797699],[98.960248,18.797639],[98.960343,18.797592],[98.960355,18.797542],[98.960232,18.797454],[98.96033,18.797431],[98.960355,18.797379],[98.960394,18.797383],[98.960415,18.797547],[98.960378,18.79759],[98.960403,18.797635],[98.960375,18.79781],[98.960338,18.797832],[98.959765,18.797799]]]}},{"type":"Feature","properties":{"k":"water"},"geometry":{"type":"Polygon","coordinates":[[[99.019652,18.762405],[99.019701,18.762264],[99.019778,18.762278],[99.019731,18.762409],[99.019652,18.762405]]]}},{"type":"Feature","properties":{"k":"water"},"geometry":{"type":"Polygon","coordinates":[[[99.019173,18.763539],[99.019113,18.763507],[99.019578,18.762568],[99.019612,18.762546],[99.019652,18.762593],[99.019173,18.763539]]]}},{"type":"Feature","properties":{"k":"water"},"geometry":{"type":"Polygon","coordinates":[[[99.01821,18.765648],[99.018183,18.765596],[99.019013,18.763707],[99.019094,18.763717],[99.018252,18.765608],[99.01821,18.765648]]]}},{"type":"Feature","properties":{"k":"water"},"geometry":{"type":"Polygon","coordinates":[[[99.029567,18.757269],[99.029948,18.757213],[99.02998,18.75723],[99.030106,18.757799],[99.030058,18.75783],[99.029605,18.7577],[99.029572,18.757665],[99.029567,18.757269]]]}},{"type":"Feature","properties":{"k":"water"},"geometry":{"type":"Polygon","coordinates":[[[99.043676,18.79726],[99.044129,18.797331],[99.044166,18.797676],[99.043756,18.797758],[99.043724,18.797689],[99.043676,18.79726]]]}},{"type":"Feature","properties":{"k":"water"},"geometry":{"type":"Polygon","coordinates":[[[99.044587,18.798331],[99.044904,18.798263],[99.04495,18.798352],[99.044952,18.798466],[99.044877,18.798529],[99.044622,18.798507],[99.044571,18.798415],[99.044587,18.798331]]]}},{"type":"Feature","properties":{"k":"water"},"geometry":{"type":"Polygon","coordinates":[[[98.950518,18.804802],[98.950477,18.80468],[98.950558,18.804656],[98.950599,18.804778],[98.950518,18.804802]]]}},{"type":"Feature","properties":{"k":"water"},"geometry":{"type":"Polygon","coordinates":[[[98.950502,18.804009],[98.951135,18.80412],[98.951116,18.804144],[98.951024,18.804144],[98.950768,18.80409],[98.950405,18.804079],[98.95021,18.804102],[98.950089,18.804155],[98.949937,18.804294],[98.949895,18.804282],[98.94989,18.804236],[98.950017,18.804109],[98.950029,18.804037],[98.950003,18.803999],[98.949866,18.803947],[98.949853,18.803928],[98.94989,18.803897],[98.950502,18.804009]]]}},{"type":"Feature","properties":{"k":"water"},"geometry":{"type":"Polygon","coordinates":[[[98.947691,18.8042],[98.947719,18.804276],[98.947635,18.804301],[98.947612,18.804223],[98.947691,18.8042]]]}},{"type":"Feature","properties":{"k":"water"},"geometry":{"type":"Polygon","coordinates":[[[99.03189,18.732273],[99.031729,18.732253],[99.031719,18.731998],[99.031753,18.731974],[99.0319,18.731961],[99.031955,18.731981],[99.031965,18.732089],[99.03189,18.732273]]]}},{"type":"Feature","properties":{"k":"water"},"geometry":{"type":"Polygon","coordinates":[[[99.049831,18.823154],[99.050131,18.822644],[99.050377,18.822774],[99.050077,18.823284],[99.049831,18.823154]]]}},{"type":"Feature","properties":{"k":"water"},"geometry":{"type":"Polygon","coordinates":[[[99.016138,18.788171],[99.016021,18.788057],[99.016068,18.787857],[99.016177,18.787865],[99.016219,18.787928],[99.016216,18.788095],[99.016138,18.788171]]]}},{"type":"Feature","properties":{"k":"water"},"geometry":{"type":"Polygon","coordinates":[[[99.008608,18.738163],[99.00831,18.738145],[99.008211,18.738029],[99.008234,18.737926],[99.008278,18.737892],[99.008428,18.737864],[99.008601,18.737916],[99.008689,18.737992],[99.008701,18.738039],[99.008682,18.738124],[99.008608,18.738163]]]}},{"type":"Feature","properties":{"k":"water"},"geometry":{"type":"Polygon","coordinates":[[[99.024263,18.74006],[99.024129,18.740057],[99.023978,18.740007],[99.023902,18.739944],[99.023874,18.73985],[99.023929,18.739443],[99.024394,18.739549],[99.024252,18.739621],[99.024147,18.739838],[99.024381,18.739943],[99.024343,18.740022],[99.024263,18.74006]]]}},{"type":"Feature","properties":{"k":"water"},"geometry":{"type":"Polygon","coordinates":[[[98.989198,18.805943],[98.989266,18.805792],[98.989421,18.805854],[98.989353,18.806005],[98.989198,18.805943]]]}},{"type":"Feature","properties":{"k":"waterway_river"},"geometry":{"type":"LineString","coordinates":[[98.967301,18.99629],[98.966796,18.995887],[98.966163,18.995553],[98.964677,18.99494],[98.963986,18.99411],[98.963347,18.993178],[98.963098,18.992089],[98.962581,18.99054],[98.961163,18.988137],[98.960965,18.987643],[98.960924,18.987107],[98.96117,18.985523],[98.961345,18.984642],[98.961374,18.984146],[98.961285,18.98349],[98.960755,18.981594],[98.960858,18.980931],[98.961089,18.98052],[98.961551,18.980203],[98.961744,18.98016],[98.96192,18.980049],[98.962141,18.979757],[98.962279,18.97925],[98.964159,18.97663],[98.965426,18.976094],[98.965917,18.975693],[98.966216,18.975303],[98.966345,18.974939],[98.966354,18.97457],[98.966242,18.974174],[98.965844,18.973484],[98.965397,18.972948],[98.964151,18.971834],[98.9639,18.971095],[98.964126,18.970224],[98.96458,18.969124],[98.965328,18.968304],[98.966039,18.968128],[98.967447,18.967948],[98.972058,18.966319],[98.972484,18.965962],[98.972749,18.965615],[98.973069,18.965103],[98.973375,18.963656],[98.973445,18.959963],[98.974097,18.958676],[98.974816,18.956419],[98.975374,18.953711],[98.975785,18.952968],[98.975881,18.952719],[98.976042,18.952059],[98.976302,18.951598],[98.976705,18.951055],[98.97689,18.950692],[98.976946,18.950518],[98.976898,18.950352],[98.976696,18.950225],[98.976635,18.950162],[98.97657,18.950022],[98.976364,18.94902],[98.97631,18.948566],[98.976337,18.948285],[98.976399,18.947876],[98.97653,18.947513],[98.976544,18.947389],[98.976434,18.9471],[98.976359,18.94697],[98.976262,18.946894],[98.974983,18.946603],[98.974693,18.946303],[98.974483,18.94577],[98.974486,18.94553],[98.97462,18.945063],[98.975007,18.944071],[98.975382,18.9433],[98.97565,18.941985],[98.976313,18.940986],[98.97653,18.940727],[98.976549,18.940314],[98.976646,18.940083],[98.976836,18.939859],[98.977051,18.939733],[98.977657,18.939563],[98.977866,18.939408],[98.977936,18.939063],[98.977684,18.938137],[98.977289,18.937038],[98.977257,18.936787],[98.977265,18.936257],[98.977209,18.936064],[98.976774,18.935341],[98.976595,18.935186],[98.976353,18.935034],[98.975967,18.934889],[98.975629,18.934679],[98.974768,18.933844],[98.974288,18.933337],[98.974205,18.93321],[98.974022,18.932614],[98.973856,18.932411],[98.973271,18.932314],[98.973016,18.932314],[98.972802,18.932279],[98.971764,18.931581],[98.971332,18.931251],[98.970493,18.930909],[98.970307,18.930891],[98.97005,18.930975],[98.96976,18.931119],[98.969599,18.931167],[98.969369,18.931175],[98.968863,18.931115],[98.968693,18.931024],[98.968476,18.93097],[98.967617,18.930853],[98.967285,18.930674],[98.967053,18.930465],[98.966905,18.930192],[98.966826,18.929717],[98.967023,18.928846],[98.967187,18.928416],[98.967354,18.928153],[98.967886,18.927696],[98.968221,18.927254],[98.968829,18.926679],[98.969242,18.926472],[98.969978,18.926385],[98.970393,18.926382],[98.97093,18.926405],[98.971112,18.926451],[98.971455,18.926707],[98.971796,18.926733],[98.972239,18.92655],[98.972552,18.926367],[98.97296,18.926063],[98.973228,18.925811],[98.973537,18.925261],[98.973762,18.924969],[98.973751,18.924797],[98.973387,18.924284],[98.973199,18.924086],[98.972968,18.923716],[98.971729,18.922188],[98.971557,18.922023],[98.971284,18.921902],[98.969661,18.921539],[98.96906,18.921524],[98.968462,18.921303],[98.968215,18.921173],[98.968041,18.920943],[98.967805,18.920373],[98.967785,18.920256],[98.967826,18.920087],[98.968277,18.919674],[98.968438,18.91938],[98.968725,18.919182],[98.969056,18.918858],[98.969752,18.917685],[98.970313,18.916218],[98.970907,18.914361],[98.970847,18.913805],[98.971105,18.912781],[98.971183,18.911957],[98.971443,18.911141],[98.971498,18.910731],[98.971234,18.909148],[98.971316,18.908573],[98.971522,18.908009],[98.971911,18.907313],[98.972711,18.906532],[98.973467,18.905899],[98.974983,18.90483],[98.975744,18.904131],[98.976179,18.903505],[98.976294,18.902746],[98.976145,18.901972],[98.97613,18.901393],[98.975922,18.900846],[98.975251,18.899713],[98.974252,18.898196],[98.972795,18.89554],[98.972749,18.895314],[98.9728,18.895121],[98.972941,18.894976],[98.974272,18.894515],[98.974597,18.894318],[98.974736,18.894162],[98.974791,18.89398],[98.97473,18.893384],[98.97434,18.892658],[98.972704,18.890358],[98.972563,18.890059],[98.972496,18.889726],[98.972514,18.889367],[98.972593,18.8891],[98.972724,18.888854],[98.97302,18.888518],[98.973954,18.887593],[98.974439,18.887016],[98.974877,18.886354],[98.975153,18.885794],[98.975666,18.884412],[98.976327,18.883165],[98.977058,18.882069],[98.977499,18.881335],[98.97769,18.880952],[98.978105,18.880069],[98.978221,18.879716],[98.978245,18.879406],[98.978162,18.878999],[98.978031,18.878717],[98.97772,18.878124],[98.977216,18.877294],[98.976502,18.876375],[98.975587,18.875276],[98.97439,18.873453],[98.973751,18.872103],[98.97355,18.871372],[98.973507,18.870897],[98.973567,18.870612],[98.973689,18.87038],[98.974244,18.869814],[98.975081,18.869212],[98.976379,18.868452],[98.976805,18.86816],[98.977361,18.867654],[98.977863,18.86713],[98.978251,18.866589],[98.978494,18.865871],[98.97866,18.864889],[98.978658,18.864452],[98.978481,18.863678],[98.978312,18.863315],[98.978002,18.862949],[98.977542,18.862571],[98.977196,18.862365],[98.97642,18.862026],[98.975614,18.861604],[98.975074,18.861174],[98.974645,18.860463],[98.974435,18.8599],[98.974457,18.85957],[98.974645,18.859092],[98.974913,18.858864],[98.975734,18.858685],[98.976989,18.858825],[98.978566,18.859103],[98.979102,18.859153],[98.979815,18.859092],[98.980245,18.858966],[98.98091,18.858605],[98.981232,18.858336],[98.981377,18.857976],[98.981431,18.85758],[98.98128,18.857113],[98.980937,18.856472],[98.980511,18.854973],[98.980201,18.853189],[98.980201,18.852049],[98.980408,18.851543],[98.981252,18.851222],[98.98181,18.851222],[98.982539,18.851262],[98.983708,18.851573],[98.985059,18.851593],[98.985421,18.851498],[98.985763,18.851236],[98.986071,18.850838],[98.986295,18.850418],[98.986486,18.849828],[98.986471,18.849318],[98.98627,18.848836],[98.985181,18.846739],[98.984951,18.845939],[98.984912,18.845073],[98.985413,18.843659],[98.985927,18.842974],[98.986169,18.842736],[98.987205,18.841888],[98.988039,18.841334],[98.988775,18.840747],[98.989435,18.83986],[98.990125,18.838289],[98.990417,18.837273],[98.990888,18.836374],[98.991522,18.834295],[98.991999,18.833227],[98.993091,18.832403],[98.993633,18.832075],[98.99506,18.83135],[98.996217,18.830635],[98.997235,18.829378],[98.997681,18.828731],[98.99766,18.828065],[98.997556,18.827293],[98.997102,18.826405],[98.996224,18.825299],[98.995427,18.824519],[98.995031,18.823705],[98.994941,18.822813],[98.995186,18.822055],[98.995732,18.821083],[98.996337,18.820466],[98.997986,18.819146],[98.999478,18.817637],[99.000534,18.816715],[99.001153,18.815823],[99.001558,18.814998],[99.002263,18.813744],[99.002808,18.811949],[99.003072,18.810658],[99.003384,18.8096],[99.00377,18.808537],[99.003751,18.807556],[99.003869,18.805839],[99.003877,18.803287],[99.003667,18.801539],[99.003371,18.800328],[99.00313,18.799708],[99.002894,18.799281],[99.002282,18.798581],[99.001349,18.797986],[99.000844,18.797717],[99.000448,18.797383],[99.000147,18.797052],[98.999777,18.796194],[98.999654,18.795767],[98.999557,18.794914],[98.999589,18.794554],[98.999795,18.793921],[99.000093,18.793294],[99.000657,18.792405],[99.001241,18.791765],[99.00247,18.790668],[99.003167,18.789922],[99.003803,18.789072],[99.004144,18.78849],[99.004439,18.78784],[99.004552,18.787497],[99.004699,18.786714],[99.004748,18.786069],[99.004742,18.78538],[99.004568,18.784474],[99.00453,18.783924],[99.00453,18.783391],[99.004717,18.782596],[99.004948,18.781954],[99.005215,18.781385],[99.005584,18.780645],[99.006161,18.779648],[99.00681,18.778269],[99.006992,18.777835],[99.007054,18.777322],[99.00704,18.776865],[99.006953,18.776492],[99.006799,18.77622],[99.006488,18.775839],[99.005326,18.774707],[99.004007,18.773642],[99.003269,18.772801],[99.002691,18.771895],[99.002438,18.7714],[99.002234,18.770871],[99.002048,18.770177],[99.001987,18.769876],[99.001979,18.769592],[99.002021,18.768708],[99.002213,18.768072],[99.002521,18.767376],[99.003819,18.765398],[99.004197,18.764769],[99.004315,18.764469],[99.004353,18.764182],[99.004347,18.763486],[99.004245,18.763133],[99.004133,18.762869],[99.003929,18.762526],[99.00365,18.762293],[99.003087,18.761978],[99.002191,18.761607],[99.001241,18.761312],[99.000268,18.761129],[98.999519,18.761129],[98.999096,18.761094],[98.998566,18.760979],[98.997944,18.760715],[98.997391,18.760315],[98.996893,18.759682],[98.996142,18.758689],[98.995606,18.757707],[98.9954,18.757111],[98.995364,18.756915],[98.995389,18.756487],[98.995488,18.755755],[98.995453,18.755539],[98.995377,18.755329],[98.994809,18.754521],[98.994418,18.754165],[98.993974,18.753878],[98.993235,18.753632],[98.991215,18.753221],[98.990631,18.753017],[98.990116,18.752768],[98.989472,18.752382],[98.989027,18.752067],[98.988335,18.751438],[98.988072,18.751031],[98.987992,18.750817],[98.987983,18.750617],[98.988086,18.750032],[98.988184,18.749655],[98.988227,18.749228],[98.988163,18.748908],[98.988056,18.748664],[98.987626,18.748075],[98.987299,18.747836],[98.986607,18.747521],[98.986146,18.747257],[98.985508,18.746764],[98.985129,18.746393],[98.984775,18.745781],[98.98459,18.745356],[98.984472,18.744928],[98.984339,18.743806],[98.983916,18.742982],[98.983599,18.742192],[98.983326,18.741409],[98.983011,18.740664],[98.982884,18.740546],[98.982727,18.740488],[98.98232,18.740407],[98.981753,18.74017],[98.981299,18.739808],[98.981112,18.739537],[98.980969,18.739151],[98.980994,18.738951],[98.981063,18.738753],[98.981432,18.738211],[98.982627,18.737598],[98.983631,18.736955],[98.984518,18.735962],[98.984864,18.735146],[98.98518,18.734216],[98.985223,18.733658],[98.985201,18.732908],[98.984816,18.731326],[98.984768,18.730581],[98.984869,18.72955],[98.985,18.729148],[98.985167,18.728806],[98.985821,18.727726],[98.986363,18.727152],[98.986752,18.726652],[98.986905,18.726441],[98.987058,18.726085],[98.987098,18.725321],[98.98705,18.724759],[98.98686,18.723755],[98.986536,18.722366],[98.986556,18.720833],[98.986671,18.720184],[98.986852,18.717556],[98.98697,18.716505],[98.986078,18.714359],[98.985742,18.713626],[98.985239,18.712895],[98.984717,18.712204],[98.983204,18.710891],[98.983026,18.710648],[98.982823,18.710191],[98.982762,18.70995],[98.982725,18.709433],[98.982786,18.708892],[98.983065,18.708051],[98.983474,18.707236],[98.984081,18.706178],[98.984194,18.705837],[98.984275,18.704387],[98.984128,18.703651],[98.984086,18.70294],[98.984121,18.702558],[98.984195,18.702367],[98.984335,18.702146],[98.985819,18.700157],[98.986339,18.699226],[98.9865,18.69888],[98.986607,18.69856],[98.986622,18.698022],[98.98657,18.69765],[98.986425,18.697112],[98.986134,18.696398],[98.985921,18.69606],[98.985722,18.695468],[98.985658,18.695026],[98.985769,18.694611],[98.987036,18.692422],[98.987294,18.691847],[98.987337,18.691238],[98.987196,18.690653]]}},{"type":"Feature","properties":{"k":"waterway_stream"},"geometry":{"type":"LineString","coordinates":[[98.997743,18.790355],[98.999329,18.789438],[98.999481,18.789217],[98.999503,18.789081],[98.999393,18.78839],[98.999118,18.787342],[98.999136,18.786519],[98.99909,18.785776],[98.999027,18.78536],[98.998863,18.78481],[98.998703,18.784007],[98.998661,18.783193],[98.998882,18.782088],[98.998638,18.781056]]}},{"type":"Feature","properties":{"k":"waterway_river"},"geometry":{"type":"LineString","coordinates":[[99.01303,18.852716],[99.01301,18.852579],[99.012926,18.852523],[99.012862,18.852431],[99.012892,18.852195],[99.013058,18.851903],[99.013082,18.851771],[99.013074,18.850484],[99.012905,18.849954],[99.012811,18.84991],[99.012656,18.849908],[99.012216,18.850007],[99.011971,18.850004],[99.011835,18.849944],[99.011776,18.84987],[99.011733,18.849738],[99.011784,18.849197],[99.011655,18.848942],[99.011653,18.84877],[99.011761,18.848536],[99.011864,18.848017],[99.01195,18.847847],[99.012106,18.847707],[99.012315,18.847235],[99.012487,18.847047],[99.0125,18.84689],[99.012237,18.846547],[99.012039,18.846448],[99.011802,18.846527],[99.011738,18.846611],[99.011631,18.846667],[99.01132,18.846732],[99.011095,18.846959],[99.010966,18.846997],[99.010909,18.84695],[99.01088,18.846872],[99.01092,18.846453],[99.010896,18.846316],[99.010762,18.846258],[99.010293,18.846245],[99.010242,18.846181],[99.010207,18.846106],[99.010303,18.845486],[99.010268,18.845405],[99.010142,18.845268],[99.009912,18.845158],[99.009874,18.845054],[99.009955,18.844758],[99.010333,18.844065],[99.010335,18.843757],[99.010314,18.843484],[99.010134,18.843214],[99.009973,18.842816],[99.009944,18.842349],[99.009863,18.842235],[99.009756,18.842163],[99.009131,18.841892],[99.00874,18.841577],[99.008426,18.841481],[99.00834,18.841409],[99.007946,18.840736],[99.007921,18.840569],[99.007954,18.84042],[99.008053,18.840295],[99.008707,18.83997],[99.009123,18.839818],[99.00952,18.839501],[99.009778,18.839399],[99.010083,18.839331],[99.010703,18.839282],[99.010917,18.839237],[99.011076,18.839132],[99.011124,18.838993],[99.011132,18.838851],[99.010756,18.837741],[99.010762,18.837584],[99.010841,18.837338],[99.011034,18.837087],[99.011176,18.836811],[99.01134,18.836232],[99.011407,18.836117],[99.011597,18.835927],[99.011729,18.835864],[99.011874,18.83582],[99.012174,18.835879],[99.012246,18.835846],[99.01237,18.835706],[99.012399,18.835605],[99.012375,18.835308],[99.012258,18.835167],[99.01201,18.835034],[99.011922,18.835028],[99.011534,18.835126],[99.011338,18.835071],[99.010734,18.834698],[99.010604,18.834344],[99.010481,18.834198],[99.010235,18.834023],[99.010141,18.833878],[99.010146,18.833762],[99.010296,18.833548],[99.010329,18.833429],[99.01027,18.83317],[99.010212,18.833098],[99.010109,18.833038],[99.009494,18.83301],[99.00922,18.832971],[99.008934,18.8327],[99.008861,18.832543],[99.008806,18.832253],[99.008965,18.831778],[99.009245,18.831284],[99.009159,18.83104],[99.008851,18.830728],[99.008876,18.830407],[99.008844,18.83009],[99.00911,18.829841],[99.009161,18.829729],[99.009155,18.829662],[99.009089,18.829532],[99.009008,18.829455],[99.008875,18.829398],[99.008671,18.829367],[99.008552,18.829257],[99.008462,18.8289],[99.008517,18.828594],[99.008391,18.828163],[99.008385,18.827947],[99.008456,18.827793],[99.008729,18.827607],[99.008815,18.827475],[99.008876,18.827251],[99.008911,18.826822],[99.008828,18.826396],[99.008903,18.825909],[99.008849,18.82552],[99.008852,18.825302],[99.009026,18.825175],[99.009206,18.82521],[99.009359,18.82534],[99.009661,18.825683],[99.009868,18.825835],[99.01065,18.825966],[99.013423,18.826662],[99.013514,18.826763],[99.013521,18.826865],[99.013472,18.827088],[99.01349,18.827214],[99.013575,18.827296],[99.013752,18.827286],[99.013913,18.827143],[99.014031,18.826945],[99.014133,18.826869],[99.01431,18.826834],[99.014471,18.826895],[99.014573,18.8269],[99.014691,18.826879],[99.014782,18.826824],[99.014964,18.826453],[99.015061,18.826316],[99.015168,18.82626],[99.015297,18.826265],[99.015501,18.826346],[99.015699,18.826473],[99.015855,18.826671],[99.015973,18.826773],[99.016139,18.826839],[99.016327,18.826849],[99.016579,18.826803],[99.016724,18.826717],[99.016778,18.826605],[99.016804,18.826153],[99.016735,18.825255],[99.01667,18.825082],[99.016407,18.824712],[99.016407,18.8246],[99.016466,18.824524],[99.016767,18.824483],[99.01696,18.824412],[99.017105,18.824285],[99.017217,18.824133],[99.017293,18.823813],[99.017228,18.82365],[99.01703,18.823356],[99.017003,18.823239],[99.017019,18.823132],[99.017089,18.823072],[99.017416,18.822934],[99.017513,18.822772],[99.017491,18.822686],[99.017416,18.822612],[99.016804,18.822655],[99.016656,18.822609],[99.016524,18.822531],[99.015828,18.821894],[99.015643,18.821638],[99.014803,18.821335],[99.014663,18.821091],[99.014647,18.820958],[99.014442,18.820484],[99.014438,18.820337],[99.014578,18.820137],[99.01475,18.820035],[99.014938,18.82],[99.015195,18.820025],[99.015351,18.820101],[99.015565,18.820101],[99.015742,18.820015],[99.015876,18.819857],[99.015978,18.819355],[99.016295,18.818954],[99.01637,18.818786],[99.016343,18.818593],[99.016134,18.818304],[99.015984,18.817923],[99.015978,18.817735],[99.016021,18.817506],[99.016134,18.817303],[99.016322,18.817146],[99.017142,18.816968],[99.017276,18.816877],[99.017368,18.81675],[99.0174,18.816598],[99.017352,18.816511],[99.017234,18.81645],[99.016858,18.816435],[99.016633,18.816328],[99.016552,18.816212],[99.016509,18.8161],[99.016515,18.815719],[99.016568,18.815551],[99.016713,18.815404],[99.016885,18.815308],[99.01711,18.815267],[99.017276,18.815348],[99.017593,18.815744],[99.017749,18.815841],[99.018226,18.815897],[99.018993,18.815912],[99.019165,18.815881],[99.019425,18.815779],[99.019562,18.815369],[99.019583,18.81511],[99.019589,18.814576],[99.019503,18.814241],[99.019315,18.814008],[99.018749,18.81366],[99.018148,18.813388],[99.017982,18.813282],[99.017934,18.813185],[99.017952,18.813068],[99.018006,18.812977],[99.018526,18.812553],[99.018627,18.812357],[99.018764,18.811773],[99.01878,18.811408],[99.018697,18.811078],[99.018451,18.810743],[99.018451,18.81055],[99.01918,18.809658],[99.019625,18.809257],[99.019845,18.809207],[99.020428,18.809451],[99.020627,18.809453],[99.020799,18.809387],[99.021257,18.809123],[99.021685,18.808972],[99.022238,18.808953],[99.022507,18.808924],[99.022632,18.808882],[99.02272,18.808809],[99.023067,18.808297],[99.023166,18.808209],[99.023588,18.807971],[99.024194,18.807504],[99.024627,18.806995],[99.025008,18.806723],[99.025206,18.806678],[99.025383,18.806788],[99.025582,18.807041],[99.025707,18.807138],[99.026011,18.807213],[99.026174,18.807129],[99.026306,18.806928],[99.026461,18.806501],[99.026955,18.805617],[99.02698,18.805207],[99.026843,18.804865],[99.026545,18.803807],[99.026485,18.802974],[99.026032,18.801135],[99.026216,18.800671],[99.026564,18.800315],[99.026864,18.800074],[99.027017,18.799866],[99.027057,18.79959],[99.027003,18.799094],[99.027072,18.798728],[99.027411,18.798249],[99.027514,18.798052],[99.027502,18.79783],[99.027383,18.797717],[99.02711,18.797649],[99.026959,18.797662],[99.026836,18.797561],[99.026798,18.797453],[99.026802,18.797344],[99.026945,18.797148],[99.027371,18.797037],[99.027792,18.796848],[99.027978,18.796639],[99.02813,18.796337],[99.028391,18.795947],[99.028962,18.795573],[99.029185,18.79523],[99.029481,18.79496],[99.0299,18.794876],[99.030151,18.794561],[99.03011,18.794182],[99.030035,18.793984],[99.030011,18.793796],[99.030232,18.793117],[99.030471,18.79272],[99.030616,18.792601],[99.030891,18.792636],[99.030975,18.792696],[99.03139,18.793288],[99.031453,18.793317],[99.031535,18.793316],[99.031765,18.79324],[99.032061,18.793248],[99.032312,18.793311],[99.033278,18.793453],[99.033942,18.79365],[99.034082,18.793645],[99.034373,18.79344],[99.034642,18.793049],[99.034854,18.792934],[99.035263,18.792805],[99.035522,18.792578],[99.0356,18.792454],[99.035631,18.792245],[99.03564,18.791201],[99.03623,18.791113],[99.036475,18.791158],[99.036615,18.791234],[99.036754,18.791261],[99.037147,18.791165],[99.037278,18.791083],[99.037995,18.791003],[99.038106,18.790863],[99.037977,18.79066],[99.03772,18.790538],[99.037591,18.79032],[99.037689,18.790135],[99.037878,18.790091],[99.038142,18.790156],[99.03832,18.790152],[99.038707,18.789665],[99.038578,18.78937],[99.038488,18.789279],[99.038334,18.789265],[99.038095,18.78935],[99.037687,18.789411],[99.037423,18.789279],[99.03743,18.789035],[99.037559,18.7887],[99.037773,18.788568],[99.038051,18.788553],[99.039393,18.789104],[99.040144,18.788943],[99.040457,18.788737],[99.040597,18.788608],[99.040654,18.788607],[99.04118,18.789181],[99.041539,18.78939],[99.041904,18.78936],[99.042209,18.789288],[99.042259,18.789209],[99.042309,18.789048],[99.042255,18.788908],[99.042312,18.788531],[99.042467,18.788228],[99.042998,18.787661],[99.04308,18.78745],[99.043031,18.786704],[99.04322,18.785813],[99.043346,18.785659],[99.043875,18.785325],[99.044048,18.785117],[99.044127,18.784842],[99.04411,18.784153],[99.044264,18.783641],[99.045054,18.782726],[99.045231,18.782382],[99.04539,18.78145],[99.045816,18.781085],[99.045961,18.78085],[99.045966,18.780669],[99.045587,18.779906],[99.045511,18.779532],[99.045612,18.779136],[99.045798,18.778705],[99.046034,18.778278],[99.0467,18.777323],[99.046764,18.776907],[99.046678,18.776551],[99.046528,18.776155],[99.046506,18.775779],[99.046646,18.775119],[99.046517,18.774855],[99.046453,18.774489],[99.046592,18.774154],[99.046925,18.773859],[99.047204,18.773412],[99.047322,18.772915],[99.047268,18.772447],[99.04732,18.772182],[99.047998,18.771005],[99.048416,18.769898],[99.048587,18.769645],[99.048586,18.768913],[99.048738,18.768588],[99.049038,18.768364],[99.049618,18.768131],[99.050337,18.768039],[99.050573,18.767958],[99.050734,18.767755],[99.050809,18.767308],[99.050775,18.766709],[99.050653,18.766003],[99.050645,18.765744],[99.050766,18.765479],[99.051066,18.765022],[99.051281,18.764403],[99.051302,18.763966],[99.051163,18.763468],[99.050948,18.763082],[99.050519,18.762818],[99.050212,18.762672],[99.050018,18.762464],[99.049953,18.762247],[99.050117,18.761921],[99.05028,18.761816],[99.05036,18.759816]]}},{"type":"Feature","properties":{"k":"waterway_stream"},"geometry":{"type":"LineString","coordinates":[[98.993721,18.803917],[98.993499,18.801854],[98.993615,18.800835],[98.993709,18.800267],[98.993773,18.800065],[98.994219,18.797209],[98.994273,18.796633],[98.994226,18.79591],[98.99427,18.795766],[98.994553,18.795282],[98.994631,18.794909],[98.994568,18.79444],[98.994606,18.794118],[98.994773,18.793851],[98.995084,18.793576],[98.995229,18.792893],[98.995388,18.792741],[98.995703,18.792543],[98.996005,18.792463],[98.996149,18.79246],[98.996324,18.792355],[98.996486,18.792137],[98.996541,18.791959],[98.996576,18.791341],[98.99661,18.791256],[98.996971,18.790936],[98.997279,18.790771],[98.997743,18.790355]]}},{"type":"Feature","properties":{"k":"waterway_stream"},"geometry":{"type":"LineString","coordinates":[[98.947279,18.810326],[98.948201,18.80994],[98.94862,18.809897],[98.948862,18.809756],[98.94897,18.809519],[98.949528,18.808811]]}},{"type":"Feature","properties":{"k":"waterway_river"},"geometry":{"type":"LineString","coordinates":[[99.05036,18.759816],[99.050416,18.75955],[99.050568,18.759309],[99.050781,18.759182],[99.051063,18.759115],[99.051589,18.75911],[99.052119,18.759057],[99.052321,18.758963],[99.052606,18.758662],[99.05267,18.758452],[99.052716,18.758107],[99.052692,18.757832],[99.053045,18.757114],[99.053097,18.756612],[99.053052,18.756375],[99.052981,18.756195],[99.05289,18.75607],[99.052696,18.755649],[99.052687,18.755108],[99.05258,18.754743],[99.052581,18.754098],[99.052687,18.753816],[99.05286,18.75353],[99.053067,18.75337],[99.053244,18.753375],[99.05337,18.753523],[99.053514,18.753559],[99.053665,18.753525],[99.053928,18.753411],[99.054263,18.753497],[99.05488,18.753299],[99.055175,18.753274],[99.055433,18.753332],[99.055722,18.753556],[99.055966,18.753591],[99.056186,18.753533],[99.056347,18.753408],[99.056465,18.753142],[99.056473,18.752928],[99.056425,18.752639],[99.056422,18.752344],[99.056771,18.751686],[99.056682,18.751514],[99.056471,18.75131],[99.056288,18.751079],[99.05628,18.75099],[99.056669,18.750259],[99.056814,18.750084],[99.057259,18.749878],[99.057395,18.749629]]}},{"type":"Feature","properties":{"k":"waterway_canal"},"geometry":{"type":"LineString","coordinates":[[98.954391,18.837525],[98.954745,18.83754],[98.956108,18.8372],[98.956489,18.837063]]}},{"type":"Feature","properties":{"k":"waterway_stream"},"geometry":{"type":"LineString","coordinates":[[98.955094,18.838129],[98.955035,18.837936],[98.955105,18.837769],[98.955325,18.837683],[98.956001,18.837556],[98.956575,18.837317],[98.956875,18.837353],[98.957208,18.837464],[98.957439,18.837608]]}},{"type":"Feature","properties":{"k":"waterway_canal"},"geometry":{"type":"LineString","coordinates":[[98.943154,18.748882],[98.943737,18.746246],[98.943813,18.746045],[98.943979,18.745824],[98.944228,18.745634],[98.94718,18.743767],[98.947276,18.743681],[98.947373,18.743533],[98.947518,18.743223],[98.947684,18.742969],[98.947877,18.742811],[98.94927,18.742142],[98.949477,18.742017],[98.950377,18.741309],[98.955424,18.738952],[98.956042,18.738501]]}},{"type":"Feature","properties":{"k":"waterway_stream"},"geometry":{"type":"LineString","coordinates":[[98.930104,18.730137],[98.930227,18.730221],[98.930369,18.730269],[98.930477,18.730272],[98.930522,18.730322],[98.930678,18.730587],[98.931583,18.731842]]}},{"type":"Feature","properties":{"k":"waterway_canal"},"geometry":{"type":"LineString","coordinates":[[98.96362,18.752717],[98.963615,18.750767],[98.963289,18.749493]]}},{"type":"Feature","properties":{"k":"waterway_canal"},"geometry":{"type":"LineString","coordinates":[[98.964905,18.840323],[98.964819,18.839931]]}},{"type":"Feature","properties":{"k":"waterway_stream"},"geometry":{"type":"LineString","coordinates":[[99.0499,18.76026],[99.049926,18.759537],[99.050077,18.758734],[99.050036,18.758244],[99.050173,18.757708],[99.050189,18.756925],[99.05016,18.75624],[99.05009,18.755821],[99.049945,18.755417],[99.049932,18.75522],[99.050058,18.754787],[99.050085,18.754575],[99.05004,18.754395],[99.049935,18.754339],[99.049889,18.75423],[99.049986,18.75282],[99.049969,18.752171],[99.050074,18.751543],[99.050037,18.75135],[99.049948,18.751235],[99.049934,18.750752],[99.049999,18.750457],[99.050243,18.750168],[99.050385,18.750081],[99.050509,18.749874],[99.050575,18.749045],[99.050632,18.748735],[99.051069,18.747465],[99.051485,18.746483]]}},{"type":"Feature","properties":{"k":"waterway_river"},"geometry":{"type":"LineString","coordinates":[[99.053006,18.742586],[99.053113,18.742431],[99.053435,18.742098],[99.053985,18.741379],[99.05428,18.741179],[99.05432,18.741024],[99.054275,18.740793],[99.054337,18.740407]]}},{"type":"Feature","properties":{"k":"waterway_stream"},"geometry":{"type":"LineString","coordinates":[[98.980874,18.753358],[98.980127,18.753454],[98.979947,18.753615],[98.979805,18.753652],[98.979376,18.753413],[98.979263,18.753276],[98.979231,18.753073],[98.979268,18.751625],[98.979317,18.751514],[98.97951,18.751417],[98.979596,18.75126],[98.979724,18.750533],[98.980052,18.749159],[98.980043,18.748543],[98.979966,18.748208],[98.979888,18.74738],[98.979857,18.747262],[98.979609,18.747],[98.979462,18.746302],[98.979354,18.745511],[98.979415,18.744345],[98.979282,18.7439],[98.979125,18.743587],[98.978827,18.743152],[98.97868,18.742234],[98.978455,18.741139],[98.978354,18.740761],[98.978225,18.740658],[98.978161,18.740503],[98.978097,18.740015],[98.978089,18.739439],[98.978024,18.738954],[98.977779,18.738466],[98.9777,18.738226],[98.977689,18.737665],[98.977594,18.73729],[98.977464,18.736513],[98.977536,18.735465],[98.977571,18.735188],[98.977718,18.735144],[98.978101,18.735141],[98.978172,18.735118],[98.978275,18.735016],[98.978417,18.734778],[98.978586,18.733908],[98.978543,18.733754],[98.978254,18.73355],[98.978184,18.733376],[98.977918,18.733217],[98.978008,18.733037],[98.978039,18.732841],[98.977981,18.732688],[98.977822,18.732421],[98.977964,18.732032],[98.978035,18.731922],[98.978125,18.731877],[98.978191,18.731626],[98.978298,18.731585],[98.97886,18.731045],[98.978892,18.730925],[98.97889,18.730704],[98.978992,18.730647],[98.979277,18.730744],[98.9794,18.730744],[98.979758,18.730672],[98.979844,18.730587],[98.980087,18.730182],[98.980115,18.730056],[98.980105,18.729779],[98.980014,18.729507],[98.980046,18.729431],[98.980213,18.729279],[98.980261,18.729131],[98.980422,18.729004],[98.980481,18.728918],[98.980634,18.728882],[98.981168,18.72889],[98.981838,18.728763],[98.981956,18.728778],[98.982257,18.728946],[98.982396,18.728936],[98.982659,18.728844],[98.982911,18.728824],[98.983024,18.728875],[98.983099,18.729632],[98.98304,18.729799],[98.982884,18.729921],[98.982879,18.730079],[98.982911,18.730211],[98.982841,18.730277],[98.98258,18.730334],[98.982294,18.730658],[98.982283,18.73081],[98.982069,18.731166],[98.98187,18.731334],[98.981699,18.731395],[98.98157,18.731506],[98.981506,18.731628],[98.981241,18.731954],[98.981087,18.732329],[98.980948,18.732395],[98.980594,18.732472],[98.980439,18.732704],[98.98018,18.732832],[98.980002,18.733006],[98.979701,18.733484],[98.979668,18.733585],[98.97975,18.733979],[98.979664,18.73429],[98.979646,18.734469],[98.979788,18.734779],[98.979799,18.735275],[98.979938,18.735815],[98.979934,18.735892],[98.97986,18.736013],[98.979559,18.736275],[98.979376,18.736509],[98.979335,18.736677],[98.979337,18.737121],[98.979398,18.737397],[98.979321,18.738009],[98.979357,18.738113],[98.979736,18.738615],[98.980313,18.739205]]}},{"type":"Feature","properties":{"k":"waterway_stream"},"geometry":{"type":"LineString","coordinates":[[98.96435,18.761302],[98.964329,18.755872]]}},{"type":"Feature","properties":{"k":"waterway_stream"},"geometry":{"type":"LineString","coordinates":[[98.964339,18.755019],[98.964334,18.754927],[98.963599,18.753744],[98.963589,18.753652]]}},{"type":"Feature","properties":{"k":"waterway_stream"},"geometry":{"type":"LineString","coordinates":[[98.964726,18.762871],[98.96433,18.762881]]}},{"type":"Feature","properties":{"k":"waterway_stream"},"geometry":{"type":"LineString","coordinates":[[98.963642,18.767758],[98.964028,18.767742],[98.964352,18.767335]]}},{"type":"Feature","properties":{"k":"waterway_canal"},"geometry":{"type":"LineString","coordinates":[[99.01968,18.760906],[99.024197,18.750444],[99.024255,18.750106]]}},{"type":"Feature","properties":{"k":"waterway_stream"},"geometry":{"type":"LineString","coordinates":[[99.054337,18.740407],[99.054352,18.740367],[99.054534,18.740275],[99.054689,18.740133],[99.054975,18.740058]]}},{"type":"Feature","properties":{"k":"waterway_stream"},"geometry":{"type":"LineString","coordinates":[[98.977263,18.781646],[98.977217,18.781379]]}},{"type":"Feature","properties":{"k":"waterway_stream"},"geometry":{"type":"LineString","coordinates":[[98.932622,18.824387],[98.933163,18.824579],[98.934039,18.824736],[98.934496,18.824737],[98.936076,18.82448],[98.936394,18.824227],[98.937125,18.823444],[98.937669,18.823029],[98.938127,18.822916],[98.938769,18.822854],[98.939351,18.822446],[98.940443,18.82217],[98.941735,18.821963],[98.942873,18.822303],[98.943056,18.822301],[98.943684,18.822502],[98.944118,18.822866],[98.945237,18.822804],[98.945902,18.82294],[98.94658,18.823439]]}},{"type":"Feature","properties":{"k":"waterway_canal"},"geometry":{"type":"LineString","coordinates":[[98.957235,18.815977],[98.957295,18.815902],[98.957339,18.815608],[98.957409,18.815445],[98.957477,18.815417],[98.95755,18.815274],[98.957482,18.815094],[98.957485,18.814961],[98.957668,18.8149],[98.957759,18.814659],[98.958129,18.814309],[98.958128,18.814108],[98.958298,18.81396],[98.958365,18.813805],[98.958606,18.813708],[98.958866,18.813403],[98.958921,18.813348],[98.958987,18.813342],[98.959084,18.813224],[98.959185,18.812901],[98.95931,18.812691],[98.959501,18.811772],[98.959748,18.810981],[98.959829,18.810427],[98.959962,18.810444],[98.960163,18.810393]]}},{"type":"Feature","properties":{"k":"waterway_canal"},"geometry":{"type":"LineString","coordinates":[[99.024902,18.750316],[99.024618,18.750763],[99.022917,18.754643],[99.021979,18.756839],[99.020273,18.761013]]}},{"type":"Feature","properties":{"k":"waterway_stream"},"geometry":{"type":"LineString","coordinates":[[98.950944,18.7707],[98.950687,18.769802],[98.950629,18.769396],[98.950508,18.76898],[98.950355,18.768519],[98.950188,18.768196],[98.950071,18.768049],[98.94555,18.763586],[98.945381,18.763345],[98.944904,18.761473],[98.944765,18.761026],[98.943968,18.758995],[98.943955,18.758687],[98.944102,18.757887],[98.944086,18.757544],[98.943461,18.755863],[98.942404,18.75319],[98.942359,18.753011],[98.942332,18.752818],[98.942351,18.752432],[98.943092,18.749189]]}},{"type":"Feature","properties":{"k":"waterway_stream"},"geometry":{"type":"LineString","coordinates":[[98.965779,18.770045],[98.965749,18.76781]]}},{"type":"Feature","properties":{"k":"waterway_stream"},"geometry":{"type":"LineString","coordinates":[[99.038256,18.769589],[99.038527,18.770038],[99.038562,18.770051],[99.038867,18.769962],[99.039117,18.770531],[99.039178,18.770531],[99.039288,18.770848]]}},{"type":"Feature","properties":{"k":"waterway_canal"},"geometry":{"type":"LineString","coordinates":[[99.03699,18.77611],[99.037036,18.776248],[99.037035,18.776981],[99.037274,18.777217],[99.037412,18.777421],[99.03757,18.777488],[99.037666,18.777879],[99.037692,18.778135],[99.037743,18.778165],[99.037907,18.778417],[99.037995,18.778624],[99.038052,18.778688],[99.03816,18.778706],[99.038489,18.778656],[99.038594,18.778686],[99.038712,18.778765],[99.03895,18.778843],[99.038999,18.778878],[99.039041,18.778995]]}},{"type":"Feature","properties":{"k":"waterway_stream"},"geometry":{"type":"LineString","coordinates":[[99.038004,18.774019],[99.038168,18.773965],[99.038407,18.774031],[99.038487,18.77396],[99.038645,18.774006],[99.038726,18.773991],[99.038795,18.774024],[99.038876,18.774016],[99.038975,18.774064]]}},{"type":"Feature","properties":{"k":"waterway_stream"},"geometry":{"type":"LineString","coordinates":[[99.037945,18.776225],[99.037859,18.776269],[99.037762,18.776225]]}},{"type":"Feature","properties":{"k":"waterway_stream"},"geometry":{"type":"LineString","coordinates":[[99.037453,18.775685],[99.03743,18.775758],[99.037454,18.77583],[99.037425,18.775878],[99.037454,18.775923],[99.037432,18.776062]]}},{"type":"Feature","properties":{"k":"waterway_canal"},"geometry":{"type":"LineString","coordinates":[[98.926751,18.757304],[98.926735,18.756967],[98.926579,18.756835],[98.926461,18.756543],[98.926703,18.756228],[98.927658,18.755715],[98.927658,18.755585],[98.92754,18.75532],[98.927502,18.75509],[98.927566,18.754948],[98.927749,18.7548],[98.928033,18.754668],[98.928613,18.754531],[98.928698,18.754419],[98.928768,18.753591],[98.928849,18.753271],[98.928956,18.753144],[98.929114,18.753114],[98.929565,18.753129],[98.929758,18.753088],[98.930045,18.75301],[98.930605,18.752786],[98.93074,18.752636],[98.930814,18.752427],[98.930792,18.752128],[98.930704,18.751775],[98.930564,18.75145],[98.930597,18.751297],[98.930908,18.751124],[98.930919,18.751003],[98.931079,18.75085],[98.931478,18.750622],[98.931957,18.750721],[98.932048,18.750625],[98.932164,18.750367],[98.932197,18.750206],[98.93189,18.74976],[98.931855,18.749531],[98.931929,18.749294],[98.932079,18.749042],[98.932088,18.748859],[98.93212,18.74881],[98.932281,18.748727],[98.932862,18.749081],[98.932997,18.749194],[98.933335,18.749133],[98.933529,18.749026],[98.933679,18.748881],[98.933953,18.748987],[98.93413,18.748974],[98.934566,18.749016],[98.934695,18.74892],[98.934985,18.748463],[98.935082,18.748399],[98.935178,18.748361],[98.935539,18.748357],[98.935628,18.74832],[98.935963,18.74792],[98.93608,18.747902],[98.936238,18.747925],[98.936408,18.747964],[98.936646,18.748073],[98.936742,18.748063],[98.937109,18.747633],[98.938107,18.747],[98.938718,18.746824],[98.939405,18.746888],[98.939714,18.74697],[98.940067,18.74722],[98.940251,18.747247],[98.940341,18.747215],[98.940448,18.746996],[98.940515,18.746481],[98.940512,18.746265]]}},{"type":"Feature","properties":{"k":"waterway_river"},"geometry":{"type":"LineString","coordinates":[[99.069231,18.857544],[99.068774,18.857641],[99.068584,18.857601],[99.068237,18.857448],[99.067922,18.857378],[99.067661,18.857354],[99.067444,18.85717],[99.067036,18.856663],[99.066172,18.855696],[99.066065,18.855432],[99.066017,18.855118],[99.065903,18.854936],[99.065623,18.854707],[99.06535,18.85455],[99.065158,18.854503],[99.064836,18.854534],[99.064418,18.854447],[99.064309,18.854327],[99.064193,18.854077],[99.064137,18.853809],[99.063844,18.853447],[99.063681,18.853357],[99.063254,18.853447],[99.062846,18.853437],[99.062589,18.853341],[99.062335,18.853068],[99.061988,18.852595],[99.061827,18.852265],[99.061602,18.852046],[99.061044,18.851605],[99.060913,18.851423],[99.060422,18.851062],[99.06018,18.850803],[99.059996,18.850484],[99.059754,18.85024],[99.0594,18.850027],[99.059172,18.849772],[99.059054,18.849554],[99.058828,18.848955],[99.058687,18.848306],[99.058565,18.848157],[99.05826,18.84797],[99.057675,18.847523],[99.057364,18.847249],[99.057149,18.846985],[99.056952,18.846821],[99.056645,18.846675],[99.055808,18.846462],[99.055599,18.84637],[99.055341,18.846061],[99.055042,18.845821],[99.054698,18.845472],[99.054372,18.844905],[99.054192,18.844794],[99.053851,18.844686],[99.053562,18.844475],[99.053463,18.844274],[99.053452,18.844062],[99.053378,18.843873],[99.053142,18.843705],[99.05288,18.843597],[99.05236,18.843242],[99.052112,18.842832],[99.052015,18.842416],[99.050894,18.841288],[99.050665,18.840983],[99.050438,18.840832],[99.050155,18.840572],[99.049816,18.840126],[99.049747,18.839947],[99.049795,18.839674],[99.049876,18.839536],[99.050292,18.839405],[99.050361,18.839239],[99.050326,18.838938]]}},{"type":"Feature","properties":{"k":"waterway_river"},"geometry":{"type":"LineString","coordinates":[[99.050326,18.838938],[99.050336,18.838864],[99.050547,18.83864],[99.050678,18.838437],[99.050744,18.838169],[99.050833,18.837983],[99.05092,18.837914],[99.050929,18.837778],[99.050763,18.837389],[99.050748,18.837239],[99.050793,18.837122],[99.051024,18.836881],[99.051594,18.836402],[99.051786,18.836045],[99.052057,18.835799],[99.052156,18.835668],[99.05217,18.835546],[99.052099,18.835318],[99.051914,18.835092],[99.05175,18.834655],[99.051557,18.834475],[99.051112,18.834148],[99.051058,18.833995],[99.051114,18.833683],[99.051106,18.833366],[99.051144,18.833262],[99.051315,18.833132],[99.051718,18.832982],[99.052297,18.83268],[99.05242,18.832569],[99.052463,18.832462],[99.052474,18.832343],[99.05227,18.831875],[99.052193,18.831589],[99.052128,18.831162],[99.05205,18.83087],[99.051959,18.83005],[99.051899,18.829828]]}},{"type":"Feature","properties":{"k":"waterway_stream"},"geometry":{"type":"LineString","coordinates":[[99.067368,18.834622],[99.066821,18.834033],[99.066596,18.833576],[99.066515,18.833277],[99.066397,18.833018],[99.066327,18.832439],[99.065601,18.830383],[99.06541,18.830317],[99.064847,18.830032],[99.064188,18.829663],[99.06388,18.829363],[99.063693,18.829093],[99.06364,18.828961],[99.063661,18.828783],[99.063634,18.828529],[99.063579,18.828403],[99.063318,18.828331],[99.063168,18.828235],[99.062967,18.828037],[99.06279,18.827936],[99.062079,18.827859],[99.061864,18.827925],[99.061687,18.828042],[99.061414,18.828372],[99.061299,18.828464],[99.061149,18.828479],[99.06058,18.828378],[99.060502,18.828337],[99.060443,18.828245],[99.060459,18.828007],[99.060378,18.827763],[99.060131,18.827433],[99.059732,18.826677],[99.059477,18.826311],[99.059359,18.825671],[99.059268,18.825442],[99.058941,18.82497],[99.058828,18.824853],[99.058485,18.824732],[99.058383,18.824488],[99.05827,18.824315],[99.058045,18.824209],[99.057439,18.824],[99.057042,18.823406],[99.056843,18.823244],[99.056637,18.823224],[99.056342,18.823321],[99.05613,18.823356],[99.055905,18.823234],[99.055652,18.822812],[99.055524,18.82267],[99.05532,18.822563],[99.055207,18.822437],[99.055213,18.822223],[99.055258,18.822082],[99.055164,18.821959],[99.054979,18.821929],[99.054781,18.821965],[99.054633,18.822025],[99.054547,18.822],[99.054456,18.821802],[99.054403,18.821584],[99.054322,18.821436],[99.053912,18.821142],[99.053909,18.82105],[99.05407,18.820847],[99.054091,18.820746],[99.054078,18.820609],[99.053998,18.820528],[99.053517,18.820329],[99.053169,18.820268],[99.05297,18.82035],[99.052799,18.820472],[99.052557,18.820487],[99.052402,18.820436],[99.052117,18.820131],[99.05179,18.819898],[99.051575,18.819679],[99.051221,18.819065],[99.051184,18.818852],[99.051173,18.818303],[99.0512,18.817841],[99.051173,18.817714],[99.050937,18.817521],[99.050132,18.81711],[99.050004,18.817014],[99.049961,18.816922],[99.049923,18.816765],[99.049988,18.815582],[99.049955,18.815434],[99.049591,18.814957],[99.049521,18.814795],[99.049494,18.814612],[99.049505,18.813972],[99.049617,18.813551],[99.049612,18.813419],[99.049575,18.813312],[99.049242,18.812967],[99.049167,18.812809],[99.049172,18.812591],[99.049223,18.81247],[99.049564,18.81221],[99.049634,18.812053],[99.049639,18.811921],[99.049575,18.811768],[99.049395,18.811611],[99.049301,18.811321],[99.049435,18.810778],[99.049644,18.810275],[99.049671,18.810098],[99.049516,18.809367],[99.049558,18.80925],[99.049693,18.809118],[99.050057,18.80895],[99.050138,18.808859],[99.05017,18.808696],[99.050063,18.808133],[99.050127,18.80796],[99.050275,18.807833]]}},{"type":"Feature","properties":{"k":"waterway_river"},"geometry":{"type":"LineString","coordinates":[[98.904426,18.734216],[98.904121,18.733129],[98.904146,18.732992],[98.904281,18.732808],[98.904297,18.73269],[98.904274,18.732595],[98.904034,18.732217],[98.903955,18.731972],[98.903896,18.731367],[98.903908,18.731051],[98.904097,18.730341],[98.904206,18.730127],[98.904274,18.729769],[98.904441,18.729397],[98.904896,18.728874]]}},{"type":"Feature","properties":{"k":"waterway_canal"},"geometry":{"type":"LineString","coordinates":[[99.044689,18.766793],[99.044124,18.767883]]}},{"type":"Feature","properties":{"k":"waterway_stream"},"geometry":{"type":"LineString","coordinates":[[98.993269,18.767339],[98.993132,18.767357],[98.993097,18.767388],[98.993143,18.767562],[98.993036,18.76773],[98.992928,18.768588],[98.992869,18.769716]]}},{"type":"Feature","properties":{"k":"waterway_stream"},"geometry":{"type":"LineString","coordinates":[[98.970852,18.805741],[98.97102,18.805919]]}},{"type":"Feature","properties":{"k":"waterway_stream"},"geometry":{"type":"LineString","coordinates":[[98.95163,18.735065],[98.951438,18.734994],[98.951331,18.735009],[98.951239,18.735065],[98.950966,18.734974],[98.950793,18.735044],[98.950649,18.734989],[98.95058,18.734918],[98.950381,18.734989],[98.950322,18.734963],[98.949904,18.735329],[98.949791,18.735395],[98.949515,18.735792],[98.949434,18.735853]]}},{"type":"Feature","properties":{"k":"waterway_canal"},"geometry":{"type":"LineString","coordinates":[[98.961361,18.771016],[98.96136,18.767403],[98.960919,18.76686],[98.960824,18.766409],[98.960866,18.765538],[98.961341,18.765086],[98.961357,18.759729],[98.96113,18.756259]]}},{"type":"Feature","properties":{"k":"waterway_stream"},"geometry":{"type":"LineString","coordinates":[[98.947731,18.819803],[98.948284,18.819848]]}},{"type":"Feature","properties":{"k":"waterway_stream"},"geometry":{"type":"LineString","coordinates":[[98.950725,18.856524],[98.950818,18.856415],[98.950866,18.856305],[98.950859,18.856255],[98.950799,18.856196],[98.95091,18.855841],[98.951076,18.855711],[98.951138,18.855569],[98.951132,18.855427],[98.950807,18.855016],[98.950775,18.854887],[98.950792,18.854765],[98.950982,18.854546],[98.951028,18.854364],[98.95103,18.854222],[98.950874,18.853597],[98.950996,18.853376],[98.951012,18.853067],[98.951097,18.852856],[98.951175,18.852744],[98.951312,18.852688],[98.951556,18.852498],[98.951611,18.852386],[98.951765,18.852285],[98.951905,18.852072],[98.951937,18.851965],[98.951859,18.851655],[98.951859,18.851546],[98.951924,18.851462],[98.951993,18.851412],[98.952302,18.851379],[98.952546,18.851455],[98.952752,18.851353],[98.952819,18.851282],[98.952935,18.851018],[98.953128,18.85079],[98.953224,18.850569],[98.953444,18.85048],[98.95349,18.850434],[98.953605,18.850101],[98.953755,18.850004],[98.954029,18.850005],[98.954222,18.849809],[98.954484,18.849798],[98.954804,18.849934],[98.955149,18.850218],[98.955256,18.850239],[98.955385,18.850198],[98.95568,18.85002],[98.955975,18.849726],[98.956109,18.84965],[98.95627,18.849629],[98.956801,18.849701],[98.957192,18.84997],[98.957348,18.849975],[98.957477,18.849929],[98.957546,18.849777],[98.957563,18.84965],[98.957959,18.849305],[98.95826,18.848975],[98.95833,18.848807],[98.958319,18.848639],[98.958373,18.848507],[98.958743,18.848309],[98.958968,18.847969],[98.959107,18.847858],[98.959494,18.847655]]}},{"type":"Feature","properties":{"k":"waterway_canal"},"geometry":{"type":"LineString","coordinates":[[99.02059,18.817632],[99.022216,18.817744]]}},{"type":"Feature","properties":{"k":"waterway_canal"},"geometry":{"type":"LineString","coordinates":[[98.956005,18.813061],[98.955908,18.812658],[98.956021,18.812494],[98.956475,18.812517],[98.956558,18.812462],[98.956567,18.812352],[98.956618,18.812319],[98.957181,18.812398],[98.957241,18.812344],[98.957301,18.812198],[98.95742,18.812165],[98.9575,18.812096],[98.957635,18.811861],[98.957634,18.811797],[98.957572,18.811746],[98.95755,18.811632],[98.957566,18.811528],[98.957497,18.811106],[98.957623,18.81075],[98.957649,18.810543],[98.957933,18.810545],[98.957959,18.810481],[98.957928,18.810229],[98.958025,18.809939],[98.958255,18.809555],[98.958666,18.809083],[98.958707,18.808968],[98.958669,18.808819],[98.958695,18.80876],[98.958942,18.808471],[98.959104,18.808432],[98.960249,18.808635],[98.960379,18.808706],[98.960682,18.808521],[98.96102,18.808215],[98.961317,18.808021],[98.961544,18.807771],[98.961679,18.807508],[98.961949,18.807252],[98.96212,18.807]]}},{"type":"Feature","properties":{"k":"waterway_stream"},"geometry":{"type":"LineString","coordinates":[[99.03722,18.797956],[99.037821,18.798134],[99.037923,18.798205],[99.038127,18.798508],[99.038218,18.798538],[99.038835,18.798591],[99.038889,18.798626],[99.0389,18.799195],[99.038937,18.799259],[99.039817,18.799312],[99.039918,18.799396],[99.039962,18.79949],[99.039972,18.799749],[99.04001,18.799906],[99.040439,18.801226],[99.040922,18.801257],[99.040906,18.801988],[99.041034,18.80259],[99.04112,18.80275],[99.041244,18.802831],[99.041941,18.802897],[99.042279,18.803083],[99.042547,18.803322],[99.042934,18.803364],[99.043674,18.803562]]}},{"type":"Feature","properties":{"k":"waterway_stream"},"geometry":{"type":"LineString","coordinates":[[98.977045,18.833614],[98.977606,18.83368],[98.978107,18.833792],[98.978249,18.833876],[98.978571,18.834191],[98.978917,18.834417],[98.979054,18.834571],[98.979215,18.834856],[98.97859,18.835838],[98.978424,18.836031],[98.978231,18.836333],[98.977992,18.836536]]}},{"type":"Feature","properties":{"k":"waterway_stream"},"geometry":{"type":"LineString","coordinates":[[98.985361,18.758923],[98.985403,18.758742],[98.985333,18.758315],[98.985057,18.757584],[98.985029,18.75698],[98.985045,18.756856],[98.985172,18.75655],[98.985119,18.75639],[98.985021,18.756223],[98.984703,18.755842],[98.984496,18.755283],[98.983674,18.753657],[98.983507,18.753403],[98.983313,18.753241],[98.983013,18.752697],[98.983136,18.751867],[98.983199,18.751709],[98.983201,18.75162],[98.983102,18.751318],[98.983068,18.7511],[98.983132,18.750785],[98.983103,18.750432],[98.982776,18.748842],[98.982321,18.747322],[98.982159,18.746539],[98.981923,18.745752],[98.981762,18.74506],[98.981697,18.744901],[98.981516,18.744677],[98.98142,18.744621],[98.981232,18.744585],[98.981162,18.744504],[98.981135,18.744377],[98.981173,18.744285],[98.981178,18.744148],[98.981151,18.744031],[98.981275,18.743485],[98.981254,18.743246],[98.980975,18.74277],[98.980809,18.742247],[98.980649,18.742127],[98.980604,18.742053]]}},{"type":"Feature","properties":{"k":"waterway_stream"},"geometry":{"type":"LineString","coordinates":[[98.998638,18.781056],[98.998346,18.779789],[98.998247,18.779596],[98.997268,18.778597],[98.995974,18.777629],[98.995512,18.776992],[98.99482,18.776263],[98.994396,18.775481],[98.994278,18.775412],[98.99406,18.775171],[98.993549,18.774714],[98.993136,18.77446],[98.99269,18.773954],[98.992226,18.773746],[98.991717,18.773322],[98.990376,18.772745],[98.990249,18.772658],[98.99021,18.772597],[98.990102,18.772334],[98.990095,18.772245],[98.99022,18.771746],[98.990315,18.770973],[98.990238,18.768652],[98.990133,18.768168],[98.989944,18.767769],[98.989683,18.766979],[98.98955,18.766676],[98.989414,18.766666],[98.988821,18.767089],[98.988635,18.767188],[98.988544,18.767198],[98.988404,18.767136],[98.988231,18.766911],[98.988052,18.76656],[98.987805,18.766176],[98.987667,18.765988],[98.987573,18.765934],[98.987443,18.765896],[98.987028,18.765909],[98.986755,18.765865],[98.986478,18.765772],[98.98601,18.765557],[98.98559,18.765409],[98.985276,18.765339],[98.984903,18.765155],[98.984696,18.765089],[98.98451,18.765078],[98.984296,18.765163],[98.984138,18.765189],[98.98355,18.764876],[98.983358,18.764873],[98.983112,18.764919],[98.982918,18.764856],[98.982655,18.764562],[98.982561,18.764195],[98.98214,18.763845],[98.981781,18.763701],[98.981487,18.76315],[98.981482,18.762942],[98.981408,18.762817],[98.980714,18.762609],[98.980572,18.762504],[98.980492,18.762387],[98.980472,18.762221],[98.980503,18.76215],[98.980578,18.762084],[98.980792,18.762059],[98.980894,18.761993],[98.980953,18.761906],[98.98098,18.761779],[98.980948,18.761414],[98.980985,18.761302],[98.981404,18.761246],[98.981517,18.761165],[98.981554,18.761038],[98.981468,18.760667],[98.981479,18.76055],[98.981549,18.760444],[98.981871,18.760398],[98.982112,18.760291],[98.982176,18.76023],[98.982182,18.760149],[98.982048,18.759819],[98.981838,18.759605],[98.981864,18.759399],[98.981998,18.759159],[98.982207,18.758977],[98.982421,18.758819],[98.9827,18.758731],[98.982749,18.758692],[98.982824,18.758549],[98.982807,18.758017],[98.982845,18.757874],[98.983017,18.757655],[98.983108,18.757406],[98.983088,18.757228],[98.982777,18.756944],[98.982638,18.756771],[98.982622,18.756559],[98.982667,18.756315],[98.982864,18.755823],[98.982874,18.755579],[98.982675,18.755324],[98.982504,18.755232],[98.982235,18.755212],[98.982107,18.755131],[98.982133,18.754821],[98.982015,18.754699],[98.981463,18.754338],[98.981372,18.753983],[98.981221,18.7538],[98.981002,18.753632],[98.9809,18.753505],[98.980867,18.753378],[98.980975,18.753174],[98.980932,18.752799],[98.981007,18.752616],[98.981114,18.752454],[98.981173,18.7519],[98.981427,18.751371],[98.981338,18.750697],[98.981201,18.750341],[98.981156,18.74992],[98.981171,18.749844],[98.981355,18.749679],[98.981413,18.749587],[98.981455,18.749404],[98.981436,18.749309],[98.981164,18.748736],[98.981136,18.748179],[98.981013,18.747849],[98.980996,18.747717],[98.980985,18.746815],[98.981055,18.746355],[98.981062,18.746047],[98.980911,18.745174],[98.980888,18.744889],[98.980585,18.744434],[98.980561,18.744295],[98.98059,18.743652],[98.980502,18.743387],[98.980412,18.742891],[98.980386,18.742333],[98.980343,18.742125],[98.98037,18.742087],[98.980604,18.742053],[98.980538,18.741883],[98.980559,18.74119],[98.980134,18.740206],[98.980078,18.739925],[98.980103,18.739851],[98.980375,18.7396],[98.980655,18.739364],[98.980969,18.739151]]}},{"type":"Feature","properties":{"k":"waterway_stream"},"geometry":{"type":"LineString","coordinates":[[98.98137,18.842223],[98.981578,18.840772],[98.981723,18.840329],[98.981755,18.8403],[98.981832,18.840301],[98.982026,18.840369],[98.982187,18.840166],[98.982404,18.839994],[98.982632,18.83993],[98.982836,18.839783],[98.983496,18.839595],[98.983555,18.839504],[98.983756,18.839468],[98.984091,18.839344],[98.984392,18.83907],[98.984885,18.838856],[98.98521,18.838775],[98.985481,18.838763],[98.985596,18.838625],[98.985898,18.838061],[98.986345,18.837441],[98.98668,18.83687]]}},{"type":"Feature","properties":{"k":"waterway_stream"},"geometry":{"type":"LineString","coordinates":[[98.98668,18.83687],[98.986692,18.836715],[98.986635,18.83661],[98.986406,18.836386],[98.986335,18.83584],[98.986564,18.835283],[98.986755,18.834993],[98.986844,18.834685],[98.987036,18.833726],[98.987042,18.833637],[98.986959,18.833515],[98.986945,18.833425],[98.987007,18.83186],[98.987082,18.831434],[98.987098,18.830791],[98.986977,18.829764],[98.98698,18.829497],[98.987146,18.829002],[98.987238,18.82857],[98.987205,18.827776],[98.986849,18.826075],[98.98666,18.82537],[98.986432,18.824845],[98.985612,18.823721],[98.985588,18.823578],[98.985609,18.823415],[98.986044,18.822018],[98.986843,18.81956],[98.986961,18.819029],[98.987098,18.818169],[98.987187,18.817849],[98.987573,18.81728],[98.987795,18.817014],[98.98801,18.816819],[98.988222,18.816404],[98.988388,18.816054],[98.988404,18.815922],[98.988362,18.815587],[98.988372,18.815435],[98.988436,18.815292],[98.989349,18.814181]]}},{"type":"Feature","properties":{"k":"waterway_stream"},"geometry":{"type":"LineString","coordinates":[[98.974659,18.808946],[98.975959,18.809658]]}},{"type":"Feature","properties":{"k":"waterway_stream"},"geometry":{"type":"LineString","coordinates":[[98.974162,18.808642],[98.974659,18.808946]]}},{"type":"Feature","properties":{"k":"waterway_canal"},"geometry":{"type":"LineString","coordinates":[[98.959549,18.867282],[98.959131,18.866401],[98.95893,18.86588],[98.958858,18.865563],[98.958856,18.865237],[98.958907,18.864859],[98.962158,18.856666],[98.962211,18.856487],[98.962226,18.856184],[98.961874,18.852877],[98.960613,18.849243],[98.959615,18.847372],[98.959508,18.847022],[98.959493,18.846737],[98.959803,18.845384],[98.959958,18.845109],[98.960099,18.844983],[98.964866,18.841884],[98.965026,18.841713],[98.965113,18.841566],[98.965122,18.841336],[98.964905,18.840323]]}},{"type":"Feature","properties":{"k":"waterway_stream"},"geometry":{"type":"LineString","coordinates":[[99.037462,18.767703],[99.037286,18.767057],[99.037531,18.766976]]}},{"type":"Feature","properties":{"k":"waterway_canal"},"geometry":{"type":"LineString","coordinates":[[98.963491,18.805184],[98.964087,18.80487],[98.964125,18.804824],[98.964125,18.804629],[98.964162,18.804568],[98.964299,18.80455],[98.964366,18.804479],[98.964665,18.804361],[98.964861,18.804185],[98.96503,18.804252],[98.965387,18.804604],[98.965517,18.804646],[98.965799,18.80448],[98.965945,18.804551],[98.966137,18.804563],[98.966353,18.804513],[98.967017,18.80428],[98.967475,18.804026]]}},{"type":"Feature","properties":{"k":"waterway_stream"},"geometry":{"type":"LineString","coordinates":[[98.877007,18.755014],[98.877148,18.754728],[98.877279,18.754559],[98.877519,18.754458],[98.878458,18.754305],[98.878791,18.754192],[98.879102,18.753976],[98.879382,18.753737],[98.879761,18.753839],[98.879992,18.753978],[98.880724,18.754285],[98.880846,18.754292],[98.880964,18.754262],[98.881882,18.753807],[98.882013,18.753605],[98.882103,18.753341],[98.882672,18.752078],[98.882988,18.751619],[98.883278,18.751407],[98.883685,18.751265],[98.884289,18.750862],[98.884966,18.750522],[98.885264,18.750405],[98.885632,18.750337],[98.886008,18.750185],[98.886306,18.750127],[98.886659,18.750152],[98.886892,18.750073],[98.887137,18.749891],[98.887221,18.749764],[98.887254,18.749627],[98.887183,18.748771],[98.887282,18.748537],[98.887599,18.748311],[98.887913,18.748209],[98.888137,18.748237],[98.888189,18.748306],[98.888235,18.748502],[98.888186,18.748715],[98.888251,18.748992],[98.888441,18.749246],[98.888613,18.749284],[98.888653,18.749251],[98.888792,18.748857],[98.88879,18.748557],[98.888825,18.74842],[98.889264,18.747826],[98.889256,18.747374],[98.889313,18.747224],[98.889393,18.747094],[98.889466,18.747039],[98.88949,18.746965],[98.889407,18.746015],[98.889503,18.744877],[98.889671,18.744605],[98.889873,18.744387],[98.890029,18.744323],[98.890123,18.744318],[98.890195,18.744359],[98.890823,18.745205],[98.891188,18.745548],[98.891661,18.745669],[98.891886,18.745657],[98.891987,18.745593],[98.892033,18.745515],[98.892022,18.745179],[98.892086,18.745054],[98.892269,18.744839],[98.892336,18.744692],[98.892301,18.744247],[98.892236,18.743998],[98.892204,18.743437],[98.892137,18.743224],[98.892027,18.743038],[98.891906,18.742888],[98.891654,18.742705],[98.890544,18.742563],[98.890176,18.742441],[98.890048,18.742365],[98.889914,18.742187],[98.889903,18.742068],[98.889981,18.741799],[98.890413,18.741435],[98.890486,18.741292],[98.89047,18.741149],[98.890162,18.740464],[98.88998,18.739863],[98.889715,18.739312],[98.889656,18.739128],[98.889668,18.738863],[98.889888,18.738124],[98.889898,18.7378],[98.889775,18.737308],[98.889571,18.736918],[98.889411,18.735861],[98.88931,18.735626],[98.889263,18.735382],[98.889322,18.735084],[98.889451,18.73495],[98.889583,18.734962],[98.889731,18.735108],[98.889895,18.735162],[98.890307,18.735391],[98.890608,18.735418],[98.891332,18.735561],[98.892168,18.73562],[98.892535,18.735753],[98.892998,18.736219],[98.8933,18.736386],[98.893581,18.73704],[98.893728,18.737295],[98.894018,18.737553],[98.894231,18.737812],[98.894374,18.737912],[98.894688,18.737936],[98.895254,18.738128],[98.895674,18.738217],[98.896329,18.738813],[98.896569,18.738933],[98.896891,18.738951],[98.897093,18.738866],[98.897378,18.738944],[98.897678,18.73888],[98.897854,18.738685],[98.898056,18.738713],[98.898296,18.738841],[98.898491,18.73899],[98.898558,18.739086],[98.898749,18.739068],[98.898824,18.738898],[98.898845,18.738679],[98.898916,18.73847],[98.898941,18.738172],[98.899023,18.73791],[98.899025,18.737712],[98.899081,18.737534],[98.899038,18.737344],[98.899096,18.737045],[98.899385,18.736767],[98.899767,18.736079],[98.900148,18.736009],[98.900482,18.735813],[98.900736,18.735608],[98.900965,18.735469],[98.901186,18.735413],[98.901315,18.735464],[98.901667,18.735494],[98.901836,18.735432],[98.902158,18.735145],[98.902385,18.735014],[98.902712,18.734885],[98.902747,18.734831],[98.90278,18.734459],[98.902668,18.734251],[98.902663,18.734173],[98.902839,18.733938],[98.902991,18.733355],[98.903284,18.733087],[98.90336,18.732957],[98.903291,18.732619],[98.903413,18.732229],[98.903311,18.732022],[98.903311,18.731856],[98.90352,18.731578],[98.903566,18.731284],[98.903695,18.730966],[98.903794,18.7309],[98.903966,18.730906]]}},{"type":"Feature","properties":{"k":"waterway_stream"},"geometry":{"type":"LineString","coordinates":[[98.919079,18.802783],[98.920148,18.802954]]}},{"type":"Feature","properties":{"k":"waterway_canal"},"geometry":{"type":"LineString","coordinates":[[99.022661,18.819319],[99.023825,18.819396]]}},{"type":"Feature","properties":{"k":"waterway_canal"},"geometry":{"type":"LineString","coordinates":[[98.99611,18.754459],[98.996719,18.753971],[98.996906,18.75372],[98.99696,18.753428],[98.997,18.752564],[98.997432,18.749425],[98.99751,18.749109],[98.997744,18.748618],[98.997772,18.748491],[98.997654,18.748253],[98.997542,18.74771],[98.997432,18.747553],[98.997094,18.747212],[98.996579,18.747093],[98.996019,18.746917],[98.99592,18.74683],[98.995424,18.74616],[98.995373,18.745931],[98.9954,18.745766],[98.995819,18.744864]]}},{"type":"Feature","properties":{"k":"waterway_stream"},"geometry":{"type":"LineString","coordinates":[[99.035469,18.758199],[99.035654,18.758455],[99.03608,18.759248]]}},{"type":"Feature","properties":{"k":"waterway_stream"},"geometry":{"type":"LineString","coordinates":[[99.033353,18.755192],[99.033594,18.755796],[99.033814,18.756566],[99.033999,18.757361],[99.034187,18.757724]]}},{"type":"Feature","properties":{"k":"waterway_stream"},"geometry":{"type":"LineString","coordinates":[[99.039175,18.742237],[99.039504,18.742251],[99.040218,18.742531],[99.040454,18.742775],[99.040642,18.7431],[99.040782,18.743249],[99.041013,18.743305]]}},{"type":"Feature","properties":{"k":"waterway_stream"},"geometry":{"type":"LineString","coordinates":[[99.038358,18.744113],[99.038674,18.743782],[99.038851,18.743645],[99.039136,18.743244],[99.039157,18.74302],[99.039175,18.742237],[99.039082,18.740389],[99.038955,18.738822],[99.038931,18.737483],[99.038819,18.736922],[99.038695,18.734746]]}},{"type":"Feature","properties":{"k":"waterway_stream"},"geometry":{"type":"LineString","coordinates":[[98.995303,18.838133],[98.996355,18.838768]]}},{"type":"Feature","properties":{"k":"waterway_stream"},"geometry":{"type":"LineString","coordinates":[[98.995295,18.838666],[98.996384,18.839347]]}},{"type":"Feature","properties":{"k":"waterway_stream"},"geometry":{"type":"LineString","coordinates":[[98.995324,18.838433],[98.996478,18.839093]]}},{"type":"Feature","properties":{"k":"waterway_stream"},"geometry":{"type":"LineString","coordinates":[[98.931583,18.731842],[98.931635,18.732029]]}},{"type":"Feature","properties":{"k":"waterway_stream"},"geometry":{"type":"LineString","coordinates":[[98.931635,18.732029],[98.9317,18.732431]]}},{"type":"Feature","properties":{"k":"waterway_stream"},"geometry":{"type":"LineString","coordinates":[[98.9317,18.732431],[98.93251,18.73235],[98.932783,18.732297],[98.933241,18.732143]]}},{"type":"Feature","properties":{"k":"waterway_stream"},"geometry":{"type":"LineString","coordinates":[[98.9317,18.732431],[98.931476,18.732589],[98.93141,18.732589],[98.931196,18.732378],[98.930992,18.732363],[98.930849,18.732471]]}},{"type":"Feature","properties":{"k":"waterway_stream"},"geometry":{"type":"LineString","coordinates":[[98.933278,18.734003],[98.932274,18.732771]]}},{"type":"Feature","properties":{"k":"waterway_stream"},"geometry":{"type":"LineString","coordinates":[[98.935632,18.731909],[98.932982,18.734265]]}},{"type":"Feature","properties":{"k":"waterway_stream"},"geometry":{"type":"LineString","coordinates":[[98.931869,18.729898],[98.931064,18.730104],[98.930522,18.730322]]}},{"type":"Feature","properties":{"k":"waterway_stream"},"geometry":{"type":"LineString","coordinates":[[99.007979,18.831581],[99.008419,18.831535],[99.008821,18.831704]]}},{"type":"Feature","properties":{"k":"waterway_stream"},"geometry":{"type":"LineString","coordinates":[[99.038866,18.824671],[99.038712,18.824412],[99.038674,18.824127],[99.03855,18.823828],[99.038378,18.823554],[99.038244,18.823406],[99.038191,18.823269],[99.038154,18.823097],[99.038104,18.822354],[99.038012,18.822029],[99.037833,18.821706],[99.037784,18.821452],[99.037494,18.821416],[99.037344,18.821365],[99.037215,18.821193],[99.037119,18.821117],[99.036927,18.821109],[99.036871,18.821079],[99.036772,18.820938],[99.036657,18.820616],[99.036591,18.820599],[99.036089,18.820705],[99.035949,18.820609],[99.035853,18.820421],[99.03582,18.820253],[99.035622,18.819959],[99.03559,18.819781],[99.035627,18.81936],[99.035595,18.81904]]}},{"type":"Feature","properties":{"k":"waterway_canal"},"geometry":{"type":"LineString","coordinates":[[99.011651,18.794538],[99.011687,18.794318],[99.011758,18.794131],[99.011855,18.794039],[99.011995,18.793985],[99.012662,18.793961],[99.012705,18.793904],[99.01273,18.793642],[99.012791,18.793466],[99.012809,18.793089],[99.012891,18.792499],[99.012981,18.792044],[99.013174,18.791589],[99.013371,18.791352],[99.013547,18.791073],[99.013676,18.79071],[99.013773,18.790667],[99.014147,18.789665],[99.01424,18.789379],[99.014264,18.789173],[99.014661,18.788596],[99.01485,18.788547],[99.015027,18.788555]]}},{"type":"Feature","properties":{"k":"waterway_canal"},"geometry":{"type":"LineString","coordinates":[[99.025794,18.746734],[99.026533,18.74514],[99.028818,18.739803],[99.030926,18.734766],[99.030953,18.734615],[99.031557,18.733253]]}},{"type":"Feature","properties":{"k":"waterway_stream"},"geometry":{"type":"LineString","coordinates":[[99.031444,18.734936],[99.030926,18.734766]]}},{"type":"Feature","properties":{"k":"waterway_river"},"geometry":{"type":"LineString","coordinates":[[99.026309,18.746864],[99.030392,18.737434],[99.030562,18.737056],[99.030702,18.736895],[99.030755,18.736662],[99.031074,18.736004],[99.031364,18.73527],[99.031337,18.735192],[99.031365,18.735063],[99.031444,18.734936],[99.031676,18.734858],[99.031882,18.734848],[99.032015,18.734908],[99.032414,18.734952],[99.032753,18.734842],[99.033122,18.73486],[99.033601,18.734697],[99.033694,18.734606],[99.033768,18.734403]]}},{"type":"Feature","properties":{"k":"waterway_canal"},"geometry":{"type":"LineString","coordinates":[[99.032275,18.733167],[99.03442,18.727999],[99.035966,18.724387],[99.036142,18.724356],[99.036278,18.724425],[99.036481,18.724711],[99.036777,18.724652],[99.036957,18.724699],[99.037336,18.724888],[99.037565,18.724765],[99.037805,18.724576],[99.038104,18.724214],[99.03828,18.72416],[99.038729,18.724195],[99.038992,18.72427],[99.039155,18.724258],[99.039158,18.724058],[99.039066,18.723533],[99.039197,18.722499],[99.039012,18.722016],[99.039082,18.721577],[99.038959,18.72053],[99.038886,18.719145],[99.039034,18.718574],[99.039425,18.717779],[99.039457,18.717609],[99.039345,18.717306],[99.039272,18.716784]]}},{"type":"Feature","properties":{"k":"waterway_stream"},"geometry":{"type":"LineString","coordinates":[[98.932568,18.733122],[98.933424,18.732863],[98.933465,18.732873],[98.933584,18.73304],[98.933668,18.733095],[98.933939,18.733418]]}},{"type":"Feature","properties":{"k":"waterway_stream"},"geometry":{"type":"LineString","coordinates":[[98.935304,18.732899],[98.935497,18.73307],[98.935503,18.733221],[98.934867,18.733894],[98.9349,18.734196],[98.934723,18.734507],[98.934549,18.73452],[98.934192,18.734421],[98.933907,18.734182]]}},{"type":"Feature","properties":{"k":"waterway_stream"},"geometry":{"type":"LineString","coordinates":[[99.051456,18.756281],[99.051393,18.756012],[99.051324,18.755167],[99.051388,18.755078],[99.051538,18.754958]]}},{"type":"Feature","properties":{"k":"waterway_stream"},"geometry":{"type":"LineString","coordinates":[[99.00211,18.837344],[99.003054,18.836917],[99.003842,18.836659],[99.004449,18.836536],[99.004567,18.834109],[99.004675,18.833272],[99.005034,18.832591],[99.006478,18.830671]]}},{"type":"Feature","properties":{"k":"waterway_stream"},"geometry":{"type":"LineString","coordinates":[[99.003028,18.839461],[99.003639,18.838181],[99.003934,18.837658],[99.003934,18.83745],[99.003842,18.836659]]}},{"type":"Feature","properties":{"k":"waterway_stream"},"geometry":{"type":"LineString","coordinates":[[99.003639,18.838181],[99.004884,18.838324]]}},{"type":"Feature","properties":{"k":"waterway_stream"},"geometry":{"type":"LineString","coordinates":[[99.034833,18.790001],[99.034517,18.789531],[99.03405,18.789013],[99.03361,18.788353],[99.03279,18.787235],[99.032574,18.787081],[99.032189,18.786715]]}},{"type":"Feature","properties":{"k":"waterway_stream"},"geometry":{"type":"LineString","coordinates":[[99.031202,18.785718],[99.030995,18.785305],[99.030902,18.784985],[99.0308,18.784766]]}},{"type":"Feature","properties":{"k":"waterway_stream"},"geometry":{"type":"LineString","coordinates":[[98.995261,18.806135],[98.996416,18.804744],[98.99652,18.804473],[98.996595,18.803598],[98.996493,18.803005],[98.995199,18.79708],[98.994665,18.796981],[98.994346,18.796858]]}},{"type":"Feature","properties":{"k":"waterway_stream"},"geometry":{"type":"LineString","coordinates":[[98.995081,18.806334],[98.995261,18.806135]]}},{"type":"Feature","properties":{"k":"waterway_stream"},"geometry":{"type":"LineString","coordinates":[[98.993278,18.807439],[98.993394,18.807438],[98.994304,18.807102],[98.994418,18.806993],[98.994526,18.806936],[98.995081,18.806334]]}},{"type":"Feature","properties":{"k":"waterway_stream"},"geometry":{"type":"LineString","coordinates":[[98.991707,18.764898],[98.991986,18.765131],[98.992177,18.765425],[98.992226,18.765865],[98.992484,18.766287],[98.992828,18.76635],[98.993095,18.76646],[98.993272,18.767423],[98.993452,18.767681],[98.993941,18.768059],[98.994105,18.76842],[98.994248,18.768475],[98.995627,18.768337],[98.995712,18.76837],[98.995782,18.768405],[98.995807,18.768461],[98.995803,18.769096],[98.996075,18.769365]]}},{"type":"Feature","properties":{"k":"waterway_stream"},"geometry":{"type":"LineString","coordinates":[[99.013841,18.730236],[99.013685,18.729366]]}},{"type":"Feature","properties":{"k":"waterway_stream"},"geometry":{"type":"LineString","coordinates":[[99.024034,18.72972],[99.025687,18.730483],[99.02728,18.731314],[99.02787,18.731682]]}},{"type":"Feature","properties":{"k":"waterway_stream"},"geometry":{"type":"LineString","coordinates":[[99.042052,18.744716],[99.042113,18.74523],[99.042302,18.745815],[99.042397,18.745926],[99.042513,18.746297],[99.042537,18.746541],[99.042411,18.7472],[99.042134,18.74749],[99.042043,18.747648],[99.041998,18.747896],[99.041772,18.748455],[99.041711,18.74875],[99.04155,18.74906],[99.041646,18.75],[99.041933,18.750578],[99.042035,18.751061],[99.041901,18.751513],[99.04182,18.75167],[99.041635,18.751798]]}},{"type":"Feature","properties":{"k":"waterway_stream"},"geometry":{"type":"LineString","coordinates":[[99.038894,18.760164],[99.03957,18.760568],[99.039666,18.760583],[99.040227,18.760522],[99.040442,18.760528],[99.040645,18.760543],[99.041187,18.760662]]}},{"type":"Feature","properties":{"k":"waterway_river"},"geometry":{"type":"LineString","coordinates":[[99.033997,18.733877],[99.034069,18.733645],[99.034067,18.733529],[99.033968,18.733315],[99.033991,18.733213],[99.03411,18.73313],[99.034176,18.732995],[99.034167,18.732774],[99.034209,18.732677],[99.034431,18.732585],[99.034491,18.732466],[99.03451,18.732338],[99.034384,18.731587],[99.034548,18.731114],[99.034468,18.730804],[99.034477,18.730561],[99.034309,18.730206],[99.034216,18.72985],[99.034225,18.729453],[99.034185,18.729331],[99.034283,18.729181],[99.034264,18.728382]]}},{"type":"Feature","properties":{"k":"waterway_stream"},"geometry":{"type":"LineString","coordinates":[[99.033768,18.734403],[99.033997,18.733877]]}},{"type":"Feature","properties":{"k":"waterway_stream"},"geometry":{"type":"LineString","coordinates":[[98.920591,18.80195],[98.920694,18.801793],[98.921859,18.801231],[98.922486,18.801018],[98.923135,18.800846],[98.925179,18.800561],[98.926955,18.800434],[98.928787,18.800203]]}},{"type":"Feature","properties":{"k":"waterway_stream"},"geometry":{"type":"LineString","coordinates":[[98.911323,18.75841],[98.911492,18.758745],[98.911786,18.758865],[98.911972,18.759067],[98.912429,18.759162],[98.912577,18.759285],[98.913092,18.759474],[98.91391,18.759587],[98.91412,18.759846],[98.914243,18.760474],[98.914415,18.760756],[98.915043,18.761075],[98.91533,18.761162],[98.915597,18.761175],[98.915786,18.761593],[98.915979,18.761783],[98.916246,18.761925],[98.916453,18.761902],[98.916674,18.761783],[98.917245,18.761781],[98.917747,18.761832],[98.918112,18.761793],[98.918961,18.761806],[98.919245,18.761786]]}},{"type":"Feature","properties":{"k":"waterway_canal"},"geometry":{"type":"LineString","coordinates":[[98.994346,18.796858],[98.994295,18.79684]]}},{"type":"Feature","properties":{"k":"waterway_canal"},"geometry":{"type":"LineString","coordinates":[[98.994295,18.79684],[98.994262,18.796843]]}},{"type":"Feature","properties":{"k":"waterway_stream"},"geometry":{"type":"LineString","coordinates":[[98.995983,18.811302],[98.995875,18.810691]]}},{"type":"Feature","properties":{"k":"waterway_stream"},"geometry":{"type":"LineString","coordinates":[[98.995875,18.810691],[98.995962,18.810649],[98.995911,18.810282]]}},{"type":"Feature","properties":{"k":"waterway_stream"},"geometry":{"type":"LineString","coordinates":[[98.996036,18.8114],[98.996039,18.811324],[98.995983,18.811302]]}},{"type":"Feature","properties":{"k":"waterway_stream"},"geometry":{"type":"LineString","coordinates":[[98.942753,18.841608],[98.943043,18.841527],[98.943311,18.841334],[98.943653,18.840949],[98.944246,18.840509],[98.944707,18.840265],[98.945178,18.840166],[98.945457,18.840247],[98.945822,18.840176],[98.946392,18.840133],[98.947356,18.840105]]}},{"type":"Feature","properties":{"k":"waterway_stream"},"geometry":{"type":"LineString","coordinates":[[99.056253,18.745896],[99.056068,18.745992],[99.055677,18.745964],[99.055545,18.745987],[99.054475,18.74631],[99.053794,18.746365],[99.053518,18.746424],[99.053011,18.746604]]}},{"type":"Feature","properties":{"k":"waterway_canal"},"geometry":{"type":"LineString","coordinates":[[99.054209,18.83517],[99.054081,18.83386],[99.054058,18.833138],[99.054163,18.833061],[99.054553,18.833046],[99.054709,18.832985],[99.054743,18.832797],[99.054521,18.831928],[99.054209,18.831596],[99.054405,18.83133],[99.054259,18.831146],[99.054043,18.830773],[99.053799,18.83017],[99.053617,18.829413],[99.053628,18.829223],[99.053735,18.828667],[99.053893,18.828113]]}},{"type":"Feature","properties":{"k":"waterway_stream"},"geometry":{"type":"LineString","coordinates":[[98.977397,18.810286],[98.977188,18.810214]]}},{"type":"Feature","properties":{"k":"waterway_stream"},"geometry":{"type":"LineString","coordinates":[[98.977548,18.810341],[98.977397,18.810286]]}},{"type":"Feature","properties":{"k":"waterway_stream"},"geometry":{"type":"LineString","coordinates":[[98.97102,18.805919],[98.971116,18.806028]]}},{"type":"Feature","properties":{"k":"waterway_stream"},"geometry":{"type":"LineString","coordinates":[[98.977625,18.810366],[98.977548,18.810341]]}},{"type":"Feature","properties":{"k":"waterway_stream"},"geometry":{"type":"LineString","coordinates":[[98.977188,18.810214],[98.976952,18.810121]]}},{"type":"Feature","properties":{"k":"waterway_stream"},"geometry":{"type":"LineString","coordinates":[[98.978092,18.810538],[98.977764,18.810415]]}},{"type":"Feature","properties":{"k":"waterway_stream"},"geometry":{"type":"LineString","coordinates":[[98.977695,18.810391],[98.977625,18.810366]]}},{"type":"Feature","properties":{"k":"waterway_stream"},"geometry":{"type":"LineString","coordinates":[[98.975959,18.809658],[98.976051,18.809701]]}},{"type":"Feature","properties":{"k":"waterway_stream"},"geometry":{"type":"LineString","coordinates":[[98.977764,18.810415],[98.977695,18.810391]]}},{"type":"Feature","properties":{"k":"waterway_stream"},"geometry":{"type":"LineString","coordinates":[[98.976051,18.809701],[98.976952,18.810121]]}},{"type":"Feature","properties":{"k":"waterway_stream"},"geometry":{"type":"LineString","coordinates":[[98.971116,18.806028],[98.972017,18.80693]]}},{"type":"Feature","properties":{"k":"waterway_stream"},"geometry":{"type":"LineString","coordinates":[[98.973309,18.807269],[98.973491,18.807422],[98.973816,18.807782],[98.973962,18.807797],[98.974078,18.807863],[98.974126,18.807942],[98.974201,18.807973],[98.974216,18.808424],[98.974162,18.808642]]}},{"type":"Feature","properties":{"k":"waterway_stream"},"geometry":{"type":"LineString","coordinates":[[98.972017,18.80693],[98.972268,18.806949],[98.972475,18.806911],[98.972753,18.806947],[98.972882,18.806889],[98.972979,18.806894],[98.973014,18.80699],[98.973085,18.807072],[98.973309,18.807269]]}},{"type":"Feature","properties":{"k":"waterway_stream"},"geometry":{"type":"LineString","coordinates":[[98.977559,18.788981],[98.97754,18.788726]]}},{"type":"Feature","properties":{"k":"waterway_stream"},"geometry":{"type":"LineString","coordinates":[[98.977785,18.790076],[98.977768,18.789657],[98.977678,18.789156],[98.977656,18.789055],[98.977559,18.788981]]}},{"type":"Feature","properties":{"k":"waterway_stream"},"geometry":{"type":"LineString","coordinates":[[98.97754,18.788726],[98.97773,18.788532],[98.977434,18.782204],[98.977338,18.781793],[98.977293,18.781765],[98.977263,18.781646]]}},{"type":"Feature","properties":{"k":"waterway_canal"},"geometry":{"type":"LineString","coordinates":[[98.96212,18.807],[98.962159,18.806866]]}},{"type":"Feature","properties":{"k":"waterway_stream"},"geometry":{"type":"LineString","coordinates":[[98.940606,18.800824],[98.940826,18.800773],[98.941156,18.800795],[98.941552,18.8007],[98.942202,18.800665],[98.942498,18.800717],[98.942687,18.800948]]}},{"type":"Feature","properties":{"k":"waterway_stream"},"geometry":{"type":"LineString","coordinates":[[98.931645,18.798733],[98.931933,18.798568],[98.932426,18.798481],[98.932792,18.798479],[98.933252,18.798651],[98.933459,18.798824],[98.933658,18.798891],[98.934621,18.798735],[98.935098,18.798611],[98.93528,18.798626],[98.935881,18.798763],[98.936305,18.79889],[98.93763,18.799515],[98.937861,18.799698],[98.938236,18.800165],[98.938808,18.800724],[98.939082,18.80089],[98.9394,18.800988],[98.939655,18.80099],[98.940606,18.800824]]}},{"type":"Feature","properties":{"k":"waterway_canal"},"geometry":{"type":"LineString","coordinates":[[99.024533,18.749489],[99.024694,18.74924]]}},{"type":"Feature","properties":{"k":"waterway_canal"},"geometry":{"type":"LineString","coordinates":[[99.024255,18.750106],[99.024533,18.749489]]}},{"type":"Feature","properties":{"k":"waterway_stream"},"geometry":{"type":"LineString","coordinates":[[99.007828,18.774514],[99.007871,18.774383],[99.00783,18.774203],[99.007656,18.773742],[99.007551,18.77333],[99.007572,18.772809],[99.00767,18.772457],[99.008268,18.771855],[99.008865,18.770799],[99.009159,18.770482],[99.010163,18.769619],[99.010194,18.769157],[99.010328,18.768798],[99.010441,18.768584],[99.01047,18.768429],[99.010204,18.768192],[99.01016,18.76801],[99.010268,18.767696],[99.010292,18.76736],[99.010402,18.767141],[99.010818,18.766742],[99.011723,18.766051],[99.011994,18.76559],[99.012216,18.765526],[99.012774,18.765025],[99.012855,18.764795],[99.013016,18.764501],[99.013081,18.763928],[99.013133,18.763725],[99.013417,18.762954],[99.013523,18.762783],[99.013698,18.762583],[99.014229,18.762201],[99.01521,18.761201],[99.015699,18.760318],[99.016008,18.76019],[99.016303,18.759674],[99.016327,18.759585],[99.016348,18.759001],[99.016226,18.758563],[99.016597,18.757498],[99.016578,18.757033],[99.016596,18.75675],[99.016907,18.756575],[99.017125,18.756402],[99.017529,18.755967],[99.018034,18.755509],[99.01826,18.755221],[99.018553,18.755042],[99.018919,18.754901],[99.019095,18.754792],[99.019239,18.754649],[99.019612,18.754416],[99.019692,18.754324],[99.019703,18.754147],[99.01977,18.75399],[99.020015,18.75376],[99.020168,18.753532],[99.020376,18.753295],[99.020513,18.753039],[99.020569,18.752356],[99.020797,18.751596],[99.021009,18.751322],[99.021072,18.751121],[99.021036,18.750788],[99.021065,18.750588],[99.021045,18.750469],[99.021008,18.750357],[99.020725,18.749984],[99.020685,18.749889],[99.020715,18.749498],[99.020393,18.748476],[99.020231,18.74753],[99.020234,18.747238],[99.020188,18.747082],[99.020198,18.746981],[99.020415,18.746587],[99.020504,18.746128],[99.020477,18.745711],[99.020353,18.745461],[99.020356,18.745084],[99.020405,18.744865],[99.020614,18.744556],[99.021497,18.743801],[99.021942,18.743325],[99.022239,18.742912],[99.022441,18.742427],[99.022852,18.741628],[99.022937,18.741537],[99.023782,18.739982],[99.023848,18.739617],[99.02387,18.739242],[99.024034,18.738845],[99.024136,18.738726],[99.024318,18.7383],[99.024512,18.737976],[99.024523,18.737696],[99.024815,18.736857],[99.024919,18.736663],[99.025189,18.736267],[99.025425,18.736119],[99.025694,18.735858],[99.02583,18.735801],[99.027266,18.735698],[99.027444,18.735643],[99.027855,18.735443],[99.02805,18.73546],[99.028203,18.735549],[99.028384,18.735596],[99.028788,18.735569],[99.029261,18.735696],[99.029587,18.735759],[99.029764,18.735756],[99.029884,18.735667],[99.029914,18.735525],[99.029891,18.735369],[99.030022,18.735175],[99.030168,18.735037],[99.03061,18.734846],[99.030926,18.734766]]}},{"type":"Feature","properties":{"k":"waterway_canal"},"geometry":{"type":"LineString","coordinates":[[99.031557,18.733253],[99.031668,18.733014]]}},{"type":"Feature","properties":{"k":"waterway_stream"},"geometry":{"type":"LineString","coordinates":[[99.038659,18.753462],[99.03834,18.754204],[99.038352,18.754576],[99.038437,18.755227],[99.038423,18.7556],[99.03835,18.755826],[99.038293,18.755851],[99.038186,18.756065],[99.038115,18.756324],[99.037997,18.756476],[99.037981,18.757423],[99.038056,18.757468],[99.038069,18.757523],[99.037961,18.757796],[99.03801,18.758605],[99.038128,18.759095],[99.038454,18.759059],[99.038519,18.759099],[99.038599,18.759292],[99.038793,18.760077],[99.038894,18.760164]]}},{"type":"Feature","properties":{"k":"waterway_stream"},"geometry":{"type":"LineString","coordinates":[[99.028163,18.756385],[99.028287,18.756287],[99.029249,18.756039],[99.029298,18.755482],[99.029155,18.755039],[99.029111,18.75473],[99.02923,18.754163],[99.029206,18.754038],[99.028963,18.753852],[99.02886,18.753737],[99.028782,18.753509],[99.028803,18.753347],[99.028909,18.753119],[99.029134,18.751918]]}},{"type":"Feature","properties":{"k":"waterway_canal"},"geometry":{"type":"LineString","coordinates":[[99.031668,18.733014],[99.032372,18.73146],[99.03789,18.71855],[99.038289,18.717733]]}},{"type":"Feature","properties":{"k":"waterway_stream"},"geometry":{"type":"LineString","coordinates":[[98.977217,18.781379],[98.977633,18.781093]]}},{"type":"Feature","properties":{"k":"waterway_stream"},"geometry":{"type":"LineString","coordinates":[[98.977633,18.781093],[98.977672,18.780916],[98.977623,18.780435],[98.977646,18.780291],[98.977488,18.778164],[98.977415,18.777541],[98.977341,18.777307],[98.977263,18.776792],[98.977236,18.776475],[98.977272,18.776117],[98.9775,18.775801],[98.978115,18.775608],[98.978655,18.775344],[98.979246,18.774987],[98.980167,18.774694],[98.980344,18.774606],[98.98044,18.774523],[98.980399,18.774293],[98.980443,18.774235],[98.981349,18.774024],[98.981962,18.773726],[98.982332,18.773665],[98.983458,18.773314],[98.983823,18.773111],[98.984999,18.772981],[98.985271,18.772987],[98.985622,18.772896],[98.986105,18.772843],[98.987117,18.772969],[98.987939,18.772832],[98.988312,18.772846],[98.988679,18.772936],[98.989346,18.772912],[98.989977,18.772703],[98.990249,18.772658]]}},{"type":"Feature","properties":{"k":"waterway_canal"},"geometry":{"type":"LineString","coordinates":[[98.997696,18.741723],[98.997486,18.741875],[98.996846,18.742503],[98.996706,18.742721],[98.996407,18.743539]]}},{"type":"Feature","properties":{"k":"waterway_canal"},"geometry":{"type":"LineString","coordinates":[[98.997772,18.741688],[98.997853,18.741633],[98.997916,18.741511],[98.997975,18.740738],[98.998029,18.74047],[98.998198,18.740162],[98.99845,18.739526],[98.99868,18.739321],[98.998834,18.73902],[98.999029,18.73873]]}},{"type":"Feature","properties":{"k":"waterway_canal"},"geometry":{"type":"LineString","coordinates":[[98.997772,18.741688],[98.997696,18.741723]]}},{"type":"Feature","properties":{"k":"waterway_canal"},"geometry":{"type":"LineString","coordinates":[[98.996407,18.743539],[98.996298,18.743877]]}},{"type":"Feature","properties":{"k":"waterway_canal"},"geometry":{"type":"LineString","coordinates":[[99.002629,18.736012],[99.0033,18.736004],[99.003367,18.735845],[99.003406,18.735241],[99.003494,18.735018],[99.003572,18.734905],[99.003779,18.734765],[99.003875,18.734459],[99.003939,18.734135],[99.003934,18.733958],[99.004035,18.733607],[99.004046,18.733438],[99.004142,18.733163],[99.004256,18.733001],[99.004556,18.732725],[99.004652,18.732572],[99.004854,18.731999],[99.005089,18.731554],[99.005411,18.731153],[99.006252,18.730705],[99.00654,18.730436],[99.007588,18.729888],[99.007747,18.729848],[99.008022,18.729856],[99.008709,18.729789],[99.009484,18.729656],[99.009658,18.729593],[99.009967,18.729375],[99.010561,18.728878],[99.010727,18.728828],[99.011044,18.728788],[99.011235,18.728708],[99.011456,18.728552],[99.011909,18.728358],[99.012706,18.727829]]}},{"type":"Feature","properties":{"k":"waterway_stream"},"geometry":{"type":"LineString","coordinates":[[99.021409,18.835277],[99.02183,18.83446],[99.02187,18.83413],[99.022042,18.833554],[99.021956,18.833216],[99.021975,18.833089],[99.022117,18.832812],[99.022187,18.832612],[99.022211,18.832416],[99.022313,18.83214]]}},{"type":"Feature","properties":{"k":"waterway_stream"},"geometry":{"type":"LineString","coordinates":[[99.025813,18.840692],[99.024453,18.841262]]}},{"type":"Feature","properties":{"k":"waterway_stream"},"geometry":{"type":"LineString","coordinates":[[99.029134,18.751918],[99.029392,18.751367]]}},{"type":"Feature","properties":{"k":"waterway_stream"},"geometry":{"type":"LineString","coordinates":[[99.029392,18.751367],[99.02945,18.75123],[99.029457,18.751108],[99.029402,18.750965],[99.028966,18.750315],[99.02892,18.750153],[99.028912,18.749939]]}},{"type":"Feature","properties":{"k":"waterway_stream"},"geometry":{"type":"LineString","coordinates":[[98.970609,18.846328],[98.970748,18.846343],[98.970961,18.846465],[98.971412,18.846617],[98.971696,18.84659],[98.971931,18.846617]]}},{"type":"Feature","properties":{"k":"waterway_canal"},"geometry":{"type":"LineString","coordinates":[[98.998581,18.869057],[98.99932,18.867453],[98.999672,18.866846],[99.000356,18.865077],[99.001299,18.862322],[99.001613,18.861564],[99.001729,18.861211],[99.001712,18.860974],[99.001932,18.860315],[99.002632,18.8585],[99.00316,18.856944],[99.003357,18.856529],[99.003639,18.855237],[99.003613,18.854595],[99.003768,18.854046],[99.003922,18.853262],[99.004335,18.852461],[99.004902,18.851653],[99.005082,18.850793],[99.005124,18.850226],[99.005222,18.850069],[99.005385,18.85003],[99.005928,18.850069],[99.005982,18.84984]]}},{"type":"Feature","properties":{"k":"waterway_stream"},"geometry":{"type":"LineString","coordinates":[[99.049493,18.764206],[99.049541,18.764455],[99.0496,18.764544],[99.050123,18.764894]]}},{"type":"Feature","properties":{"k":"waterway_stream"},"geometry":{"type":"LineString","coordinates":[[99.052649,18.763322],[99.052968,18.763261],[99.053292,18.763124],[99.053751,18.762992]]}},{"type":"Feature","properties":{"k":"waterway_stream"},"geometry":{"type":"LineString","coordinates":[[99.049685,18.819151],[99.049982,18.819494],[99.050001,18.819555],[99.04971,18.819744],[99.049348,18.819863],[99.048774,18.820196],[99.04872,18.820285],[99.048605,18.820752],[99.048625,18.821105]]}},{"type":"Feature","properties":{"k":"waterway_stream"},"geometry":{"type":"LineString","coordinates":[[99.052339,18.805569],[99.052918,18.80596],[99.053379,18.806199],[99.053876,18.806656],[99.053929,18.806735]]}},{"type":"Feature","properties":{"k":"waterway_stream"},"geometry":{"type":"LineString","coordinates":[[99.054145,18.803519],[99.053408,18.804225],[99.053386,18.804274],[99.053386,18.804421],[99.053638,18.804525],[99.053735,18.804655],[99.053955,18.805145],[99.054338,18.805789],[99.054435,18.806003],[99.054489,18.806312],[99.054475,18.806462],[99.053929,18.806735]]}},{"type":"Feature","properties":{"k":"waterway_stream"},"geometry":{"type":"LineString","coordinates":[[99.010915,18.731705],[99.010459,18.731601],[99.010546,18.730972],[99.010465,18.730652],[99.010721,18.730484]]}},{"type":"Feature","properties":{"k":"waterway_stream"},"geometry":{"type":"LineString","coordinates":[[99.010839,18.730949],[99.010756,18.73082],[99.010721,18.730484],[99.010673,18.730349],[99.010497,18.730225],[99.01011,18.730021],[99.009875,18.729445]]}},{"type":"Feature","properties":{"k":"waterway_canal"},"geometry":{"type":"LineString","coordinates":[[99.019577,18.76144],[99.01968,18.760906]]}},{"type":"Feature","properties":{"k":"waterway_stream"},"geometry":{"type":"LineString","coordinates":[[98.980313,18.739205],[98.980422,18.739299]]}},{"type":"Feature","properties":{"k":"waterway_stream"},"geometry":{"type":"LineString","coordinates":[[98.980422,18.739299],[98.980564,18.739313],[98.980969,18.739151]]}},{"type":"Feature","properties":{"k":"waterway_stream"},"geometry":{"type":"LineString","coordinates":[[98.999621,18.757929],[98.998901,18.757117],[98.998763,18.756925],[98.998542,18.756404],[98.998358,18.755698],[98.998163,18.754579],[98.99817,18.754513],[98.998239,18.754433],[98.998427,18.754009],[98.998952,18.753495],[98.999686,18.752629],[99.001136,18.751043],[99.001414,18.750856],[99.001794,18.750669],[99.003033,18.75028],[99.003789,18.750111],[99.004083,18.750092],[99.005806,18.749629]]}},{"type":"Feature","properties":{"k":"waterway_stream"},"geometry":{"type":"LineString","coordinates":[[99.004584,18.747],[99.004777,18.746894],[99.005474,18.746627]]}},{"type":"Feature","properties":{"k":"waterway_stream"},"geometry":{"type":"LineString","coordinates":[[98.998419,18.749287],[98.998556,18.749101],[98.998596,18.748425],[98.998927,18.747951],[98.999254,18.74777],[98.999461,18.747535]]}},{"type":"Feature","properties":{"k":"waterway_canal"},"geometry":{"type":"LineString","coordinates":[[98.995819,18.744864],[98.995864,18.744766]]}},{"type":"Feature","properties":{"k":"waterway_canal"},"geometry":{"type":"LineString","coordinates":[[98.995864,18.744766],[98.996298,18.743877]]}},{"type":"Feature","properties":{"k":"waterway_stream"},"geometry":{"type":"LineString","coordinates":[[98.990637,18.74442],[98.990493,18.744128],[98.990048,18.743548],[98.989981,18.743301],[98.989973,18.742768],[98.990008,18.74244],[98.990155,18.741978],[98.990676,18.741173],[98.990784,18.740952],[98.990855,18.740709],[98.990879,18.740519],[98.99078,18.739493],[98.990804,18.738968],[98.990776,18.738585]]}},{"type":"Feature","properties":{"k":"waterway_stream"},"geometry":{"type":"LineString","coordinates":[[98.987927,18.745276],[98.987866,18.744913]]}},{"type":"Feature","properties":{"k":"waterway_stream"},"geometry":{"type":"LineString","coordinates":[[98.988094,18.745615],[98.98799,18.745359],[98.987927,18.745276]]}},{"type":"Feature","properties":{"k":"waterway_stream"},"geometry":{"type":"LineString","coordinates":[[98.987866,18.744913],[98.987824,18.744366],[98.987754,18.744217],[98.987807,18.744101],[98.987582,18.742196],[98.9874,18.741703],[98.987293,18.741307]]}},{"type":"Feature","properties":{"k":"waterway_stream"},"geometry":{"type":"LineString","coordinates":[[98.985732,18.767304],[98.985909,18.76691]]}},{"type":"Feature","properties":{"k":"waterway_stream"},"geometry":{"type":"LineString","coordinates":[[98.986391,18.772891],[98.986475,18.772208],[98.986666,18.771634],[98.986668,18.771471],[98.986207,18.771291],[98.98618,18.771212],[98.986282,18.770341],[98.9864,18.769849],[98.986448,18.768734],[98.98636,18.768475],[98.986231,18.768312],[98.986016,18.7682],[98.98548,18.768053],[98.985391,18.767995],[98.985435,18.767837],[98.985536,18.7677],[98.985694,18.76756],[98.985748,18.767408],[98.985732,18.767304]]}},{"type":"Feature","properties":{"k":"waterway_stream"},"geometry":{"type":"LineString","coordinates":[[98.985909,18.76691],[98.986344,18.766268],[98.986408,18.766212],[98.986491,18.766237],[98.986561,18.766176],[98.986755,18.765865]]}},{"type":"Feature","properties":{"k":"waterway_stream"},"geometry":{"type":"LineString","coordinates":[[98.99057,18.744804],[98.989992,18.745194]]}},{"type":"Feature","properties":{"k":"waterway_stream"},"geometry":{"type":"LineString","coordinates":[[98.990637,18.74442],[98.99057,18.744804]]}},{"type":"Feature","properties":{"k":"waterway_stream"},"geometry":{"type":"LineString","coordinates":[[98.999807,18.758117],[98.999621,18.757929]]}},{"type":"Feature","properties":{"k":"waterway_stream"},"geometry":{"type":"LineString","coordinates":[[99.000427,18.758774],[98.999995,18.758414],[98.999807,18.758117]]}},{"type":"Feature","properties":{"k":"waterway_stream"},"geometry":{"type":"LineString","coordinates":[[98.966463,18.731993],[98.96715,18.732404],[98.967273,18.732516],[98.968067,18.732785],[98.968593,18.733062],[98.968872,18.733149],[98.969241,18.733084],[98.969299,18.7331],[98.969438,18.733273],[98.969492,18.733563],[98.96969,18.733768],[98.969725,18.73388],[98.969733,18.73421],[98.969942,18.734447],[98.970009,18.734637],[98.970012,18.734777],[98.969953,18.734911],[98.970004,18.735267],[98.969931,18.735727],[98.970001,18.735917],[98.970119,18.73607],[98.9702,18.736078],[98.970259,18.736017]]}},{"type":"Feature","properties":{"k":"waterway_stream"},"geometry":{"type":"LineString","coordinates":[[99.021116,18.748235],[99.02133,18.74827],[99.021443,18.74826],[99.021674,18.748171]]}},{"type":"Feature","properties":{"k":"waterway_stream"},"geometry":{"type":"LineString","coordinates":[[98.989032,18.738977],[98.988791,18.738867],[98.987636,18.737447],[98.987245,18.737134],[98.987199,18.736965],[98.987221,18.736842],[98.987093,18.736605],[98.987074,18.736476],[98.987099,18.7364],[98.987201,18.736322],[98.987651,18.736365],[98.987743,18.73632],[98.987809,18.736125],[98.987782,18.736066],[98.987636,18.73594],[98.987604,18.735869],[98.987615,18.73582],[98.988662,18.734878],[98.988797,18.734458],[98.989119,18.734137],[98.989188,18.733935],[98.989175,18.733712],[98.989133,18.733602],[98.988709,18.732914],[98.988449,18.732398],[98.988342,18.732436],[98.988251,18.732411],[98.988038,18.732161],[98.98794,18.73209],[98.987802,18.731882],[98.987647,18.731473],[98.987692,18.731005],[98.98839,18.729572],[98.988854,18.728866],[98.98888,18.728749],[98.988844,18.728632],[98.98855,18.728444],[98.988471,18.728325],[98.988561,18.7282],[98.98866,18.728148],[98.988931,18.728097],[98.989008,18.72804],[98.989169,18.72786],[98.989284,18.727662],[98.989467,18.727274],[98.989781,18.726197],[98.989964,18.725356],[98.989572,18.724477],[98.989467,18.724127],[98.989401,18.724005],[98.989322,18.723451],[98.989243,18.723312],[98.989069,18.723179],[98.989016,18.723087],[98.989031,18.722669],[98.98912,18.722278],[98.989193,18.721603],[98.989244,18.720424],[98.989177,18.720173]]}},{"type":"Feature","properties":{"k":"waterway_stream"},"geometry":{"type":"LineString","coordinates":[[99.053182,18.796874],[99.053182,18.79707],[99.053102,18.797626],[99.053048,18.797768],[99.052697,18.798111],[99.052592,18.798461],[99.052488,18.798677],[99.052319,18.798926],[99.052284,18.799055],[99.052303,18.799195],[99.05264,18.80003]]}},{"type":"Feature","properties":{"k":"waterway_stream"},"geometry":{"type":"LineString","coordinates":[[98.990816,18.738082],[98.990984,18.737419],[98.991046,18.736861],[98.991203,18.736081],[98.991414,18.734053],[98.991536,18.733687],[98.991796,18.73352],[98.992286,18.733522],[98.992325,18.733484],[98.992343,18.73324],[98.992477,18.732791],[98.992766,18.732558],[98.992975,18.732474],[98.993062,18.732356],[98.993531,18.731955],[98.9938,18.731627],[98.994316,18.73054],[98.994415,18.730255],[98.994608,18.729901],[98.994632,18.72974],[98.994525,18.729452]]}},{"type":"Feature","properties":{"k":"waterway_stream"},"geometry":{"type":"LineString","coordinates":[[98.990776,18.738585],[98.990755,18.738514],[98.990816,18.738082]]}},{"type":"Feature","properties":{"k":"waterway_stream"},"geometry":{"type":"LineString","coordinates":[[98.993892,18.731443],[98.993866,18.731434],[98.994201,18.731406],[98.994955,18.731207],[98.995213,18.731071],[98.995388,18.730894],[98.995868,18.730743]]}},{"type":"Feature","properties":{"k":"waterway_stream"},"geometry":{"type":"LineString","coordinates":[[98.982864,18.739349],[98.985643,18.739793],[98.986679,18.739908],[98.986826,18.739968],[98.986968,18.739983],[98.987347,18.73988],[98.988755,18.739324],[98.989018,18.739141],[98.989056,18.739032],[98.989032,18.738977]]}},{"type":"Feature","properties":{"k":"waterway_stream"},"geometry":{"type":"LineString","coordinates":[[98.987293,18.741307],[98.987163,18.740728],[98.987098,18.739948]]}},{"type":"Feature","properties":{"k":"waterway_stream"},"geometry":{"type":"LineString","coordinates":[[98.931535,18.79875],[98.931645,18.798733]]}},{"type":"Feature","properties":{"k":"waterway_stream"},"geometry":{"type":"LineString","coordinates":[[98.928787,18.800203],[98.929141,18.800203],[98.929476,18.800239],[98.929795,18.80018],[98.930171,18.799985],[98.93042,18.799581],[98.930856,18.798977],[98.931237,18.798776],[98.931535,18.79875]]}},{"type":"Feature","properties":{"k":"waterway_stream"},"geometry":{"type":"LineString","coordinates":[[99.004162,18.822201],[99.004117,18.82296],[99.00443,18.82379]]}},{"type":"Feature","properties":{"k":"waterway_stream"},"geometry":{"type":"LineString","coordinates":[[98.958911,18.73199],[98.958912,18.731734],[98.959101,18.731429],[98.959187,18.73109],[98.959278,18.730898],[98.959266,18.730759],[98.95929,18.730714],[98.959745,18.730664],[98.960234,18.730812],[98.960552,18.730874],[98.960629,18.730909],[98.960849,18.731115],[98.961205,18.731006],[98.961503,18.730974],[98.961804,18.73106],[98.961903,18.731055],[98.962077,18.73094],[98.962197,18.730902],[98.962433,18.73093],[98.962529,18.73091],[98.962706,18.730808],[98.962966,18.730777],[98.963318,18.730788],[98.963484,18.730833],[98.96391,18.731123],[98.964399,18.731612],[98.964491,18.732082],[98.964757,18.73258],[98.964879,18.732581],[98.966298,18.731989],[98.966463,18.731993]]}},{"type":"Feature","properties":{"k":"waterway_stream"},"geometry":{"type":"LineString","coordinates":[[98.970259,18.736017],[98.970428,18.735798],[98.971171,18.735605],[98.971399,18.735473],[98.971581,18.73544],[98.971895,18.73543],[98.972314,18.735473],[98.972654,18.73544],[98.973148,18.735448],[98.973362,18.735361],[98.973695,18.735494],[98.9739,18.735479],[98.974343,18.735225],[98.974528,18.735184],[98.974866,18.735286],[98.974989,18.735288],[98.975762,18.734938],[98.976126,18.734679],[98.976432,18.734562],[98.976639,18.734529],[98.977084,18.734603],[98.977543,18.734747],[98.977567,18.734836],[98.977551,18.735109],[98.977587,18.735182]]}},{"type":"Feature","properties":{"k":"waterway_stream"},"geometry":{"type":"LineString","coordinates":[[99.039041,18.778995],[99.039216,18.778439],[99.039299,18.778299],[99.039718,18.777926],[99.040158,18.777657],[99.040463,18.777342],[99.040697,18.776966],[99.040887,18.77642],[99.041091,18.776042],[99.041407,18.774983],[99.041558,18.774589],[99.041743,18.774361]]}},{"type":"Feature","properties":{"k":"waterway_stream"},"geometry":{"type":"LineString","coordinates":[[99.054598,18.734024],[99.054384,18.732743],[99.054144,18.732175],[99.054015,18.731733],[99.053842,18.731301],[99.053719,18.73064],[99.054465,18.730418]]}},{"type":"Feature","properties":{"k":"waterway_stream"},"geometry":{"type":"LineString","coordinates":[[99.054443,18.730224],[99.054443,18.730346],[99.054535,18.730646],[99.054744,18.731002],[99.054808,18.731296],[99.054991,18.731672],[99.055092,18.731966],[99.055607,18.732972]]}},{"type":"Feature","properties":{"k":"waterway_stream"},"geometry":{"type":"LineString","coordinates":[[99.035759,18.759916],[99.035933,18.760189],[99.03622,18.760521],[99.036373,18.760745],[99.036537,18.761142],[99.036727,18.761909],[99.037078,18.76264],[99.037368,18.763372],[99.037416,18.76357],[99.037451,18.763599],[99.03754,18.763603]]}},{"type":"Feature","properties":{"k":"waterway_canal"},"geometry":{"type":"LineString","coordinates":[[98.942382,18.804843],[98.942272,18.804835],[98.942235,18.804802],[98.942237,18.804728],[98.942262,18.804662],[98.942439,18.804548],[98.942632,18.804467],[98.942801,18.804637],[98.942651,18.804764],[98.942382,18.804843]]}},{"type":"Feature","properties":{"k":"waterway_stream"},"geometry":{"type":"LineString","coordinates":[[98.940512,18.746265],[98.940504,18.746148],[98.940556,18.746089],[98.940651,18.746063],[98.941061,18.746077],[98.941758,18.745757],[98.942793,18.745728],[98.943029,18.745756],[98.943123,18.745748],[98.943247,18.745686],[98.94334,18.745525],[98.943346,18.745398],[98.943179,18.745047],[98.943179,18.744928],[98.943202,18.744813],[98.943387,18.744647],[98.944295,18.744192],[98.944709,18.743842],[98.944845,18.743659],[98.945451,18.743459],[98.945755,18.743257],[98.945925,18.743236],[98.946377,18.743258],[98.946496,18.743229],[98.946613,18.743143],[98.946803,18.74275],[98.946928,18.742605],[98.947103,18.742517],[98.947332,18.742331],[98.947621,18.741975],[98.947911,18.741901],[98.948517,18.741522],[98.948537,18.741445],[98.948517,18.741377],[98.948353,18.741096],[98.948353,18.740989],[98.948379,18.740904],[98.948518,18.740745],[98.948626,18.740673],[98.948654,18.740568],[98.948622,18.740418],[98.948666,18.740348],[98.949032,18.74018],[98.949165,18.739858],[98.949411,18.739732],[98.949584,18.739471],[98.949684,18.73939],[98.950048,18.739371],[98.950108,18.73934],[98.950136,18.739281],[98.950033,18.739106],[98.950074,18.738935],[98.950057,18.738726],[98.950136,18.738555],[98.950445,18.738539],[98.95072,18.738325],[98.951156,18.738239],[98.951299,18.73817],[98.951445,18.73814],[98.951679,18.738194],[98.951776,18.73815],[98.951982,18.737984],[98.952253,18.737961],[98.952933,18.737398],[98.953549,18.737074],[98.953689,18.736814],[98.953779,18.736715],[98.953982,18.736651],[98.954051,18.736595],[98.954389,18.736016],[98.954735,18.73552],[98.954875,18.735225],[98.95483,18.735085],[98.954578,18.734739],[98.954291,18.734631],[98.95411,18.734415],[98.95401,18.734368]]}},{"type":"Feature","properties":{"k":"waterway_stream"},"geometry":{"type":"LineString","coordinates":[[99.029095,18.76892],[99.029521,18.769114],[99.029604,18.769121],[99.030346,18.768794],[99.030448,18.768633],[99.030632,18.76852],[99.030904,18.767826],[99.030873,18.767805],[99.032181,18.767397],[99.032712,18.767049],[99.032934,18.766851]]}},{"type":"Feature","properties":{"k":"waterway_stream"},"geometry":{"type":"LineString","coordinates":[[99.009509,18.763199],[99.009838,18.762903],[99.009897,18.762793],[99.010026,18.762267],[99.010213,18.761952],[99.010229,18.761838],[99.010186,18.761424],[99.01028,18.761013],[99.010736,18.760332]]}},{"type":"Feature","properties":{"k":"waterway_stream"},"geometry":{"type":"LineString","coordinates":[[99.067554,18.858495],[99.067313,18.857978],[99.067001,18.857531],[99.066447,18.857159],[99.066318,18.856964],[99.066165,18.856354],[99.06597,18.856086],[99.065673,18.85591],[99.065463,18.855664],[99.065249,18.855567],[99.064944,18.855613],[99.064597,18.855725],[99.064418,18.855971],[99.064212,18.856177],[99.063918,18.856245],[99.063532,18.85596],[99.063111,18.855592],[99.062916,18.855518],[99.062597,18.85551],[99.062307,18.855468],[99.062012,18.855495],[99.061596,18.855672],[99.06148,18.855672],[99.061356,18.855493],[99.06114,18.855287],[99.060728,18.855092],[99.060573,18.854915],[99.06027,18.854711],[99.059985,18.854387],[99.059677,18.854242],[99.059339,18.853903],[99.059107,18.85379],[99.058533,18.853616],[99.058053,18.853591],[99.057674,18.853444],[99.057096,18.853399],[99.056872,18.853304],[99.056482,18.85301],[99.056203,18.85271],[99.055892,18.852513],[99.055615,18.852391],[99.055491,18.852276],[99.055283,18.851805],[99.054893,18.851276],[99.054727,18.851144],[99.054469,18.851002],[99.054147,18.850554],[99.054,18.850574],[99.053474,18.850797],[99.053282,18.850823],[99.053139,18.850783],[99.053008,18.850648],[99.052737,18.85014],[99.052708,18.849841],[99.052744,18.84972],[99.05273,18.849551],[99.052683,18.849412],[99.052602,18.849287],[99.052424,18.84921],[99.051931,18.849439],[99.051474,18.849501],[99.051367,18.849496],[99.05129,18.849449],[99.051256,18.849325],[99.051266,18.849196],[99.051223,18.849066],[99.051112,18.848921],[99.05088,18.848482],[99.050771,18.847871],[99.050653,18.847615],[99.050235,18.847122],[99.05016,18.846993],[99.050124,18.846675],[99.050072,18.846572],[99.049913,18.846441],[99.04986,18.846332],[99.049925,18.84592],[99.049817,18.845727],[99.04963,18.845045],[99.049375,18.84473],[99.049234,18.844698],[99.048921,18.844855],[99.048818,18.844836],[99.048749,18.844761],[99.048746,18.844546],[99.048655,18.844402],[99.048492,18.844282],[99.048391,18.844167],[99.048363,18.843982],[99.048288,18.843826],[99.048046,18.843573],[99.047926,18.843362],[99.047834,18.84306],[99.047714,18.843001],[99.047606,18.843005],[99.047368,18.843115],[99.047055,18.843159],[99.046037,18.843074],[99.045783,18.843026],[99.045536,18.842639],[99.045326,18.842427],[99.045048,18.842282],[99.044806,18.842235],[99.044433,18.84205],[99.044148,18.841821],[99.043878,18.841518],[99.043737,18.841281],[99.043583,18.840931],[99.043258,18.840367],[99.043148,18.840294],[99.042896,18.840229],[99.042461,18.840201],[99.042128,18.840114],[99.041948,18.839888],[99.041866,18.839675],[99.041902,18.839118],[99.041869,18.838786],[99.041582,18.83822],[99.041346,18.837446],[99.041326,18.837285],[99.041389,18.836932],[99.041333,18.836484],[99.041245,18.836109],[99.041228,18.835642],[99.0403,18.834332],[99.039842,18.833617],[99.039688,18.833302],[99.039505,18.833144],[99.039273,18.833016],[99.038589,18.832472],[99.038347,18.832453],[99.038056,18.832491],[99.037667,18.832463],[99.037515,18.832358],[99.03749,18.832166],[99.037161,18.83191],[99.037055,18.831763],[99.036877,18.8312],[99.03677,18.830976],[99.036447,18.830611],[99.036325,18.830271],[99.036319,18.830149],[99.036429,18.82986],[99.036421,18.829687],[99.036362,18.829554],[99.036188,18.829409],[99.03579,18.829163],[99.035582,18.829129],[99.035338,18.82886],[99.034629,18.828662],[99.034216,18.828362],[99.033943,18.828337],[99.033594,18.828357],[99.032908,18.828565],[99.032694,18.828504],[99.032643,18.828392],[99.032722,18.828054],[99.032702,18.827914],[99.032548,18.827783],[99.032476,18.827381],[99.032285,18.82723],[99.031856,18.827113],[99.031743,18.826996],[99.031378,18.826325],[99.03116,18.826252],[99.031042,18.826073],[99.030763,18.825782],[99.030598,18.825561],[99.030422,18.825382],[99.030095,18.825177],[99.029734,18.824719],[99.029578,18.824577],[99.029447,18.824508],[99.029222,18.824247],[99.028762,18.824119],[99.028076,18.823716],[99.027341,18.823384],[99.026784,18.822427],[99.02667,18.822349],[99.026213,18.822157],[99.025833,18.82174],[99.025835,18.821393],[99.02579,18.8212],[99.025489,18.820494],[99.025458,18.820331],[99.025515,18.819921],[99.02549,18.81973],[99.025636,18.819573],[99.025769,18.819047],[99.025616,18.818754],[99.025603,18.818621],[99.025722,18.818367],[99.02569,18.817882],[99.02521,18.817278],[99.024992,18.817161],[99.024933,18.817161],[99.024611,18.817276],[99.024519,18.817282],[99.024103,18.817134],[99.02413,18.816953],[99.024188,18.816854],[99.024194,18.816733],[99.023985,18.816458],[99.023836,18.816181],[99.023674,18.816148],[99.023041,18.816192],[99.02291,18.816289],[99.022737,18.816502],[99.022636,18.816535],[99.022476,18.816519],[99.022096,18.816393],[99.021956,18.81643],[99.02183,18.816576],[99.021751,18.816726],[99.021715,18.817056],[99.021598,18.817094],[99.021118,18.817076],[99.020923,18.817109],[99.020616,18.817245],[99.020517,18.817213],[99.020442,18.817106],[99.02003,18.816761],[99.01966,18.816587],[99.019593,18.816493],[99.019425,18.815779]]}},{"type":"Feature","properties":{"k":"waterway_river"},"geometry":{"type":"LineString","coordinates":[[99.051899,18.829828],[99.052006,18.829445]]}},{"type":"Feature","properties":{"k":"waterway_river"},"geometry":{"type":"LineString","coordinates":[[99.052006,18.829445],[99.052063,18.828822],[99.052187,18.828629],[99.052616,18.828141],[99.052666,18.827966],[99.052577,18.827441],[99.0527,18.827083],[99.052663,18.826894],[99.05247,18.826717],[99.052345,18.826542],[99.052352,18.826404],[99.052488,18.826159],[99.05289,18.825776],[99.052953,18.825646],[99.052932,18.825507],[99.052737,18.825374],[99.052591,18.825366],[99.052258,18.825456],[99.052017,18.824956],[99.052143,18.82474],[99.05224,18.824661],[99.052377,18.824187],[99.052716,18.823879],[99.052894,18.823329]]}},{"type":"Feature","properties":{"k":"waterway_stream"},"geometry":{"type":"LineString","coordinates":[[98.933907,18.734182],[98.933833,18.734114]]}},{"type":"Feature","properties":{"k":"waterway_stream"},"geometry":{"type":"LineString","coordinates":[[98.933833,18.734114],[98.933511,18.733796]]}},{"type":"Feature","properties":{"k":"waterway_stream"},"geometry":{"type":"LineString","coordinates":[[98.911562,18.771098],[98.911678,18.771123],[98.911804,18.771202],[98.911868,18.771189],[98.912099,18.77109],[98.912319,18.770875],[98.912394,18.770743],[98.912367,18.770532],[98.912442,18.770438],[98.912456,18.770359],[98.912391,18.77023],[98.91244,18.76993],[98.912625,18.769739],[98.912807,18.769653],[98.912912,18.769562]]}},{"type":"Feature","properties":{"k":"waterway_stream"},"geometry":{"type":"LineString","coordinates":[[99.040711,18.764323],[99.041183,18.764808],[99.041484,18.764978],[99.041674,18.765133],[99.041867,18.765356],[99.041972,18.765648]]}},{"type":"Feature","properties":{"k":"waterway_stream"},"geometry":{"type":"LineString","coordinates":[[98.979045,18.835152],[98.979164,18.83523],[98.979243,18.835389],[98.979432,18.835619],[98.979509,18.835659],[98.985966,18.836698],[98.986226,18.836699],[98.986635,18.83661]]}},{"type":"Feature","properties":{"k":"waterway_canal"},"geometry":{"type":"LineString","coordinates":[[98.94148,18.746129],[98.941545,18.74564]]}},{"type":"Feature","properties":{"k":"waterway_stream"},"geometry":{"type":"LineString","coordinates":[[99.005806,18.749629],[99.006291,18.749515],[99.007236,18.749384],[99.007914,18.749128],[99.008701,18.748783],[99.009955,18.748053],[99.010729,18.747334],[99.011183,18.746763],[99.011914,18.745728],[99.011906,18.745561],[99.011568,18.744989],[99.011503,18.743397],[99.011527,18.74296],[99.011423,18.742731]]}},{"type":"Feature","properties":{"k":"waterway_canal"},"geometry":{"type":"LineString","coordinates":[[98.96113,18.756259],[98.96113,18.75615]]}},{"type":"Feature","properties":{"k":"waterway_canal"},"geometry":{"type":"LineString","coordinates":[[98.96113,18.75615],[98.961153,18.749629],[98.961239,18.749396],[98.96347,18.749493]]}},{"type":"Feature","properties":{"k":"waterway_stream"},"geometry":{"type":"LineString","coordinates":[[98.935178,18.732788],[98.935304,18.732899]]}},{"type":"Feature","properties":{"k":"waterway_stream"},"geometry":{"type":"LineString","coordinates":[[98.934916,18.732555],[98.935178,18.732788]]}},{"type":"Feature","properties":{"k":"waterway_stream"},"geometry":{"type":"LineString","coordinates":[[98.933241,18.732143],[98.933371,18.732092]]}},{"type":"Feature","properties":{"k":"waterway_stream"},"geometry":{"type":"LineString","coordinates":[[98.933371,18.732092],[98.933964,18.731845],[98.935079,18.73119]]}},{"type":"Feature","properties":{"k":"waterway_stream"},"geometry":{"type":"LineString","coordinates":[[98.932982,18.734265],[98.932921,18.734317]]}},{"type":"Feature","properties":{"k":"waterway_stream"},"geometry":{"type":"LineString","coordinates":[[98.932921,18.734317],[98.932684,18.734521]]}},{"type":"Feature","properties":{"k":"waterway_stream"},"geometry":{"type":"LineString","coordinates":[[98.93565,18.731893],[98.935632,18.731909]]}},{"type":"Feature","properties":{"k":"waterway_stream"},"geometry":{"type":"LineString","coordinates":[[98.936015,18.731557],[98.93565,18.731893]]}},{"type":"Feature","properties":{"k":"waterway_stream"},"geometry":{"type":"LineString","coordinates":[[98.93524,18.731136],[98.935651,18.730999]]}},{"type":"Feature","properties":{"k":"waterway_stream"},"geometry":{"type":"LineString","coordinates":[[98.935079,18.73119],[98.93524,18.731136]]}},{"type":"Feature","properties":{"k":"waterway_stream"},"geometry":{"type":"LineString","coordinates":[[98.932274,18.732771],[98.93218,18.732692]]}},{"type":"Feature","properties":{"k":"waterway_stream"},"geometry":{"type":"LineString","coordinates":[[98.93218,18.732692],[98.931732,18.732428]]}},{"type":"Feature","properties":{"k":"waterway_stream"},"geometry":{"type":"LineString","coordinates":[[98.942437,18.782985],[98.944969,18.78363],[98.945414,18.783792],[98.94572,18.783995]]}},{"type":"Feature","properties":{"k":"waterway_stream"},"geometry":{"type":"LineString","coordinates":[[98.946811,18.78369],[98.94696,18.783646],[98.947076,18.783522],[98.947427,18.783322],[98.947648,18.783238]]}},{"type":"Feature","properties":{"k":"waterway_stream"},"geometry":{"type":"LineString","coordinates":[[98.946764,18.783723],[98.946811,18.78369]]}},{"type":"Feature","properties":{"k":"waterway_stream"},"geometry":{"type":"LineString","coordinates":[[98.940232,18.786452],[98.94022,18.786391],[98.940373,18.786051],[98.94058,18.78581],[98.941004,18.785589],[98.941223,18.78552],[98.941362,18.785406],[98.941904,18.785246],[98.942423,18.785011],[98.943143,18.784928],[98.943442,18.784771],[98.943745,18.784507],[98.94412,18.784469],[98.944413,18.784543],[98.944641,18.784454],[98.944958,18.784227],[98.945218,18.78413],[98.945484,18.784043],[98.946078,18.783916],[98.946578,18.783854],[98.946691,18.783823],[98.946764,18.783723]]}},{"type":"Feature","properties":{"k":"waterway_stream"},"geometry":{"type":"LineString","coordinates":[[98.948313,18.782814],[98.948458,18.782682],[98.94859,18.782654],[98.949054,18.782652]]}},{"type":"Feature","properties":{"k":"waterway_canal"},"geometry":{"type":"LineString","coordinates":[[98.95054,18.805387],[98.950721,18.805289]]}},{"type":"Feature","properties":{"k":"waterway_stream"},"geometry":{"type":"LineString","coordinates":[[98.950418,18.805439],[98.95054,18.805387]]}},{"type":"Feature","properties":{"k":"waterway_canal"},"geometry":{"type":"LineString","coordinates":[[98.950721,18.805289],[98.95126,18.805027],[98.952566,18.804313],[98.953152,18.804031],[98.953389,18.803988],[98.953521,18.804007],[98.954024,18.804824],[98.954142,18.804855],[98.954544,18.804645]]}},{"type":"Feature","properties":{"k":"waterway_stream"},"geometry":{"type":"LineString","coordinates":[[98.945706,18.804268],[98.946503,18.804347],[98.946645,18.804337]]}},{"type":"Feature","properties":{"k":"waterway_stream"},"geometry":{"type":"LineString","coordinates":[[98.946645,18.804337],[98.946774,18.804311],[98.947085,18.804172],[98.947223,18.804173]]}},{"type":"Feature","properties":{"k":"waterway_canal"},"geometry":{"type":"LineString","coordinates":[[98.954544,18.804645],[98.955174,18.804352]]}},{"type":"Feature","properties":{"k":"waterway_canal"},"geometry":{"type":"LineString","coordinates":[[98.955765,18.804113],[98.955832,18.804187]]}},{"type":"Feature","properties":{"k":"waterway_canal"},"geometry":{"type":"LineString","coordinates":[[98.955174,18.804352],[98.955765,18.804113]]}},{"type":"Feature","properties":{"k":"waterway_canal"},"geometry":{"type":"LineString","coordinates":[[98.955832,18.804187],[98.956644,18.803925],[98.956878,18.803743],[98.957028,18.803552],[98.957571,18.803304],[98.95782,18.802714],[98.957944,18.802695],[98.958088,18.802348],[98.958036,18.801994],[98.958053,18.801879],[98.95819,18.801873],[98.958972,18.801638],[98.959115,18.80164],[98.959615,18.801782]]}},{"type":"Feature","properties":{"k":"waterway_stream"},"geometry":{"type":"LineString","coordinates":[[98.948444,18.782075],[98.948779,18.781933]]}},{"type":"Feature","properties":{"k":"waterway_stream"},"geometry":{"type":"LineString","coordinates":[[98.948265,18.782131],[98.948346,18.782119]]}},{"type":"Feature","properties":{"k":"waterway_stream"},"geometry":{"type":"LineString","coordinates":[[98.946854,18.781728],[98.947334,18.781712],[98.947565,18.781753],[98.947884,18.781915],[98.948037,18.782053],[98.948265,18.782131]]}},{"type":"Feature","properties":{"k":"waterway_stream"},"geometry":{"type":"LineString","coordinates":[[98.946758,18.781707],[98.946854,18.781728]]}},{"type":"Feature","properties":{"k":"waterway_stream"},"geometry":{"type":"LineString","coordinates":[[98.944714,18.781976],[98.944859,18.781801],[98.945052,18.781674],[98.945288,18.781552],[98.945403,18.781537],[98.945956,18.781491],[98.946409,18.781639],[98.946758,18.781707]]}},{"type":"Feature","properties":{"k":"waterway_stream"},"geometry":{"type":"LineString","coordinates":[[98.977812,18.79047],[98.977805,18.790369]]}},{"type":"Feature","properties":{"k":"waterway_stream"},"geometry":{"type":"LineString","coordinates":[[98.977915,18.791857],[98.977812,18.79047]]}},{"type":"Feature","properties":{"k":"waterway_stream"},"geometry":{"type":"LineString","coordinates":[[98.977803,18.790346],[98.977785,18.790076]]}},{"type":"Feature","properties":{"k":"waterway_stream"},"geometry":{"type":"LineString","coordinates":[[98.977805,18.790369],[98.977803,18.790346]]}},{"type":"Feature","properties":{"k":"waterway_stream"},"geometry":{"type":"LineString","coordinates":[[99.03821,18.734209],[99.038529,18.733267],[99.038547,18.733156],[99.038524,18.733085],[99.037887,18.733029],[99.03737,18.733103],[99.0371,18.732827],[99.037036,18.732596],[99.037147,18.732069],[99.037042,18.731306],[99.037224,18.730789],[99.036677,18.729536]]}},{"type":"Feature","properties":{"k":"waterway_stream"},"geometry":{"type":"LineString","coordinates":[[98.969184,18.772225],[98.969358,18.77222]]}},{"type":"Feature","properties":{"k":"waterway_stream"},"geometry":{"type":"LineString","coordinates":[[98.96875,18.772212],[98.969184,18.772225]]}},{"type":"Feature","properties":{"k":"waterway_stream"},"geometry":{"type":"LineString","coordinates":[[98.970868,18.77206],[98.971122,18.772012]]}},{"type":"Feature","properties":{"k":"waterway_stream"},"geometry":{"type":"LineString","coordinates":[[98.970667,18.772108],[98.970868,18.77206]]}},{"type":"Feature","properties":{"k":"waterway_stream"},"geometry":{"type":"LineString","coordinates":[[98.972442,18.771708],[98.973672,18.771443],[98.973722,18.771392],[98.9737,18.771313]]}},{"type":"Feature","properties":{"k":"waterway_stream"},"geometry":{"type":"LineString","coordinates":[[98.971122,18.772012],[98.972442,18.771708]]}},{"type":"Feature","properties":{"k":"waterway_stream"},"geometry":{"type":"LineString","coordinates":[[98.9737,18.771313],[98.973499,18.770994]]}},{"type":"Feature","properties":{"k":"waterway_stream"},"geometry":{"type":"LineString","coordinates":[[98.969358,18.77222],[98.970667,18.772108]]}},{"type":"Feature","properties":{"k":"waterway_stream"},"geometry":{"type":"LineString","coordinates":[[98.973499,18.770994],[98.972853,18.769599],[98.97285,18.769482],[98.97288,18.769411],[98.973008,18.769322],[98.973223,18.769104],[98.97354,18.768992],[98.97424,18.768504],[98.974545,18.768179],[98.974618,18.768136],[98.975123,18.767444],[98.975194,18.767429],[98.975577,18.767664],[98.975642,18.76766],[98.975739,18.767437],[98.975833,18.767317],[98.976184,18.766976],[98.976595,18.766709],[98.976753,18.766468],[98.977093,18.766155],[98.978877,18.765381],[98.979277,18.765076],[98.979517,18.764756]]}},{"type":"Feature","properties":{"k":"waterway_stream"},"geometry":{"type":"LineString","coordinates":[[98.98824,18.83713],[98.988361,18.836859],[98.988447,18.836488],[98.988463,18.836283],[98.988428,18.835879],[98.988327,18.835452],[98.988343,18.835204],[98.988592,18.834549],[98.989153,18.833602],[98.989306,18.833434],[98.990349,18.832574],[98.99055,18.832256],[98.990623,18.831954],[98.990509,18.83013],[98.990554,18.829869],[98.990812,18.82943],[98.992536,18.827619],[98.992767,18.827279],[98.992877,18.826999],[98.992965,18.826405],[98.993148,18.823654]]}},{"type":"Feature","properties":{"k":"waterway_stream"},"geometry":{"type":"LineString","coordinates":[[98.982045,18.842913],[98.982417,18.842672]]}},{"type":"Feature","properties":{"k":"waterway_stream"},"geometry":{"type":"LineString","coordinates":[[98.976722,18.851228],[98.976789,18.851113],[98.977533,18.850907],[98.977788,18.850871],[98.977914,18.8508],[98.978335,18.850752],[98.978958,18.850612],[98.980036,18.850658],[98.980511,18.850564],[98.980508,18.850201],[98.980433,18.849658],[98.980336,18.849277],[98.980162,18.848812],[98.979918,18.846548],[98.979902,18.846053],[98.980055,18.845215],[98.980084,18.844632],[98.980205,18.844429],[98.980553,18.844099],[98.981657,18.843272]]}},{"type":"Feature","properties":{"k":"waterway_stream"},"geometry":{"type":"LineString","coordinates":[[98.969766,18.849076],[98.969927,18.849198]]}},{"type":"Feature","properties":{"k":"waterway_stream"},"geometry":{"type":"LineString","coordinates":[[98.981657,18.843272],[98.982045,18.842913]]}},{"type":"Feature","properties":{"k":"waterway_stream"},"geometry":{"type":"LineString","coordinates":[[98.895043,18.834408],[98.896055,18.835042],[98.896907,18.835668],[98.897681,18.836654],[98.899195,18.837175],[98.899683,18.836961],[98.899941,18.836564],[98.900048,18.836009],[98.900303,18.835363],[98.900921,18.834867],[98.901506,18.834144],[98.902746,18.833057],[98.903333,18.832389],[98.904479,18.83222],[98.905791,18.832319],[98.907908,18.833065],[98.908261,18.833326],[98.910587,18.833458],[98.911404,18.833254],[98.911813,18.83332],[98.912678,18.833195],[98.913695,18.832538],[98.915507,18.832509],[98.915921,18.832692],[98.916433,18.832669],[98.917153,18.832395],[98.91765,18.832093],[98.918377,18.831526],[98.918671,18.831178],[98.918825,18.83051],[98.918677,18.82997],[98.918761,18.829486],[98.919607,18.828769],[98.920059,18.828199],[98.920627,18.827857],[98.92232,18.826965],[98.923053,18.826683],[98.923402,18.826621],[98.924162,18.826609],[98.924893,18.82653],[98.925478,18.826349],[98.926191,18.825834],[98.927651,18.825469],[98.928207,18.825053],[98.928845,18.824883],[98.929753,18.824529],[98.930901,18.82416],[98.931572,18.8241],[98.931677,18.824136],[98.931802,18.824268],[98.931935,18.82435],[98.932322,18.824434],[98.93247,18.82443],[98.932622,18.824387]]}},{"type":"Feature","properties":{"k":"waterway_stream"},"geometry":{"type":"LineString","coordinates":[[98.927435,18.76982],[98.926972,18.769152],[98.927002,18.768953]]}},{"type":"Feature","properties":{"k":"waterway_river"},"geometry":{"type":"LineString","coordinates":[[98.97575,18.835965],[98.975608,18.835988],[98.97518,18.835899],[98.974883,18.83596],[98.974476,18.835807]]}},{"type":"Feature","properties":{"k":"waterway_canal"},"geometry":{"type":"LineString","coordinates":[[98.950676,18.80529],[98.950506,18.805368]]}},{"type":"Feature","properties":{"k":"waterway_stream"},"geometry":{"type":"LineString","coordinates":[[98.944782,18.751062],[98.945286,18.751182],[98.94567,18.751327]]}},{"type":"Feature","properties":{"k":"waterway_stream"},"geometry":{"type":"LineString","coordinates":[[98.930849,18.732471],[98.930721,18.732567]]}},{"type":"Feature","properties":{"k":"waterway_stream"},"geometry":{"type":"LineString","coordinates":[[98.930721,18.732567],[98.929887,18.733117]]}},{"type":"Feature","properties":{"k":"waterway_stream"},"geometry":{"type":"LineString","coordinates":[[98.944595,18.828569],[98.944765,18.828486],[98.944979,18.828433],[98.94529,18.828398],[98.945495,18.828417],[98.945662,18.828509],[98.946107,18.828911],[98.946852,18.829085],[98.947868,18.829254],[98.948254,18.829246],[98.949205,18.828842],[98.949803,18.828888],[98.94997,18.828723],[98.950222,18.828704]]}},{"type":"Feature","properties":{"k":"waterway_stream"},"geometry":{"type":"LineString","coordinates":[[98.934057,18.815511],[98.934814,18.815044],[98.934991,18.814861],[98.935227,18.814703],[98.93572,18.81447],[98.936648,18.81417],[98.937123,18.814052],[98.937442,18.814028],[98.93784,18.813721],[98.937974,18.813556],[98.938399,18.812716],[98.938575,18.812529],[98.939424,18.812395],[98.93987,18.812394],[98.940489,18.812494],[98.940903,18.812519],[98.941105,18.812428],[98.941261,18.812088],[98.941673,18.811665],[98.942038,18.81169],[98.942157,18.811634],[98.942279,18.811481],[98.942832,18.811277],[98.942975,18.811325],[98.943112,18.811265],[98.94324,18.811256],[98.943549,18.811433],[98.943808,18.81167],[98.944224,18.811815],[98.944648,18.811875],[98.945,18.81183],[98.945531,18.811477],[98.946746,18.810964],[98.947279,18.810326]]}},{"type":"Feature","properties":{"k":"waterway_stream"},"geometry":{"type":"LineString","coordinates":[[98.917548,18.818403],[98.917793,18.818206],[98.918997,18.817805],[98.919613,18.817798],[98.919837,18.817651],[98.920199,18.817318],[98.920361,18.817277],[98.920733,18.817053],[98.921025,18.817045],[98.921141,18.817083],[98.921555,18.817097],[98.922152,18.817241],[98.922296,18.817061],[98.922912,18.81724],[98.92307,18.817368],[98.923082,18.817418],[98.923187,18.817452],[98.923385,18.8175],[98.923803,18.817477],[98.924056,18.817617],[98.924873,18.817382],[98.9257,18.817349],[98.926075,18.817367],[98.926392,18.817255],[98.927127,18.81677],[98.927706,18.816633],[98.928854,18.816166],[98.932174,18.814556],[98.933151,18.813906],[98.935168,18.812332],[98.935972,18.811641],[98.93649,18.811131],[98.937029,18.810862],[98.937418,18.810801],[98.937721,18.810819],[98.938333,18.810712],[98.938682,18.810585]]}},{"type":"Feature","properties":{"k":"waterway_stream"},"geometry":{"type":"LineString","coordinates":[[98.933262,18.831766],[98.933534,18.83196]]}},{"type":"Feature","properties":{"k":"waterway_stream"},"geometry":{"type":"LineString","coordinates":[[98.986909,18.732873],[98.987027,18.732764],[98.987055,18.732663],[98.987109,18.732426],[98.987077,18.732225]]}},{"type":"Feature","properties":{"k":"waterway_stream"},"geometry":{"type":"LineString","coordinates":[[98.943092,18.749189],[98.943154,18.748882]]}},{"type":"Feature","properties":{"k":"waterway_stream"},"geometry":{"type":"LineString","coordinates":[[98.963116,18.731651],[98.963312,18.731548],[98.96337,18.731584],[98.963525,18.731789],[98.963713,18.731748],[98.963901,18.731801],[98.964039,18.73173],[98.964098,18.731741],[98.964209,18.731833]]}},{"type":"Feature","properties":{"k":"waterway_stream"},"geometry":{"type":"LineString","coordinates":[[99.05141,18.817907],[99.051443,18.817903],[99.051569,18.817599],[99.051637,18.817327],[99.05176,18.817176],[99.052313,18.816889],[99.052666,18.816622],[99.052849,18.816424],[99.053325,18.816587]]}},{"type":"Feature","properties":{"k":"waterway_stream"},"geometry":{"type":"LineString","coordinates":[[99.051198,18.81793],[99.051305,18.817918]]}},{"type":"Feature","properties":{"k":"waterway_stream"},"geometry":{"type":"LineString","coordinates":[[99.051305,18.817918],[99.05141,18.817907]]}},{"type":"Feature","properties":{"k":"waterway_stream"},"geometry":{"type":"LineString","coordinates":[[99.040306,18.763939],[99.04055,18.764086],[99.040667,18.764258]]}},{"type":"Feature","properties":{"k":"waterway_stream"},"geometry":{"type":"LineString","coordinates":[[99.040667,18.764258],[99.040711,18.764323]]}},{"type":"Feature","properties":{"k":"waterway_canal"},"geometry":{"type":"LineString","coordinates":[[98.961022,18.809595],[98.961252,18.809452],[98.961328,18.809444],[98.961422,18.809343],[98.961384,18.809158]]}},{"type":"Feature","properties":{"k":"waterway_canal"},"geometry":{"type":"LineString","coordinates":[[98.961012,18.809603],[98.961022,18.809595]]}},{"type":"Feature","properties":{"k":"waterway_canal"},"geometry":{"type":"LineString","coordinates":[[98.960249,18.810362],[98.960433,18.810313],[98.960736,18.810049],[98.960874,18.809765],[98.960943,18.809717],[98.960949,18.809651],[98.961012,18.809603]]}},{"type":"Feature","properties":{"k":"waterway_canal"},"geometry":{"type":"LineString","coordinates":[[98.960163,18.810393],[98.960249,18.810362]]}},{"type":"Feature","properties":{"k":"waterway_canal"},"geometry":{"type":"LineString","coordinates":[[98.95633,18.817185],[98.956343,18.817037],[98.956537,18.816847],[98.956781,18.816539],[98.956968,18.816386],[98.957107,18.816192],[98.957196,18.816006]]}},{"type":"Feature","properties":{"k":"waterway_canal"},"geometry":{"type":"LineString","coordinates":[[98.957196,18.816006],[98.957235,18.815977]]}},{"type":"Feature","properties":{"k":"waterway_canal"},"geometry":{"type":"LineString","coordinates":[[98.953252,18.817293],[98.953398,18.817156],[98.953954,18.816795],[98.954206,18.816546],[98.954518,18.816511],[98.954616,18.816461],[98.954578,18.816319],[98.954625,18.816211],[98.954855,18.815952],[98.954995,18.815947],[98.954973,18.815683],[98.955328,18.815673],[98.955462,18.815622],[98.955453,18.815374],[98.95541,18.815293],[98.955184,18.815049],[98.954877,18.814871],[98.954717,18.814709],[98.954507,18.814398],[98.954188,18.814238],[98.954267,18.813962],[98.954496,18.813969],[98.954916,18.814054],[98.955188,18.814053],[98.955354,18.813855],[98.955342,18.813586],[98.955292,18.813475],[98.955328,18.813403],[98.955494,18.813251],[98.955545,18.813142],[98.955731,18.813163],[98.956005,18.813061]]}},{"type":"Feature","properties":{"k":"waterway_stream"},"geometry":{"type":"LineString","coordinates":[[99.024453,18.841262],[99.024193,18.841181],[99.024013,18.84106]]}},{"type":"Feature","properties":{"k":"waterway_stream"},"geometry":{"type":"LineString","coordinates":[[99.02456,18.841581],[99.024528,18.841408],[99.024453,18.841262]]}},{"type":"Feature","properties":{"k":"waterway_stream"},"geometry":{"type":"LineString","coordinates":[[98.911291,18.740154],[98.911381,18.740146],[98.91155,18.740189]]}},{"type":"Feature","properties":{"k":"waterway_stream"},"geometry":{"type":"LineString","coordinates":[[99.050971,18.780476],[99.050808,18.780357],[99.050685,18.780342],[99.050352,18.780431],[99.050104,18.780409],[99.049697,18.78021],[99.049203,18.780201],[99.048455,18.780357],[99.048016,18.780295]]}},{"type":"Feature","properties":{"k":"waterway_stream"},"geometry":{"type":"LineString","coordinates":[[99.047902,18.780253],[99.047598,18.780144],[99.04743,18.780644],[99.047075,18.780674],[99.046676,18.780567],[99.046466,18.780434],[99.046333,18.780394],[99.045897,18.780505]]}},{"type":"Feature","properties":{"k":"waterway_stream"},"geometry":{"type":"LineString","coordinates":[[99.048016,18.780295],[99.047902,18.780253]]}},{"type":"Feature","properties":{"k":"waterway_stream"},"geometry":{"type":"LineString","coordinates":[[99.041939,18.792135],[99.041818,18.792087],[99.041651,18.791892]]}},{"type":"Feature","properties":{"k":"waterway_stream"},"geometry":{"type":"LineString","coordinates":[[99.041616,18.791798],[99.041617,18.791703]]}},{"type":"Feature","properties":{"k":"waterway_stream"},"geometry":{"type":"LineString","coordinates":[[99.041651,18.791892],[99.041616,18.791798]]}},{"type":"Feature","properties":{"k":"waterway_stream"},"geometry":{"type":"LineString","coordinates":[[99.028385,18.744845],[99.028855,18.745763],[99.028973,18.745846],[99.029164,18.745942],[99.029576,18.746001],[99.029753,18.745942],[99.029914,18.745928],[99.030046,18.745957],[99.030083,18.746036],[99.030418,18.745948],[99.030593,18.746388]]}},{"type":"Feature","properties":{"k":"waterway_stream"},"geometry":{"type":"LineString","coordinates":[[99.029122,18.749922],[99.029246,18.74982],[99.029407,18.749619],[99.029458,18.74927],[99.02964,18.748987],[99.029869,18.748779],[99.030084,18.748436],[99.030232,18.748067],[99.030436,18.747724],[99.030501,18.747479],[99.030475,18.747228],[99.030337,18.746715],[99.030349,18.746549],[99.030593,18.746388],[99.030864,18.746268],[99.030968,18.746169],[99.031048,18.746016],[99.031229,18.745906],[99.031421,18.745918],[99.031623,18.745988],[99.032,18.745965],[99.032207,18.745896],[99.033609,18.74506],[99.033837,18.744897],[99.033917,18.744612],[99.033901,18.744441],[99.033621,18.744069],[99.03354,18.743872],[99.033495,18.743702],[99.033499,18.743528],[99.033433,18.743277],[99.033485,18.743079],[99.033242,18.742566],[99.033094,18.74233],[99.033002,18.742092],[99.032888,18.74139],[99.032924,18.741138],[99.033058,18.740724],[99.033352,18.740346]]}},{"type":"Feature","properties":{"k":"waterway_stream"},"geometry":{"type":"LineString","coordinates":[[99.0345,18.734081],[99.034542,18.734041],[99.034772,18.733967],[99.035793,18.734385],[99.035894,18.734383],[99.036715,18.733743],[99.037081,18.733634],[99.03727,18.733537],[99.037339,18.733367],[99.03737,18.733103]]}},{"type":"Feature","properties":{"k":"waterway_stream"},"geometry":{"type":"LineString","coordinates":[[99.032643,18.736536],[99.0326,18.736112],[99.032623,18.735983],[99.033066,18.735499],[99.033147,18.735112],[99.033779,18.734926],[99.034119,18.734575]]}},{"type":"Feature","properties":{"k":"waterway_stream"},"geometry":{"type":"LineString","coordinates":[[99.034119,18.734575],[99.0345,18.734081]]}},{"type":"Feature","properties":{"k":"waterway_stream"},"geometry":{"type":"LineString","coordinates":[[99.029901,18.77118],[99.030374,18.770666],[99.031046,18.770381],[99.031483,18.770335],[99.031602,18.770375],[99.031777,18.770366],[99.031903,18.770249],[99.032137,18.770257],[99.032879,18.770523],[99.03318,18.770551],[99.0335,18.770883],[99.03386,18.770781],[99.034483,18.770662]]}},{"type":"Feature","properties":{"k":"waterway_stream"},"geometry":{"type":"LineString","coordinates":[[99.036715,18.773533],[99.036586,18.773343],[99.036588,18.772959],[99.0362,18.772175],[99.036041,18.772066],[99.035966,18.771909],[99.03593,18.771745],[99.03585,18.771652],[99.035647,18.77115],[99.035567,18.771095],[99.03545,18.771095],[99.035388,18.771055],[99.035357,18.770969],[99.035289,18.770925],[99.035101,18.770902],[99.035021,18.77082],[99.034983,18.770713],[99.034812,18.770551],[99.034755,18.770436],[99.034629,18.770319],[99.034617,18.770225]]}},{"type":"Feature","properties":{"k":"waterway_stream"},"geometry":{"type":"LineString","coordinates":[[99.034603,18.770125],[99.03456,18.769796]]}},{"type":"Feature","properties":{"k":"waterway_stream"},"geometry":{"type":"LineString","coordinates":[[99.034617,18.770225],[99.034603,18.770125]]}},{"type":"Feature","properties":{"k":"waterway_stream"},"geometry":{"type":"LineString","coordinates":[[99.033291,18.773645],[99.032415,18.772539],[99.031928,18.771296],[99.029934,18.771384]]}},{"type":"Feature","properties":{"k":"waterway_stream"},"geometry":{"type":"LineString","coordinates":[[99.032102,18.77174],[99.033461,18.771238],[99.033362,18.77103],[99.0335,18.770883]]}},{"type":"Feature","properties":{"k":"waterway_stream"},"geometry":{"type":"LineString","coordinates":[[99.029938,18.758898],[99.029745,18.758391],[99.029523,18.758072],[99.029442,18.757776],[99.029456,18.757453],[99.029293,18.756785],[99.029192,18.756515],[99.029173,18.756365],[99.029249,18.756039]]}},{"type":"Feature","properties":{"k":"waterway_stream"},"geometry":{"type":"LineString","coordinates":[[99.032158,18.768894],[99.032222,18.768681],[99.032257,18.767788],[99.032181,18.767397]]}},{"type":"Feature","properties":{"k":"waterway_stream"},"geometry":{"type":"LineString","coordinates":[[99.030255,18.782733],[99.03025,18.780977],[99.030293,18.780662],[99.030413,18.78026],[99.030477,18.779744],[99.030399,18.779442],[99.030474,18.778869],[99.030371,18.778152],[99.030399,18.777034],[99.030362,18.776808],[99.030488,18.776556],[99.03053,18.776264],[99.030507,18.775867],[99.030171,18.774721],[99.030278,18.773713],[99.030301,18.773019],[99.030264,18.77274],[99.030082,18.772418],[99.029934,18.771384]]}},{"type":"Feature","properties":{"k":"waterway_stream"},"geometry":{"type":"LineString","coordinates":[[99.029934,18.771384],[99.029901,18.77118],[99.029928,18.770964],[99.029522,18.770773],[99.029605,18.770122]]}},{"type":"Feature","properties":{"k":"waterway_stream"},"geometry":{"type":"LineString","coordinates":[[99.032037,18.77025],[99.031993,18.769427],[99.032076,18.769133]]}},{"type":"Feature","properties":{"k":"waterway_stream"},"geometry":{"type":"LineString","coordinates":[[99.032139,18.768959],[99.032158,18.768894]]}},{"type":"Feature","properties":{"k":"waterway_stream"},"geometry":{"type":"LineString","coordinates":[[99.032099,18.769069],[99.032139,18.768959]]}},{"type":"Feature","properties":{"k":"waterway_stream"},"geometry":{"type":"LineString","coordinates":[[99.032076,18.769133],[99.032099,18.769069]]}},{"type":"Feature","properties":{"k":"waterway_stream"},"geometry":{"type":"LineString","coordinates":[[99.030436,18.784173],[99.03008,18.783617],[99.030151,18.78343],[99.030249,18.782844]]}},{"type":"Feature","properties":{"k":"waterway_stream"},"geometry":{"type":"LineString","coordinates":[[99.030249,18.782844],[99.030255,18.782733]]}},{"type":"Feature","properties":{"k":"waterway_stream"},"geometry":{"type":"LineString","coordinates":[[99.0308,18.784766],[99.030473,18.784233]]}},{"type":"Feature","properties":{"k":"waterway_stream"},"geometry":{"type":"LineString","coordinates":[[99.030473,18.784233],[99.030436,18.784173]]}},{"type":"Feature","properties":{"k":"waterway_stream"},"geometry":{"type":"LineString","coordinates":[[99.04859,18.843328],[99.049213,18.843806],[99.049257,18.843867],[99.049286,18.844071],[99.049336,18.844167],[99.049805,18.844392],[99.050428,18.844965],[99.050901,18.845289],[99.051115,18.845727],[99.0514,18.846049],[99.051571,18.846389],[99.051913,18.846758],[99.052194,18.846915],[99.052643,18.846995],[99.052677,18.847126],[99.052619,18.847301],[99.052551,18.847387],[99.052517,18.847573],[99.052562,18.847734],[99.052776,18.848091],[99.052889,18.848462],[99.05301,18.848525],[99.053433,18.848413],[99.053506,18.848421],[99.053676,18.848525],[99.054402,18.849226],[99.054569,18.849618],[99.054693,18.849746],[99.054837,18.849761],[99.054909,18.849721],[99.055161,18.849434],[99.055452,18.849247],[99.055595,18.849208],[99.055716,18.849229],[99.056082,18.849474],[99.056352,18.849813],[99.056639,18.849886],[99.057089,18.850305],[99.058063,18.850864],[99.058892,18.851472],[99.059242,18.851595],[99.059908,18.851902],[99.061146,18.852584],[99.061474,18.852589],[99.061603,18.852558],[99.06188,18.852372]]}},{"type":"Feature","properties":{"k":"waterway_canal"},"geometry":{"type":"LineString","coordinates":[[98.967599,18.804013],[98.967889,18.804005],[98.968088,18.804019],[98.968148,18.804051],[98.968342,18.804051],[98.968573,18.804039],[98.968795,18.803979]]}},{"type":"Feature","properties":{"k":"waterway_canal"},"geometry":{"type":"LineString","coordinates":[[98.967475,18.804026],[98.967599,18.804013]]}},{"type":"Feature","properties":{"k":"waterway_canal"},"geometry":{"type":"LineString","coordinates":[[98.959615,18.801782],[98.959844,18.801843]]}},{"type":"Feature","properties":{"k":"waterway_canal"},"geometry":{"type":"LineString","coordinates":[[99.020033,18.76154],[99.020273,18.761013]]}},{"type":"Feature","properties":{"k":"waterway_stream"},"geometry":{"type":"LineString","coordinates":[[99.007832,18.774551],[99.007828,18.774514]]}},{"type":"Feature","properties":{"k":"waterway_stream"},"geometry":{"type":"LineString","coordinates":[[99.007846,18.774689],[99.007832,18.774551]]}},{"type":"Feature","properties":{"k":"waterway_stream"},"geometry":{"type":"LineString","coordinates":[[99.007851,18.774731],[99.007846,18.774689]]}},{"type":"Feature","properties":{"k":"waterway_stream"},"geometry":{"type":"LineString","coordinates":[[99.007362,18.776534],[99.007488,18.776237],[99.007652,18.775996],[99.007666,18.775684],[99.00784,18.775276],[99.007851,18.774731]]}},{"type":"Feature","properties":{"k":"waterway_stream"},"geometry":{"type":"LineString","coordinates":[[98.94536,18.80126],[98.946186,18.801097],[98.946371,18.801136],[98.947166,18.801113],[98.948011,18.800836]]}},{"type":"Feature","properties":{"k":"waterway_canal"},"geometry":{"type":"LineString","coordinates":[[98.962159,18.806866],[98.962169,18.80681]]}},{"type":"Feature","properties":{"k":"waterway_canal"},"geometry":{"type":"LineString","coordinates":[[98.941545,18.74564],[98.941638,18.745062],[98.941645,18.744744],[98.941521,18.74438],[98.94125,18.744082],[98.933766,18.739442],[98.932864,18.738873],[98.932726,18.738758],[98.932492,18.738504],[98.932153,18.737994],[98.930947,18.735853],[98.930665,18.73549],[98.930383,18.735239],[98.930035,18.735054],[98.929557,18.734925],[98.92747,18.734656],[98.927218,18.734566],[98.927002,18.734418],[98.926776,18.734213],[98.92662,18.733983],[98.926482,18.733605],[98.926453,18.733279],[98.926427,18.728738],[98.926455,18.728258],[98.927454,18.722799],[98.92762,18.722189],[98.928418,18.720005],[98.928429,18.719649],[98.92839,18.719332],[98.927983,18.71847],[98.925379,18.71327],[98.925053,18.712571],[98.924101,18.710754],[98.92383,18.710446],[98.923685,18.710339],[98.923419,18.710205],[98.923161,18.710123],[98.921067,18.709554],[98.919151,18.708997],[98.917977,18.708698],[98.913553,18.707442]]}},{"type":"Feature","properties":{"k":"water","n":"Khlong Chonlaprathan"},"geometry":{"type":"LineString","coordinates":[[98.964819,18.839931],[98.963741,18.835426],[98.963255,18.832737],[98.963183,18.83188],[98.96382,18.828739],[98.963947,18.828415],[98.964145,18.828113],[98.965457,18.826381],[98.965558,18.826153],[98.965595,18.825891],[98.965067,18.822404],[98.964989,18.821899],[98.964875,18.821585],[98.962933,18.818289],[98.9628,18.817925],[98.962797,18.817626],[98.963343,18.812743],[98.963331,18.812317],[98.962506,18.807264],[98.962452,18.807072],[98.96232,18.806906],[98.962169,18.80681],[98.961104,18.806492],[98.960902,18.806376],[98.960714,18.806216],[98.96052,18.805965],[98.959405,18.804075],[98.959349,18.803843],[98.959365,18.803528],[98.960607,18.799586],[98.96201,18.795276],[98.962053,18.795066],[98.962051,18.794834],[98.962011,18.794622],[98.960178,18.789555],[98.958393,18.784504],[98.958314,18.78418],[98.958273,18.78369],[98.958247,18.779946],[98.958162,18.779481],[98.958038,18.779179],[98.957937,18.779011],[98.95774,18.778802],[98.957289,18.778438],[98.956973,18.778301],[98.95413,18.777585],[98.953753,18.777362],[98.953334,18.77696],[98.952126,18.775051],[98.951722,18.774304],[98.951454,18.77347],[98.950255,18.769296],[98.950033,18.768645],[98.949886,18.76841],[98.949632,18.768091],[98.948948,18.767372],[98.945105,18.763541],[98.94485,18.763252],[98.944759,18.763058],[98.944692,18.762791],[98.944571,18.761674],[98.944455,18.761217],[98.943472,18.759655],[98.94336,18.759413],[98.943295,18.759168],[98.943268,18.758689],[98.943389,18.757367],[98.943357,18.757206],[98.943296,18.757091],[98.942994,18.756801],[98.942842,18.756742],[98.94263,18.756703],[98.941488,18.756636],[98.941164,18.756478],[98.940953,18.756185],[98.940882,18.756007],[98.940893,18.755715],[98.941646,18.753378],[98.941721,18.752974],[98.941689,18.75276],[98.941568,18.752504],[98.940947,18.751491],[98.940873,18.751092],[98.940886,18.750712],[98.94148,18.746129]]}},{"type":"Feature","properties":{"k":"waterway_stream"},"geometry":{"type":"LineString","coordinates":[[98.981657,18.843272],[98.981463,18.842606]]}},{"type":"Feature","properties":{"k":"waterway_stream"},"geometry":{"type":"LineString","coordinates":[[98.981463,18.842606],[98.98137,18.842223]]}},{"type":"Feature","properties":{"k":"waterway_stream"},"geometry":{"type":"LineString","coordinates":[[98.989741,18.758534],[98.989724,18.758369],[98.989646,18.758153],[98.989221,18.757533],[98.989178,18.757431],[98.98911,18.757348],[98.988697,18.757019],[98.988187,18.756851],[98.987086,18.756642],[98.987004,18.756651],[98.986737,18.756859],[98.985978,18.757338],[98.98586,18.757374],[98.985119,18.75639]]}},{"type":"Feature","properties":{"k":"waterway_stream"},"geometry":{"type":"LineString","coordinates":[[98.94658,18.823439],[98.94685,18.823776],[98.947079,18.823821],[98.947304,18.82368]]}},{"type":"Feature","properties":{"k":"waterway_stream"},"geometry":{"type":"LineString","coordinates":[[98.947858,18.823655],[98.948324,18.823599],[98.948464,18.823199],[98.948644,18.822245],[98.948452,18.820327],[98.948479,18.820251],[98.948576,18.820154],[98.948645,18.819967],[98.949218,18.819354],[98.949807,18.81901],[98.949951,18.818818],[98.950198,18.818579],[98.950742,18.818256],[98.951651,18.818082],[98.952243,18.817887]]}},{"type":"Feature","properties":{"k":"waterway_stream"},"geometry":{"type":"LineString","coordinates":[[98.947304,18.82368],[98.947858,18.823655]]}},{"type":"Feature","properties":{"k":"waterway_stream"},"geometry":{"type":"LineString","coordinates":[[98.906262,18.769759],[98.90652,18.769739],[98.90663,18.769757],[98.907548,18.769315],[98.907987,18.769171],[98.908228,18.769161],[98.908426,18.769106],[98.908675,18.769157],[98.908805,18.769032],[98.909329,18.769007],[98.909644,18.768939],[98.909734,18.768826],[98.90913,18.767919],[98.908801,18.767641],[98.908686,18.7674],[98.908605,18.766966],[98.908604,18.766795],[98.908537,18.766609],[98.908473,18.766227],[98.908574,18.766062],[98.908664,18.765822],[98.908678,18.765194],[98.90873,18.764983],[98.908973,18.764494],[98.909135,18.764277],[98.909325,18.763883]]}},{"type":"Feature","properties":{"k":"waterway_stream"},"geometry":{"type":"LineString","coordinates":[[98.904562,18.772361],[98.904476,18.772193],[98.904478,18.772085],[98.904542,18.771992],[98.90488,18.771988],[98.905288,18.771779],[98.905381,18.771674],[98.905535,18.771627],[98.905673,18.771616],[98.90581,18.771676],[98.905946,18.771687],[98.906166,18.771651],[98.906114,18.771022],[98.905928,18.770318],[98.90598,18.770025],[98.906093,18.769824],[98.906262,18.769759]]}},{"type":"Feature","properties":{"k":"waterway_stream"},"geometry":{"type":"LineString","coordinates":[[99.05239,18.74429],[99.052638,18.7438],[99.052846,18.743166]]}},{"type":"Feature","properties":{"k":"waterway_stream"},"geometry":{"type":"LineString","coordinates":[[99.051485,18.746483],[99.051531,18.746376]]}},{"type":"Feature","properties":{"k":"waterway_stream"},"geometry":{"type":"LineString","coordinates":[[99.051531,18.746376],[99.05168,18.746028],[99.052046,18.744982]]}},{"type":"Feature","properties":{"k":"waterway_stream"},"geometry":{"type":"LineString","coordinates":[[99.052046,18.744982],[99.052087,18.744889]]}},{"type":"Feature","properties":{"k":"waterway_stream"},"geometry":{"type":"LineString","coordinates":[[99.052087,18.744889],[99.052339,18.744376]]}},{"type":"Feature","properties":{"k":"waterway_stream"},"geometry":{"type":"LineString","coordinates":[[99.052339,18.744376],[99.05239,18.74429]]}},{"type":"Feature","properties":{"k":"waterway_stream"},"geometry":{"type":"LineString","coordinates":[[99.052872,18.74307],[99.053006,18.742586]]}},{"type":"Feature","properties":{"k":"waterway_stream"},"geometry":{"type":"LineString","coordinates":[[99.052846,18.743166],[99.052872,18.74307]]}},{"type":"Feature","properties":{"k":"waterway_stream"},"geometry":{"type":"LineString","coordinates":[[98.917332,18.815976],[98.917726,18.816066]]}},{"type":"Feature","properties":{"k":"waterway_stream"},"geometry":{"type":"LineString","coordinates":[[98.948346,18.782119],[98.948444,18.782075]]}},{"type":"Feature","properties":{"k":"waterway_stream"},"geometry":{"type":"LineString","coordinates":[[98.948854,18.781901],[98.949013,18.781857]]}},{"type":"Feature","properties":{"k":"waterway_stream"},"geometry":{"type":"LineString","coordinates":[[98.948779,18.781933],[98.948854,18.781901]]}},{"type":"Feature","properties":{"k":"waterway_stream"},"geometry":{"type":"LineString","coordinates":[[98.989349,18.814181],[98.989546,18.814048],[98.989852,18.813906],[98.990003,18.813804],[98.990153,18.813642],[98.990748,18.812281],[98.990982,18.811533],[98.991049,18.811191],[98.991144,18.811033],[98.991164,18.810904],[98.991145,18.810719],[98.991182,18.810461],[98.991381,18.809983],[98.991414,18.809761],[98.991461,18.809698],[98.991913,18.809471],[98.992055,18.809312],[98.992134,18.809275],[98.992638,18.809453],[98.992899,18.809381],[98.993145,18.809398],[98.993207,18.809359],[98.993152,18.809049],[98.993109,18.808407],[98.993129,18.807903],[98.993278,18.807439],[98.993458,18.806595],[98.993822,18.805228],[98.993846,18.805011],[98.993721,18.803917]]}},{"type":"Feature","properties":{"k":"waterway_stream"},"geometry":{"type":"LineString","coordinates":[[98.984423,18.841805],[98.985094,18.841456],[98.98613,18.841004],[98.986473,18.840532],[98.986969,18.840007],[98.987133,18.839768],[98.987594,18.838591]]}},{"type":"Feature","properties":{"k":"waterway_stream"},"geometry":{"type":"LineString","coordinates":[[98.982417,18.842672],[98.98252,18.842606],[98.983335,18.842334],[98.983745,18.842157],[98.984423,18.841805]]}},{"type":"Feature","properties":{"k":"waterway_stream"},"geometry":{"type":"LineString","coordinates":[[98.987594,18.838591],[98.987814,18.838039],[98.98824,18.83713]]}}]}